resource_code,name,type,category,unit,price_avg,price_min,price_max,currency,usage_count,labor_role
0202000001,ACEITE MOTOR GASOLINERO MULTIGRADO,material,Aceites,GLN,74.99,74.99,74.99,PEN,,
0202000002,ACEITE MOTOR HELIX HX7 10W-40,material,Aceites,GLN,191.80,191.80,191.80,PEN,,
0202000003,ACEITE MOTOR HELIX ULTRA 5W-40,material,Aceites,L,88.44,88.44,88.44,PEN,,
0202000004,ACEITE MOTOR RIMULA R3X 15W-40,material,Aceites,L,27.91,27.91,27.91,PEN,,
0202000005,ACEITE MOTOR RIMULA R2 25W-50,material,Aceites,L,35.29,35.29,35.29,PEN,,
0202000006,ACEITE MOTOR RIMULA R2 25W-50,material,Aceites,L,35.29,35.29,35.29,PEN,,
0204000001,ALAMBRE NEGRO Nº 8,material,Acero Liso,KG,8.93,8.93,8.93,PEN,,
0204000002,ALAMBRE NEGRO Nº 16,material,Acero Liso,KG,9.03,9.03,9.03,PEN,,
0204000003,"CLAVOS 2 """,material,Acero Liso,KG,6.92,6.92,6.92,PEN,,
0204000004,"CLAVOS 2 1/2""",material,Acero Liso,KG,6.92,6.92,6.92,PEN,,
0204000005,"CLAVOS 3""",material,Acero Liso,KG,6.92,6.92,6.92,PEN,,
0204000006,"CLAVOS 4""",material,Acero Liso,KG,6.92,6.92,6.92,PEN,,
0204000007,"CLAVOS PARA MADERA CON CABEZA DE 2""",material,Acero Liso,KG,7.05,7.05,7.05,PEN,,
0204000008,"CLAVOS PARA MADERA CON CABEZA DE 3""",material,Acero Liso,KG,7.05,7.05,7.05,PEN,,
0204000009,"CLAVOS PARA MADERA CON CABEZA DE 4""",material,Acero Liso,KG,7.05,7.05,7.05,PEN,,
0204000010,"ACERO LISO EN VARILLAS DE 1"" X 6 m",material,Acero Liso,VAR,157.78,157.78,157.78,PEN,,
0204000011,"ACERO LISO EN VARILLAS DE 3/4"" X 6 m",material,Acero Liso,VAR,130.06,130.06,130.06,PEN,,
0204000012,"ACERO LISO EN VARILLAS DE 5/8"" X 6 m",material,Acero Liso,VAR,74.10,74.10,74.10,PEN,,
0204000013,"ACERO LISO EN VARILLAS DE 1/2"" X 6 m",material,Acero Liso,VAR,46.84,46.84,46.84,PEN,,
0204000014,"ACERO LISO EN VARILLAS DE 3/8"" X 6 m",material,Acero Liso,VAR,40.58,40.58,40.58,PEN,,
0204000015,"PERNO HEXAGONAL ROSCA CORRIENTE G-2, 1/2"" x 1/4""",material,Acero Liso,CTO,9.96,9.96,9.96,PEN,,
0204000016,"PERNO HEXAGONAL ROSCA CORRIENTE G-2, 1/2"" x 5/16""",material,Acero Liso,CTO,16.26,16.26,16.26,PEN,,
0204000017,"PERNO HEXAGONAL ROSCA CORRIENTE G-2, 1/2"" x 3/8""",material,Acero Liso,CTO,23.91,23.91,23.91,PEN,,
0204000018,"PERNO HEXAGONAL ROSCA CORRIENTE G-2, 5/8"" x 1/4""",material,Acero Liso,CTO,10.52,10.52,10.52,PEN,,
0204000019,"PERNO HEXAGONAL ROSCA CORRIENTE G-2, 5/8"" x 5/16""",material,Acero Liso,CTO,17.60,17.60,17.60,PEN,,
0204000020,"PERNO HEXAGONAL ROSCA CORRIENTE G-2, 5/8"" x 3/8""",material,Acero Liso,CTO,31.48,31.48,31.48,PEN,,
0204000021,"PERNO HEXAGONAL ROSCA CORRIENTE G-2, 3/4"" x 1/4""",material,Acero Liso,CTO,11.08,11.08,11.08,PEN,,
0204000022,"PERNO HEXAGONAL ROSCA CORRIENTE G-2, 3/4"" x 5/16""",material,Acero Liso,CTO,19.35,19.35,19.35,PEN,,
0204000023,"PERNO HEXAGONAL ROSCA CORRIENTE G-2, 3/4"" x 3/8""",material,Acero Liso,CTO,31.55,31.55,31.55,PEN,,
0204000024,"PERNO HEXAGONAL ROSCA CORRIENTE G-2, 3/4"" x 7/16""",material,Acero Liso,CTO,42.34,42.34,42.34,PEN,,
0204000025,"PERNO HEXAGONAL ROSCA CORRIENTE G-2, 3/4"" x 1/2""",material,Acero Liso,CTO,63.87,63.87,63.87,PEN,,
0204000026,"PERNO HEXAGONAL ROSCA CORRIENTE G-2, 1"" x 1/4""",material,Acero Liso,CTO,12.97,12.97,12.97,PEN,,
0204000027,"PERNO HEXAGONAL ROSCA CORRIENTE G-2, 1"" x 5/16""",material,Acero Liso,CTO,21.45,21.45,21.45,PEN,,
0204000028,"PERNO HEXAGONAL ROSCA CORRIENTE G-2, 1"" x 3/8""",material,Acero Liso,CTO,31.76,31.76,31.76,PEN,,
0204000029,"PERNO HEXAGONAL ROSCA CORRIENTE G-2, 1"" x 7/16""",material,Acero Liso,CTO,42.63,42.63,42.63,PEN,,
0204000030,"PERNO HEXAGONAL ROSCA CORRIENTE G-2, 1"" x 1/2""",material,Acero Liso,CTO,70.39,70.39,70.39,PEN,,
0204000031,"PERNO HEXAGONAL ROSCA CORRIENTE G-2, 1"" x 5/8""",material,Acero Liso,CTO,128.58,128.58,128.58,PEN,,
0204000032,"PERNO HEXAGONAL ROSCA CORRIENTE G-2, 1"" x 3/4""",material,Acero Liso,CTO,261.15,261.15,261.15,PEN,,
0204000033,"ARANDELA DE ACERO FE 1/8""",material,Acero Liso,CTO,1.82,1.82,1.82,PEN,,
0204000034,"ARANDELA DE ACERO FE 5/32""",material,Acero Liso,CTO,2.38,2.38,2.38,PEN,,
0204000035,"ARANDELA DE ACERO FE 3/16""",material,Acero Liso,CTO,3.86,3.86,3.86,PEN,,
0204000036,"ARANDELA DE ACERO FE 1/4""",material,Acero Liso,CTO,7.01,7.01,7.01,PEN,,
0204000037,"ARANDELA DE ACERO FE 5/16""",material,Acero Liso,CTO,12.90,12.90,12.90,PEN,,
0204000038,"ARANDELA DE ACERO FE 3/8""",material,Acero Liso,CTO,13.95,13.95,13.95,PEN,,
0204000039,"ARANDELA DE ACERO FE 7/16""",material,Acero Liso,CTO,20.61,20.61,20.61,PEN,,
0204000040,"ARANDELA DE ACERO FE 1/2""",material,Acero Liso,CTO,21.10,21.10,21.10,PEN,,
0204000041,"ARANDELA DE ACERO FE 9/16""",material,Acero Liso,CTO,31.27,31.27,31.27,PEN,,
0204000042,"ARANDELA DE ACERO FE 5/8""",material,Acero Liso,CTO,45.08,45.08,45.08,PEN,,
0204000043,"ARANDELA DE ACERO FE 3/4""",material,Acero Liso,CTO,60.43,60.43,60.43,PEN,,
0204000044,"ARANDELA DE ACERO FE 7/8""",material,Acero Liso,CTO,83.08,83.08,83.08,PEN,,
0204000045,"ARANDELA DE ACERO FE 1""",material,Acero Liso,CTO,85.81,85.81,85.81,PEN,,
0204000046,"TUERCA HEXAGONAL ROSCA CORRIENTE G-2, 1/8""",material,Acero Liso,CTO,1.40,1.40,1.40,PEN,,
0204000047,"TUERCA HEXAGONAL ROSCA CORRIENTE G-2, 5/32""",material,Acero Liso,CTO,2.24,2.24,2.24,PEN,,
0204000048,"TUERCA HEXAGONAL ROSCA CORRIENTE G-2, 3/16""",material,Acero Liso,CTO,3.37,3.37,3.37,PEN,,
0204000049,"TUERCA HEXAGONAL ROSCA CORRIENTE G-2, 1/4""",material,Acero Liso,CTO,5.75,5.75,5.75,PEN,,
0204000050,"TUERCA HEXAGONAL ROSCA CORRIENTE G-2, 5/16""",material,Acero Liso,CTO,8.27,8.27,8.27,PEN,,
0204000051,"TUERCA HEXAGONAL ROSCA CORRIENTE G-2, 3/8""",material,Acero Liso,CTO,12.34,12.34,12.34,PEN,,
0204000052,"TUERCA HEXAGONAL ROSCA CORRIENTE G-2, 7/16""",material,Acero Liso,CTO,23.28,23.28,23.28,PEN,,
0204000053,"TUERCA HEXAGONAL ROSCA CORRIENTE G-2, 1/2""",material,Acero Liso,CTO,28.81,28.81,28.81,PEN,,
0204000054,"TUERCA HEXAGONAL ROSCA CORRIENTE G-2, 9/16""",material,Acero Liso,CTO,55.95,55.95,55.95,PEN,,
0204000055,"TUERCA HEXAGONAL ROSCA CORRIENTE G-2, 5/8""",material,Acero Liso,CTO,64.22,64.22,64.22,PEN,,
0204000056,"TUERCA HEXAGONAL ROSCA CORRIENTE G-2, 3/4""",material,Acero Liso,CTO,94.50,94.50,94.50,PEN,,
0204000057,"TUERCA HEXAGONAL ROSCA CORRIENTE G-2, 1""",material,Acero Liso,CTO,227.36,227.36,227.36,PEN,,
0204000058,"ARANDELA PRESION FE 1/8""",material,Acero Liso,CTO,2.87,2.87,2.87,PEN,,
0204000059,"ARANDELA PRESION FE 5/32""",material,Acero Liso,CTO,2.87,2.87,2.87,PEN,,
0204000060,"ARANDELA PRESION FE 3/16""",material,Acero Liso,CTO,3.51,3.51,3.51,PEN,,
0204000061,"ARANDELA PRESION FE 1/4""",material,Acero Liso,CTO,5.05,5.05,5.05,PEN,,
0204000062,"ARANDELA PRESION FE 5/16""",material,Acero Liso,CTO,8.06,8.06,8.06,PEN,,
0204000063,"ARANDELA PRESION FE 3/8""",material,Acero Liso,CTO,11.15,11.15,11.15,PEN,,
0204000064,"ARANDELA PRESION FE 7/16""",material,Acero Liso,CTO,17.25,17.25,17.25,PEN,,
0204000065,"ARANDELA PRESION FE 1/2""",material,Acero Liso,CTO,22.86,22.86,22.86,PEN,,
0204000066,"ARANDELA PRESION FE 9/16""",material,Acero Liso,CTO,34.28,34.28,34.28,PEN,,
0204000067,"ARANDELA PRESION FE 5/8""",material,Acero Liso,CTO,48.23,48.23,48.23,PEN,,
0204000068,"ARANDELA PRESION FE 3/4""",material,Acero Liso,CTO,80.90,80.90,80.90,PEN,,
0204000069,"ARANDELA PRESION FE 7/8""",material,Acero Liso,CTO,108.81,108.81,108.81,PEN,,
0204000070,"ARANDELA PRESION FE 1""",material,Acero Liso,CTO,160.90,160.90,160.90,PEN,,
0203000001,ACERO CORRUGADO 6mm x 9m.,material,Acero Corrugado,VAR,10.33,10.33,10.33,PEN,,
0203000002,"ACERO CORRUGADO 3/8"" x 9m.",material,Acero Corrugado,VAR,28.84,28.84,28.84,PEN,,
0203000003,"ACERO CORRUGADO 1/2"" x 9m.",material,Acero Corrugado,VAR,45.20,45.20,45.20,PEN,,
0203000004,"ACERO CORRUGADO 5/8"" x 9m.",material,Acero Corrugado,VAR,79.66,79.66,79.66,PEN,,
0203000005,"ACERO CORRUGADO 3/4"" x 9m.",material,Acero Corrugado,VAR,114.46,114.46,114.46,PEN,,
0203000006,"ACERO CORRUGADO 1"" x 9m.",material,Acero Corrugado,VAR,209.60,209.60,209.60,PEN,,
0203000007,ACERO CORRUGADO fy = 4200 kg/cm2 GRADO 60,material,Acero Corrugado,TON,5769.95,5769.95,5769.95,PEN,,
0206000001,ARENA FINA,material,Agregado Fino,M3,50.25,50.25,50.25,PEN,,
0206000002,TIERRA COLORADA - PUZOLANICA,material,Agregado Fino,M3,44.98,44.98,44.98,PEN,,
0206000003,TIERRA DE CHACRA,material,Agregado Fino,M3,40.85,40.85,40.85,PEN,,
0211000001,"PIEDRA CHANCADA DE 1/2""",material,Agregado Grueso,M3,63.33,63.33,63.33,PEN,,
0211000002,"PIEDRA CHANCADA DE 3/4""",material,Agregado Grueso,M3,63.37,63.37,63.37,PEN,,
0211000003,PIEDRA DE ZANJA,material,Agregado Grueso,M3,38.60,38.60,38.60,PEN,,
0211000004,ARENA GRUESA,material,Agregado Grueso,M3,52.24,52.24,52.24,PEN,,
0211000005,"PIEDRA MEDIANA DE 6""",material,Agregado Grueso,M3,56.39,56.39,56.39,PEN,,
0211000006,"PIEDRA GRANDE DE 8""",material,Agregado Grueso,M3,62.16,62.16,62.16,PEN,,
0212000001,TW 18 AWG,material,"Cable TW, CTW, CTHW y THW",M,0.98,0.98,0.98,PEN,,
0212000002,TW 16 AWG,material,"Cable TW, CTW, CTHW y THW",M,1.27,1.27,1.27,PEN,,
0212000003,TW 14 AWG,material,"Cable TW, CTW, CTHW y THW",M,1.73,1.73,1.73,PEN,,
0212000004,TW 12 AWG,material,"Cable TW, CTW, CTHW y THW",M,2.66,2.66,2.66,PEN,,
0212000005,TW 10 AWG,material,"Cable TW, CTW, CTHW y THW",M,4.27,4.27,4.27,PEN,,
0212000006,TW 8 AWG,material,"Cable TW, CTW, CTHW y THW",M,6.52,6.52,6.52,PEN,,
0212000007,TW 1.5 mm2,material,"Cable TW, CTW, CTHW y THW",M,1.39,1.39,1.39,PEN,,
0212000008,TW 2.5 mm2,material,"Cable TW, CTW, CTHW y THW",M,2.08,2.08,2.08,PEN,,
0212000009,TW 4.0 mm2,material,"Cable TW, CTW, CTHW y THW",M,3.23,3.23,3.23,PEN,,
0212000010,TW 6.0 mm2,material,"Cable TW, CTW, CTHW y THW",M,4.79,4.79,4.79,PEN,,
0212000011,TW 10.0 mm2,material,"Cable TW, CTW, CTHW y THW",M,7.85,7.85,7.85,PEN,,
0212000012,CTW 14 AWG,material,"Cable TW, CTW, CTHW y THW",M,1.85,1.85,1.85,PEN,,
0212000013,CTW 12 AWG,material,"Cable TW, CTW, CTHW y THW",M,2.77,2.77,2.77,PEN,,
0212000014,CTW 10 AWG,material,"Cable TW, CTW, CTHW y THW",M,4.27,4.27,4.27,PEN,,
0212000015,CTW 8 AWG,material,"Cable TW, CTW, CTHW y THW",M,6.93,6.93,6.93,PEN,,
0212000016,CTW 6 AWG,material,"Cable TW, CTW, CTHW y THW",M,11.03,11.03,11.03,PEN,,
0212000017,CTW 4 AWG,material,"Cable TW, CTW, CTHW y THW",M,17.09,17.09,17.09,PEN,,
0212000018,CTW 1.5 mm2,material,"Cable TW, CTW, CTHW y THW",M,1.44,1.44,1.44,PEN,,
0212000019,CTW 2.5 mm2,material,"Cable TW, CTW, CTHW y THW",M,2.14,2.14,2.14,PEN,,
0212000020,CTW 4 mm2,material,"Cable TW, CTW, CTHW y THW",M,3.41,3.41,3.41,PEN,,
0212000021,CTW 6mm2,material,"Cable TW, CTW, CTHW y THW",M,5.02,5.02,5.02,PEN,,
0212000022,CTW 10mm2,material,"Cable TW, CTW, CTHW y THW",M,8.31,8.31,8.31,PEN,,
0212000023,THW 18 AWG,material,"Cable TW, CTW, CTHW y THW",M,1.04,1.04,1.04,PEN,,
0212000024,THW 16 AWG,material,"Cable TW, CTW, CTHW y THW",M,1.33,1.33,1.33,PEN,,
0212000025,THW 14 AWG,material,"Cable TW, CTW, CTHW y THW",M,1.85,1.85,1.85,PEN,,
0212000026,THW 12 AWG,material,"Cable TW, CTW, CTHW y THW",M,2.83,2.83,2.83,PEN,,
0212000027,THW 10 AWG,material,"Cable TW, CTW, CTHW y THW",M,4.45,4.45,4.45,PEN,,
0212000028,THW 8 AWG,material,"Cable TW, CTW, CTHW y THW",M,6.81,6.81,6.81,PEN,,
0212000029,THW 1.5 mm2,material,"Cable TW, CTW, CTHW y THW",M,1.44,1.44,1.44,PEN,,
0212000030,THW 2.5 mm2,material,"Cable TW, CTW, CTHW y THW",M,2.14,2.14,2.14,PEN,,
0212000031,THW 4.0 mm2,material,"Cable TW, CTW, CTHW y THW",M,3.29,3.29,3.29,PEN,,
0212000032,THW 6.0 mm2,material,"Cable TW, CTW, CTHW y THW",M,4.79,4.79,4.79,PEN,,
0212000033,THW 10.0 mm2,material,"Cable TW, CTW, CTHW y THW",M,7.91,7.91,7.91,PEN,,
0212000034,THW 14 AWG,material,"Cable TW, CTW, CTHW y THW",M,1.96,1.96,1.96,PEN,,
0212000035,THW 12 AWG,material,"Cable TW, CTW, CTHW y THW",M,2.89,2.89,2.89,PEN,,
0212000036,THW 10 AWG,material,"Cable TW, CTW, CTHW y THW",M,4.45,4.45,4.45,PEN,,
0212000037,THW 8 AWG,material,"Cable TW, CTW, CTHW y THW",M,7.22,7.22,7.22,PEN,,
0212000038,THW 6 AWG,material,"Cable TW, CTW, CTHW y THW",M,11.37,11.37,11.37,PEN,,
0212000039,THW 4 AWG,material,"Cable TW, CTW, CTHW y THW",M,17.49,17.49,17.49,PEN,,
0212000040,THW 2 AWG,material,"Cable TW, CTW, CTHW y THW",M,26.84,26.84,26.84,PEN,,
0212000041,THW 1/0 AWG,material,"Cable TW, CTW, CTHW y THW",M,43.58,43.58,43.58,PEN,,
0212000042,THW 2/0 AWG,material,"Cable TW, CTW, CTHW y THW",M,55.53,55.53,55.53,PEN,,
0212000043,THW 1.5 mm2,material,"Cable TW, CTW, CTHW y THW",M,1.50,1.50,1.50,PEN,,
0212000044,THW 2.5 mm2,material,"Cable TW, CTW, CTHW y THW",M,2.14,2.14,2.14,PEN,,
0212000045,THW 4.0 mm2,material,"Cable TW, CTW, CTHW y THW",M,3.41,3.41,3.41,PEN,,
0212000046,THW 6.0 mm2,material,"Cable TW, CTW, CTHW y THW",M,5.25,5.25,5.25,PEN,,
0212000047,THW 10.0 mm2,material,"Cable TW, CTW, CTHW y THW",M,8.54,8.54,8.54,PEN,,
0212000048,THW 16.0 mm2,material,"Cable TW, CTW, CTHW y THW",M,13.34,13.34,13.34,PEN,,
0212000049,THW 25.0 mm2,material,"Cable TW, CTW, CTHW y THW",M,20.78,20.78,20.78,PEN,,
0212000050,THW 35.0 mm2,material,"Cable TW, CTW, CTHW y THW",M,29.67,29.67,29.67,PEN,,
0212000051,THW 50.0 mm2,material,"Cable TW, CTW, CTHW y THW",M,40.58,40.58,40.58,PEN,,
0212000052,THW 70.0 mm2,material,"Cable TW, CTW, CTHW y THW",M,55.53,55.53,55.53,PEN,,
0212000053,TWT 2*16 AWG BIPLASTO,material,"Cable TW, CTW, CTHW y THW",M,2.66,2.66,2.66,PEN,,
0212000054,TWT 2*14 AWG BIPLASTO,material,"Cable TW, CTW, CTHW y THW",M,3.87,3.87,3.87,PEN,,
0212000055,TWT 2*12 AWG BIPLASTO,material,"Cable TW, CTW, CTHW y THW",M,5.83,5.83,5.83,PEN,,
0212000056,TWT 2*10 AWG BIPLASTO,material,"Cable TW, CTW, CTHW y THW",M,9.24,9.24,9.24,PEN,,
0212000057,TWT 3*16 AWG BIPLASTO,material,"Cable TW, CTW, CTHW y THW",M,3.98,3.98,3.98,PEN,,
0212000058,TWT 3*14 AWG BIPLASTO,material,"Cable TW, CTW, CTHW y THW",M,5.83,5.83,5.83,PEN,,
0212000059,TWT 3*12 AWG BIPLASTO,material,"Cable TW, CTW, CTHW y THW",M,8.77,8.77,8.77,PEN,,
0212000060,TWT 3*10 AWG BIPLASTO,material,"Cable TW, CTW, CTHW y THW",M,14.14,14.14,14.14,PEN,,
0212000061,NLT (SVT-O) 2*18 AWG,material,"Cable TW, CTW, CTHW y THW",M,2.66,2.66,2.66,PEN,,
0212000062,NLT (SVT-O) 2*16 AWG,material,"Cable TW, CTW, CTHW y THW",M,3.75,3.75,3.75,PEN,,
0212000063,NLT (SVT-O) 2*14 AWG,material,"Cable TW, CTW, CTHW y THW",M,5.54,5.54,5.54,PEN,,
0212000064,NLT (SVT-O) 3*18 AWG,material,"Cable TW, CTW, CTHW y THW",M,3.64,3.64,3.64,PEN,,
0212000065,NLT (SVT-O) 3*16 AWG,material,"Cable TW, CTW, CTHW y THW",M,5.08,5.08,5.08,PEN,,
0212000066,NLT (SVT-O) 3*14 AWG,material,"Cable TW, CTW, CTHW y THW",M,7.74,7.74,7.74,PEN,,
0212000067,ALAMBRE ATI (XPT) 2x22 AWG,material,"Cable TW, CTW, CTHW y THW",M,1.04,1.04,1.04,PEN,,
0212000068,ALAMBRE ATI (XPT) 4x22 AWG,material,"Cable TW, CTW, CTHW y THW",M,1.67,1.67,1.67,PEN,,
0212000069,ALAMBRE ATI (XPT) 2x24 AWG,material,"Cable TW, CTW, CTHW y THW",M,0.75,0.75,0.75,PEN,,
0212000070,ALAMBRE ATI (XPT) 4x24 AWG,material,"Cable TW, CTW, CTHW y THW",M,1.27,1.27,1.27,PEN,,
0212000071,CABLE WS 6 AWG,material,"Cable TW, CTW, CTHW y THW",M,14.43,14.43,14.43,PEN,,
0212000072,CABLE WS 4 AWG,material,"Cable TW, CTW, CTHW y THW",M,21.47,21.47,21.47,PEN,,
0212000073,CABLE WS 2 AWG,material,"Cable TW, CTW, CTHW y THW",M,33.14,33.14,33.14,PEN,,
0212000074,CABLE WS 1/0 AWG,material,"Cable TW, CTW, CTHW y THW",M,56.05,56.05,56.05,PEN,,
0212000075,CABLE WS 2/0 AWG,material,"Cable TW, CTW, CTHW y THW",M,65.06,65.06,65.06,PEN,,
0212000076,CABLE CPT 16 AWG,material,"Cable TW, CTW, CTHW y THW",M,1.39,1.39,1.39,PEN,,
0212000077,CABLE CPT 14 AWG,material,"Cable TW, CTW, CTHW y THW",M,2.02,2.02,2.02,PEN,,
0212000078,CABLE CPT 12 AWG,material,"Cable TW, CTW, CTHW y THW",M,3.12,3.12,3.12,PEN,,
0212000079,CABLE CPT 10 AWG,material,"Cable TW, CTW, CTHW y THW",M,4.68,4.68,4.68,PEN,,
0212000080,CABLE CPT 8 AWG,material,"Cable TW, CTW, CTHW y THW",M,7.74,7.74,7.74,PEN,,
0212000081,CABLE CPT 6 AWG,material,"Cable TW, CTW, CTHW y THW",M,12.18,12.18,12.18,PEN,,
0212000082,CABLE CPT 4 AWG,material,"Cable TW, CTW, CTHW y THW",M,18.47,18.47,18.47,PEN,,
0212000083,CABLE CPT 2 AWG,material,"Cable TW, CTW, CTHW y THW",M,28.75,28.75,28.75,PEN,,
0212000084,CABLE CPT 1/0 AWG,material,"Cable TW, CTW, CTHW y THW",M,46.36,46.36,46.36,PEN,,
0212000085,CABLE CPT 2/0 AWG,material,"Cable TW, CTW, CTHW y THW",M,57.38,57.38,57.38,PEN,,
0212000086,CABLE CPT 4/0 AWG,material,"Cable TW, CTW, CTHW y THW",M,87.80,87.80,87.80,PEN,,
0213000001,"ALCANTARILLA TMC 18"" DE DIAMETRO e=1.80 mm",material,Alcantarilla Metálica,M,264.59,264.59,264.59,PEN,,
0213000002,"ALCANTARILLA TMC 24"" DE DIAMETRO e=1.80 mm",material,Alcantarilla Metálica,M,302.28,302.28,302.28,PEN,,
0213000003,"ALCANTARILLA TMC 36"" DE DIAMETRO e=2.00 mm",material,Alcantarilla Metálica,M,463.27,463.27,463.27,PEN,,
0213000004,"ALCANTARILLA TMC 48"" DE DIAMETRO e=2.50 mm",material,Alcantarilla Metálica,M,725.97,725.97,725.97,PEN,,
0213000005,"ALCANTARILLA TMC 60"" DE DIAMETRO e= 3.00 mm",material,Alcantarilla Metálica,M,1066.36,1066.36,1066.36,PEN,,
0213000006,"ALCANTARILLA TMC 72"" DE DIAMETRO e=3.30 mm",material,Alcantarilla Metálica,M,1416.91,1416.91,1416.91,PEN,,
0213000007,"ALCANTARILLA TMC 72"" DE DIAMETRO e=3.50 mm",material,Alcantarilla Metálica,M,1495.15,1495.15,1495.15,PEN,,
0214000001,INODORO ARUBA BLANCO,material,Aparatos Sanitarios,PZA,252.33,252.33,252.33,PEN,,
0214000002,INODORO ARUBA BONE,material,Aparatos Sanitarios,PZA,274.83,274.83,274.83,PEN,,
0214000003,INODORO NUEVO CANCUN RUBI,material,Aparatos Sanitarios,PZA,335.25,335.25,335.25,PEN,,
0214000004,INODORO NUEVO CANCUN BLANCO,material,Aparatos Sanitarios,PZA,164.38,164.38,164.38,PEN,,
0214000005,LAVATORIO ARUBA BLANCO,material,Aparatos Sanitarios,PZA,48.47,48.47,48.47,PEN,,
0214000006,LAVATORIO ARUBA BONE,material,Aparatos Sanitarios,PZA,52.64,52.64,52.64,PEN,,
0214000007,LAVATORIO ARUBA RUBI,material,Aparatos Sanitarios,PZA,58.19,58.19,58.19,PEN,,
0214000008,LAVATORIO OVALIN BLANCO P/EMPOTRAR,material,Aparatos Sanitarios,PZA,110.96,110.96,110.96,PEN,,
0214000009,LAVATORIO OVALIN BONE P/EMPOTRAR,material,Aparatos Sanitarios,PZA,122.07,122.07,122.07,PEN,,
0214000010,LAVATORIO OVALIN BLANCO P/SOBREPONER,material,Aparatos Sanitarios,PZA,124.85,124.85,124.85,PEN,,
0214000011,LAVATORIO OVALIN BONE P/SOBREPONER,material,Aparatos Sanitarios,PZA,136.52,136.52,136.52,PEN,,
0214000012,PEDESTAL VILLARTA BLANCO,material,Aparatos Sanitarios,PZA,52.36,52.36,52.36,PEN,,
0214000013,PEDESTAL VILLARTA BONE,material,Aparatos Sanitarios,PZA,55.40,55.40,55.40,PEN,,
0214000014,PEDESTAL VILLARTA AZUL,material,Aparatos Sanitarios,PZA,60.27,60.27,60.27,PEN,,
0214000015,"JGO DE ACCESORIOS DE LOZA BLANCO (Papelera, Jabonera, Perchero y Toallero)",material,Aparatos Sanitarios,PZA,58.19,58.19,58.19,PEN,,
0214000016,"JGO DE ACCESORIOS DE LOZA BONE (Papelera, Jabonera, Perchero y Toallero)",material,Aparatos Sanitarios,PZA,60.96,60.96,60.96,PEN,,
0214000017,"JGO DE ACCESORIOS DE LOZA RUBI (Papelera, Jabonera, Perchero y Toallero)",material,Aparatos Sanitarios,PZA,66.52,66.52,66.52,PEN,,
0214000018,PAR DE UÑAS GALVANIZADAS PARA LAVOTORIO,material,Aparatos Sanitarios,PZA,5.42,5.42,5.42,PEN,,
0214000019,ANILLO DE REBOSE PARA LAVATORIO,material,Aparatos Sanitarios,PZA,5.42,5.42,5.42,PEN,,
0214000020,PAR DE PERNOS DE ANCLAJE DE ACERO INOX. PARA INODORO,material,Aparatos Sanitarios,PZA,5.42,5.42,5.42,PEN,,
0214000021,EMPAQUE DE DESCARGA DE URINARIO,material,Aparatos Sanitarios,PZA,9.59,9.59,9.59,PEN,,
0214000022,ASIENTO CAMCUN BLANCO (Material y Bisagras),material,Aparatos Sanitarios,PZA,29.02,29.02,29.02,PEN,,
0214000023,ASIENTO CAMCUN BONE (Material y Bisagras),material,Aparatos Sanitarios,PZA,30.41,30.41,30.41,PEN,,
0214000024,ASIENTO CAMCUN RUBI (Material y Bisagras),material,Aparatos Sanitarios,PZA,31.81,31.81,31.81,PEN,,
0214000025,ASIENTO NUEVO CAMCUN BLANCO (Material y Bisagras),material,Aparatos Sanitarios,PZA,29.02,29.02,29.02,PEN,,
0214000026,ASIENTO NUEVO CAMCUN BONE (Material y Bisagras),material,Aparatos Sanitarios,PZA,30.41,30.41,30.41,PEN,,
0214000027,ASIENTO NUEVO CAMCUN RUBI (Material y Bisagras),material,Aparatos Sanitarios,PZA,31.81,31.81,31.81,PEN,,
0214000028,ASIENTO IPANEMA BLANCO (Material y Bisagras),material,Aparatos Sanitarios,PZA,31.81,31.81,31.81,PEN,,
0214000029,ASIENTO IPANEMA BONE (Material y Bisagras),material,Aparatos Sanitarios,PZA,33.18,33.18,33.18,PEN,,
0214000030,ASIENTO VALLARTA BLANCO (Material y Bisagras),material,Aparatos Sanitarios,PZA,33.18,33.18,33.18,PEN,,
0214000031,ASIENTO VALLARTA BONE (Material y Bisagras),material,Aparatos Sanitarios,PZA,35.97,35.97,35.97,PEN,,
0214000032,ASIENTO VALLARTA RUBI (Material y Bisagras),material,Aparatos Sanitarios,PZA,44.29,44.29,44.29,PEN,,
0214000033,ASIENTO COZUMEL BLANCO (Material y Bisagras),material,Aparatos Sanitarios,PZA,49.85,49.85,49.85,PEN,,
0214000034,ASIENTO COZUMEL BONE (Material y Bisagras),material,Aparatos Sanitarios,PZA,49.85,49.85,49.85,PEN,,
0214000035,LLAVE DE LAVATORIO LINEA COLAN C/AEREADOR CROMADA,material,Aparatos Sanitarios,PZA,30.41,30.41,30.41,PEN,,
0214000036,LLADE DE LAVATORIO LIVIANA LINEA BAVARO CROMADA,material,Aparatos Sanitarios,PZA,72.07,72.07,72.07,PEN,,
0214000037,LLADE DE LAVATORIO LIVIANA LINEA PUNTA SAL CROMADA,material,Aparatos Sanitarios,PZA,39.44,39.44,39.44,PEN,,
0214000038,LLADE DE LAVATORIO LINEA BAVARO CROMADA,material,Aparatos Sanitarios,PZA,40.13,40.13,40.13,PEN,,
0214000039,LLADE DE LAVATORIO LINEA PUNTA SAL CROMADA,material,Aparatos Sanitarios,PZA,47.77,47.77,47.77,PEN,,
0214000040,"MEZCLADORA DE 4"" PARA LAVATORIO LINEA COLAN CROMADA",material,Aparatos Sanitarios,PZA,48.47,48.47,48.47,PEN,,
0214000041,"MEZCLADORA DE 4"" PARA LAVATORIO LINEA BAVARO CROMADA",material,Aparatos Sanitarios,PZA,87.36,87.36,87.36,PEN,,
0214000042,"MEZCLADORA DE 4"" PARA LAVATORIO LINEA PUNTA SAL CROMADA",material,Aparatos Sanitarios,PZA,88.74,88.74,88.74,PEN,,
0214000043,LLAVE DE DUCHA LINEA COLAN CROMADA,material,Aparatos Sanitarios,PZA,30.41,30.41,30.41,PEN,,
0214000044,LLAVE DE DUCHA LINEA PUNTA SAL CROMADA,material,Aparatos Sanitarios,PZA,56.80,56.80,56.80,PEN,,
0214000045,LLAVE DE DUCHA CON SALIDA LINEA BAVARO CROMADA,material,Aparatos Sanitarios,PZA,47.49,47.49,47.49,PEN,,
0214000046,LLAVE DE DUCHA CON SALIDA LINEA PUNTA SAL CROMADA,material,Aparatos Sanitarios,PZA,48.47,48.47,48.47,PEN,,
0214000047,MEZCLADORA DE DUCHA 2 LLAVES LINEA COLAN CROMADA (Con salida de ducha),material,Aparatos Sanitarios,PZA,144.29,144.29,144.29,PEN,,
0214000048,MEZCLADORA DE DUCHA TINA 3 LLAVES CON SALIDA DE DCUHA OMEGA LINEA COLAN CROMADA,material,Aparatos Sanitarios,PZA,267.88,267.88,267.88,PEN,,
0214000049,MEZCLADORA DE DUCHA 2 LLAVES LINEA ARUBA CROMADA (Con salida de ducha tecno),material,Aparatos Sanitarios,PZA,152.63,152.63,152.63,PEN,,
0214000050,MEZCLADORA DE DUCHA TINA 3 LLAVES LINEA ARUBA CROMADA (Con salida de ducha tecno),material,Aparatos Sanitarios,PZA,154.01,154.01,154.01,PEN,,
0214000051,MEZCLADORA DE DUCHA 2 LLAVES CON SALIDA DE DUCHA OMEGA LINEA BORA BORA CROMADA,material,Aparatos Sanitarios,PZA,395.65,395.65,395.65,PEN,,
0214000052,MEZCLADORA DE DUCHA 2 LLAVES CON SALIDA DE DUCHA TECNO LINEA BORA BORA CROMADA,material,Aparatos Sanitarios,PZA,410.92,410.92,410.92,PEN,,
0214000053,LLAVE DE LAVATORIO PESADA LINEA BUZIOS CROMADA,material,Aparatos Sanitarios,PZA,105.40,105.40,105.40,PEN,,
0214000054,LLAVE DE LAVATORIO BAJA MINIMALISTA LINEA BUZIOS CROMADA,material,Aparatos Sanitarios,PZA,209.53,209.53,209.53,PEN,,
0214000055,LLAVE DE LAVATORIO ALTA MINIMALISTA LINEA BUZIOS CROMADA,material,Aparatos Sanitarios,PZA,247.05,247.05,247.05,PEN,,
0214000056,LLAVE DE LAVATORIO A LA PARED MINIMALISTA LINEA BUZIOS CROMADA,material,Aparatos Sanitarios,PZA,209.56,209.56,209.56,PEN,,
0214000057,LLAVE DE LAVATORIO PESADA LINEA BUZIOS LEVER CROMADA,material,Aparatos Sanitarios,PZA,112.35,112.35,112.35,PEN,,
0214000058,LLAVE DE LAVATORIO BAJA MINIMALISTA LINEA BUZIOS LEVER CROMADA,material,Aparatos Sanitarios,PZA,224.83,224.83,224.83,PEN,,
0214000059,LLAVE DE LAVATORIO ALTA MINIMALISTA LINEA BUZIOS LEVER CROMADA,material,Aparatos Sanitarios,PZA,292.89,292.89,292.89,PEN,,
0214000060,LLAVE DE LAVATORIO A LA PARED MINIMALISTA LINEA BUZIOS LEVER CROMADA,material,Aparatos Sanitarios,PZA,222.06,222.06,222.06,PEN,,
0214000061,LLAVE DE LAVATORIO BAJA MINIMALISTA LIVIANA LINEA CARTAGENA CROMADA,material,Aparatos Sanitarios,PZA,167.90,167.90,167.90,PEN,,
0214000062,LLAVE DE LAVATORIO ALTA MINIMALISTA LIVIANA LINEA CARTAGENA CROMADA,material,Aparatos Sanitarios,PZA,319.27,319.27,319.27,PEN,,
0214000063,LLAVE DE LAVATORIO A LA PARED MINIMALISTA LINEA CARTAGENA CROMADA,material,Aparatos Sanitarios,PZA,234.57,234.57,234.57,PEN,,
0214000064,"MEZCLADORA DE 4"" PARA LAVATORIO LINEA BUZIOS, CROMADA",material,Aparatos Sanitarios,PZA,194.29,194.29,194.29,PEN,,
0214000065,"MEZCLADORA DE 4"" PARA LAVATORIO LINEA BUZIOS, BRONCE",material,Aparatos Sanitarios,PZA,284.55,284.55,284.55,PEN,,
0214000066,"MEZCLADORA DE 8"" PARA LAVATORIO LINEA BUZIOS, MINIMALISTA",material,Aparatos Sanitarios,PZA,408.15,408.15,408.15,PEN,,
0214000067,"MEZCLADORA DE 8"" PARA LAVATORIO A LA PARED LINEA BUZIOS, MINIMALISTA CROMADA",material,Aparatos Sanitarios,PZA,319.27,319.27,319.27,PEN,,
0214000068,MEZCLADORA PARA BIDET 3 LLAVES LINEA BUZIOS CROMADA,material,Aparatos Sanitarios,PZA,408.15,408.15,408.15,PEN,,
0214000069,"MEZCLADORA DE 4"" PARA LAVATORIO LINEA BUZIOS LEVER, CROMADA",material,Aparatos Sanitarios,PZA,324.83,324.83,324.83,PEN,,
0214000070,"MEZCLADORA DE 8"" PARA LAVATORIO LINEA BUZIOS LEVER, BRONCE",material,Aparatos Sanitarios,PZA,451.20,451.20,451.20,PEN,,
0214000071,"MEZCLADORA DE 8"" PARA LAVATORIO A LA PARED LINEA BUZIOS LEVER, MINIMALISTA CROMADA",material,Aparatos Sanitarios,PZA,351.21,351.21,351.21,PEN,,
0214000072,MEZCLADORA PARA BIDET 3 LLAVES LINEA BUZIOS LEVER CROMADA,material,Aparatos Sanitarios,PZA,444.26,444.26,444.26,PEN,,
0214000073,"MEZCLADORA DE 4"" PARA LAVATORIO LINEA VARADERO, BRONCE",material,Aparatos Sanitarios,PZA,254.00,254.00,254.00,PEN,,
0214000074,"MEZCLADORA DE 8"" PARA LAVATORIO LINEA VARADERO C/PICO TUBULAR CROMADA",material,Aparatos Sanitarios,PZA,472.03,472.03,472.03,PEN,,
0214000075,"MEZCLADORA DE 8"" PARA LAVATORIO A LA PARED LINEA VARADERO C/PICO TUBULAR CROMADA",material,Aparatos Sanitarios,PZA,370.66,370.66,370.66,PEN,,
0214000076,"GRIFO LAVADERO ESTÁNDAR DE 1/2"" LINEA BRONCE (Manija T, Bronce Pulido)",material,Aparatos Sanitarios,PZA,35.97,35.97,35.97,PEN,,
0214000077,"GRIFO LAVADERO ESTÁNDAR DE 1/2"" LINEA BRONCE (Manija T, Cromo Pulido)",material,Aparatos Sanitarios,PZA,35.97,35.97,35.97,PEN,,
0214000078,"GRIFO JARDIN ESTÁNDAR DE 1/2"" LINEA BRONCE (Manija T, Bronce Pulido)",material,Aparatos Sanitarios,PZA,22.07,22.07,22.07,PEN,,
0214000079,"GRIFO JARDIN ESTÁNDAR DE 1/2"" LINEA BRONCE (Manija T, Cromo Pulido)",material,Aparatos Sanitarios,PZA,41.53,41.53,41.53,PEN,,
0214000080,"GRIFO PARA LAVADERO DE 1/2"" LINEA BRONCE GRANALLADO",material,Aparatos Sanitarios,PZA,20.70,20.70,20.70,PEN,,
0214000081,"GRIFO LAVADERO PESADO DE 1/2"" LINEA BRONCE (Manija T, Bronce Pulido)",material,Aparatos Sanitarios,PZA,42.92,42.92,42.92,PEN,,
0214000082,"GRIFO LAVADERO PESADO DE 1/2"" LINEA BRONCE (Manija T, Cromo Pulido)",material,Aparatos Sanitarios,PZA,48.47,48.47,48.47,PEN,,
0214000083,"GRIFO JARDIN PESADO DE 1/2"" LINEA BRONCE (Manija T, Bronce Pulido)",material,Aparatos Sanitarios,PZA,42.92,42.92,42.92,PEN,,
0214000084,"GRIFO JARDIN PESADO DE 1/2"" LINEA BRONCE (Manija T, Cromo Pulido)",material,Aparatos Sanitarios,PZA,51.24,51.24,51.24,PEN,,
0214000085,"LLAVE DE DUCHA DE 1/2"" LINEA BRONCE (Manija Cruz Cromada)",material,Aparatos Sanitarios,PZA,21.14,21.14,21.14,PEN,,
0214000086,SALIDA DE DUCHA CON BRAZO Y CANOPLA (Tecno),material,Aparatos Sanitarios,PZA,79.02,79.02,79.02,PEN,,
0214000087,SALIDA DE DUCHA CON BRAZO Y CANOPLA (Omega),material,Aparatos Sanitarios,PZA,27.53,27.53,27.53,PEN,,
0214000088,SALIDA DE DUCHA CON BRAZO Y CANOPLA (Española),material,Aparatos Sanitarios,PZA,158.19,158.19,158.19,PEN,,
0214000089,SALIDA DE DUCHA CON BRAZO Y CANOPLA (Buzios),material,Aparatos Sanitarios,PZA,99.85,99.85,99.85,PEN,,
0214000090,PICOS DE TINA (Simple),material,Aparatos Sanitarios,PZA,44.29,44.29,44.29,PEN,,
0214000091,PICOS DE TINA (Desviador),material,Aparatos Sanitarios,PZA,51.24,51.24,51.24,PEN,,
0214000092,"DESAGUES DE 1 1/4"" PARA LAVATORIO EN ABS, TIPO SUMIDERO EN ACERO INOXIDABLE",material,Aparatos Sanitarios,PZA,13.75,13.75,13.75,PEN,,
0214000093,"DESAGUES AUTOMATICOS PARA LAVATORIO EN ABS EN ACERO INOXIDABLE, CROMADO",material,Aparatos Sanitarios,PZA,40.13,40.13,40.13,PEN,,
0214000094,"DESAGUES AUTOMATICOS PARA LAVATORIO EN ABS EN ACERO INOXIDABLE, BLANCO",material,Aparatos Sanitarios,PZA,24.86,24.86,24.86,PEN,,
0214000095,DESAGUES UNIVERSAL PARA LAVATORIO EN ABS CROMADO CON TAPON,material,Aparatos Sanitarios,PZA,31.81,31.81,31.81,PEN,,
0214000096,"TRAMPA ""P"" DE 1 1/4"" BLANCO (Polipropileno con Adaptador de Pvc de 2"")",material,Aparatos Sanitarios,PZA,12.36,12.36,12.36,PEN,,
0215000001,ASTRO 70W VS E27 C/F,material,Artefacto Alumbrado Exterior,UND,424.64,424.64,424.64,PEN,,
0215000002,ASTRO 70W VS E27 S/F,material,Artefacto Alumbrado Exterior,UND,1285.94,1285.94,1285.94,PEN,,
0215000003,ASTRO 150W VS E40 C/F,material,Artefacto Alumbrado Exterior,UND,476.72,476.72,476.72,PEN,,
0215000004,ASTRO 150W VS E40 S/F,material,Artefacto Alumbrado Exterior,UND,468.71,468.71,468.71,PEN,,
0215000005,ASTRO 50W VS E40 C/F,material,Artefacto Alumbrado Exterior,UND,428.65,428.65,428.65,PEN,,
0215000006,ASTRO 50W VS E40 S/F,material,Artefacto Alumbrado Exterior,UND,1289.94,1289.94,1289.94,PEN,,
0215000007,NOVA 70W VS E27 EM GRIS S/F,material,Artefacto Alumbrado Exterior,UND,1067.57,1067.57,1067.57,PEN,,
0215000008,NOVA 70W VS E27 EM GRIS C/F,material,Artefacto Alumbrado Exterior,UND,811.11,811.11,811.11,PEN,,
0215000009,NOVA 50W VS E27 EM GRIS S/F,material,Artefacto Alumbrado Exterior,UND,1067.57,1067.57,1067.57,PEN,,
0215000010,NOVA 50W VS E27 EM GRIS C/F,material,Artefacto Alumbrado Exterior,UND,817.08,817.08,817.08,PEN,,
0215000011,MILENIUM IV 250W HM E40 EM PS TI S/F,material,Artefacto Alumbrado Exterior,UND,1353.84,1353.84,1353.84,PEN,,
0215000012,MILENIUM IV 250W VS E40 EM TI C/F,material,Artefacto Alumbrado Exterior,UND,1246.49,1246.49,1246.49,PEN,,
0215000013,MILENIUM SR 150W VS E40 EM PS GRIS S/F,material,Artefacto Alumbrado Exterior,UND,990.03,990.03,990.03,PEN,,
0215000014,MILENIUM SR 150W VS E40 EM PS GRIS C/F,material,Artefacto Alumbrado Exterior,UND,1091.42,1091.42,1091.42,PEN,,
0215000015,MILENIUM SR 150W HM G12 EM PS GRIS S/F,material,Artefacto Alumbrado Exterior,UND,1210.71,1210.71,1210.71,PEN,,
0215000016,MILENIUM 400W VS E40 EM PS GRIS C/F,material,Artefacto Alumbrado Exterior,UND,6047.56,6047.56,6047.56,PEN,,
0215000017,SDL ALPHA SPOT A 2X18W TC-DEL G24Q-2 EE blmt,material,Artefacto Alumbrado Exterior,UND,272.29,272.29,272.29,PEN,,
0215000018,SDL ALPHA SPOT A 2X26W TC-DEL G24Q-3 EE blmt,material,Artefacto Alumbrado Exterior,UND,276.29,276.29,276.29,PEN,,
0215000019,PROYECTOR RL-40 1X250W VS E40 EM NG,material,Artefacto Alumbrado Exterior,UND,1333.42,1333.42,1333.42,PEN,,
0215000020,PROYECTOR RL-40 1X250W HM E40 EM PR NG,material,Artefacto Alumbrado Exterior,UND,1401.49,1401.49,1401.49,PEN,,
0215000021,PROYECTOR RL-40 1X400W VS E40 EM NG,material,Artefacto Alumbrado Exterior,UND,1665.77,1665.77,1665.77,PEN,,
0215000022,PROYECTOR RL-40 1X400W HM E40 EM PR NG,material,Artefacto Alumbrado Exterior,UND,1673.78,1673.78,1673.78,PEN,,
0215000023,PROYECTOR RL-70 2X400W HM E40 S/EQ TI,material,Artefacto Alumbrado Exterior,UND,2358.51,2358.51,2358.51,PEN,,
0215000024,PROYECTOR RL-70 1X400W HM E40 S/EQ TI,material,Artefacto Alumbrado Exterior,UND,2462.62,2462.62,2462.62,PEN,,
0215000025,PROYECTOR ZORUS 1X400-250W HM -VS E40 S/EQ TI SIM,material,Artefacto Alumbrado Exterior,UND,556.59,556.59,556.59,PEN,,
0215000026,PROYECTOR ZORUS 1X400-250W HM -VS E40 S/EQ TI ASIM,material,Artefacto Alumbrado Exterior,UND,524.56,524.56,524.56,PEN,,
0216000001,BE A 1x36W T8 G13 EE BL,material,Artefactos Alumbrado Interior,UND,80.81,80.81,80.81,PEN,,
0216000002,BE A 2x36W T8 G13 EE BL,material,Artefactos Alumbrado Interior,UND,125.70,125.70,125.70,PEN,,
0216000003,BE A 1x28W T5 G5 EE BL,material,Artefactos Alumbrado Interior,UND,95.77,95.77,95.77,PEN,,
0216000004,BE A 3x36W T5 G5 EE BL,material,Artefactos Alumbrado Interior,UND,197.53,197.53,197.53,PEN,,
0216000005,BE A 2x28W T5 G5 EE BL 02 P/2 PANTALLAS,material,Artefactos Alumbrado Interior,UND,134.68,134.68,134.68,PEN,,
0216000006,BE A 1x14W T5 G5 EE BL,material,Artefactos Alumbrado Interior,UND,101.76,101.76,101.76,PEN,,
0216000007,BE A 2x14W T5 G5 EE BL 02 P/2 PANTALLAS,material,Artefactos Alumbrado Interior,UND,140.66,140.66,140.66,PEN,,
0216000008,BE A 2x36W T8 G13 EE BL 02 P/2 PANTALLAS,material,Artefactos Alumbrado Interior,UND,140.66,140.66,140.66,PEN,,
0216000009,BE A 2x28W T5 G5 EE BL,material,Artefactos Alumbrado Interior,UND,113.73,113.73,113.73,PEN,,
0216000010,METAL SPOT E 1x150W HM RX7 s-24 EM BL MT,material,Artefactos Alumbrado Interior,UND,341.18,341.18,341.18,PEN,,
0216000011,METAL SPOT E 1x700W HM RX7 s-24 EM BL MT,material,Artefactos Alumbrado Interior,UND,293.30,293.30,293.30,PEN,,
0216000012,METAL SPOT E 1x150W HM RX7 s-24 EM BL MT,material,Artefactos Alumbrado Interior,UND,356.15,356.15,356.15,PEN,,
0216000013,SDL ULTRA FAC E 1x150W HM RX7 s-24 EM BL MT,material,Artefactos Alumbrado Interior,UND,356.15,356.15,356.15,PEN,,
0216000014,SDL ULTRA FAC E 1x150W HM RX7 s-24 EM BL MT,material,Artefactos Alumbrado Interior,UND,419.00,419.00,419.00,PEN,,
0216000015,SDL ULTRA FAC E 1x70W HM RX7 EM BL MT,material,Artefactos Alumbrado Interior,UND,338.19,338.19,338.19,PEN,,
0216000016,SDL ULTRA FAC E 1x70W HM RX7 EM BL MT,material,Artefactos Alumbrado Interior,UND,353.16,353.16,353.16,PEN,,
0216000017,SDL ULTRA FAC E 2x18W TC HM RX7 s-24 EM BL MT,material,Artefactos Alumbrado Interior,UND,257.38,257.38,257.38,PEN,,
0216000018,SDL ULTRA FAC E 2x26W TC HM RX7 s-24 EM BL MT,material,Artefactos Alumbrado Interior,UND,242.42,242.42,242.42,PEN,,
0216000019,SDL ULTRA FAC E 2x42W TC HM RX7 s-24 EM BL MT,material,Artefactos Alumbrado Interior,UND,416.00,416.00,416.00,PEN,,
0216000020,SDL ULTRA DIR E 1x150W HM RX7 s-24 EM BL MT,material,Artefactos Alumbrado Interior,UND,589.59,589.59,589.59,PEN,,
0216000021,SDL ULTRA DIR E 1x150W HM RX7 s-24 EE BL MT,material,Artefactos Alumbrado Interior,UND,1092.39,1092.39,1092.39,PEN,,
0216000022,SDL ULTRA DIR E 1x35W HM RX7 s-24 EM BL MT,material,Artefactos Alumbrado Interior,UND,401.04,401.04,401.04,PEN,,
0216000023,SDL ULTRA DIR E 1x35W HM RX7 s-24 EE BL MT,material,Artefactos Alumbrado Interior,UND,1071.44,1071.44,1071.44,PEN,,
0216000024,SDL ULTRA DIR E 1x70W HM RX7 s-24 EM BL MT,material,Artefactos Alumbrado Interior,UND,416.00,416.00,416.00,PEN,,
0216000025,SDL ULTRA DIR E 1x70W HM RX7 s-24 EE BL MT,material,Artefactos Alumbrado Interior,UND,1074.43,1074.43,1074.43,PEN,,
0216000026,ALUMBRADO INTERIOR SISTEMA MELOW LIGHT ML IV EMPOTRADO,material,Artefactos Alumbrado Interior,UND,1062.46,1062.46,1062.46,PEN,,
0216000027,SDL METAL SPOT A 1x70W HM RX7 s-24 EM BL MT,material,Artefactos Alumbrado Interior,UND,284.32,284.32,284.32,PEN,,
0216000028,SDL METAL SPOT A 1x150W HM RX7 s-24 EM BL MT,material,Artefactos Alumbrado Interior,UND,323.23,323.23,323.23,PEN,,
0216000029,SDL METAL SPOT A 1x150W HM RX7 s-24 EE BL MT,material,Artefactos Alumbrado Interior,UND,511.78,511.78,511.78,PEN,,
0216000030,SDL ULTRA FAC A 2x18W HM RX7 s-24 EM BL MT,material,Artefactos Alumbrado Interior,UND,293.30,293.30,293.30,PEN,,
0216000031,SDL ULTRA FAC A 2x26W HM RX7 s-24 EM BL MT,material,Artefactos Alumbrado Interior,UND,269.36,269.36,269.36,PEN,,
0216000032,MELOW LIGHT SYNTA ADOSAR 2x18W T5 EE,material,Artefactos Alumbrado Interior,UND,442.94,442.94,442.94,PEN,,
0216000033,MELOW LIGHT SYNTA ADOSAR 2x54W T5 EE,material,Artefactos Alumbrado Interior,UND,538.71,538.71,538.71,PEN,,
0216000034,MELOW LIGHT SYNTA ADOSAR 2x36W T8 EE,material,Artefactos Alumbrado Interior,UND,562.65,562.65,562.65,PEN,,
0216000035,SISTEMA C/REJILLA NAIRA A 2x54W T5 EE MIRO4,material,Artefactos Alumbrado Interior,UND,508.78,508.78,508.78,PEN,,
0216000036,SISTEMA C/REJILLA NAIRA A 2x28W T5 EE MIRO4,material,Artefactos Alumbrado Interior,UND,553.68,553.68,553.68,PEN,,
0216000037,SISTEMA C/REJILLA NAIRA A 4x14W T5 EE MIRO4,material,Artefactos Alumbrado Interior,UND,586.60,586.60,586.60,PEN,,
0216000038,SISTEMA C/REJILLA NAIRA A 2x54W T5 G5 EE BL,material,Artefactos Alumbrado Interior,UND,269.36,269.36,269.36,PEN,,
0216000039,SISTEMA C/REJILLA NAIRA A 2x36W T8 G13 EE BL,material,Artefactos Alumbrado Interior,UND,209.50,209.50,209.50,PEN,,
0216000040,SISTEMA C/REJILLA NAIRA A 2x36W T5 G5 EE BL,material,Artefactos Alumbrado Interior,UND,266.36,266.36,266.36,PEN,,
0216000041,GENIUS ASOSAR A 2x36W T8 G13 EE BL OPAL,material,Artefactos Alumbrado Interior,UND,311.26,311.26,311.26,PEN,,
0216000042,RAS A 2x18W T8 G13 EE BL RAL,material,Artefactos Alumbrado Interior,UND,224.46,224.46,224.46,PEN,,
0216000043,RAS A 2x36W T8 G13 EE BL RAL,material,Artefactos Alumbrado Interior,UND,263.37,263.37,263.37,PEN,,
0216000044,RAS A 3x18W T8 G13 EE BL RAL,material,Artefactos Alumbrado Interior,UND,341.18,341.18,341.18,PEN,,
0216000045,RAS A 3x36W T8 G13 EE BL RAL,material,Artefactos Alumbrado Interior,UND,496.81,496.81,496.81,PEN,,
0216000046,RAS A 4x18W T8 G13 EE BL RAL,material,Artefactos Alumbrado Interior,UND,290.31,290.31,290.31,PEN,,
0216000047,RAS A 4x36W T8 G13 EE BL RAL,material,Artefactos Alumbrado Interior,UND,520.75,520.75,520.75,PEN,,
0217000001,BPL A 2x18W TC-DEL G24q-2 EM Blmt PRISMA,material,Asfalto,UND,278.33,278.33,278.33,PEN,,
0216000048,BRAQUETE CM 1x36W T8 G13 EE BL,material,Artefactos Alumbrado Interior,UND,86.79,86.79,86.79,PEN,,
0216000049,BRAQUETE CM 2x36W T8 G13 EE BL,material,Artefactos Alumbrado Interior,UND,119.71,119.71,119.71,PEN,,
0216000050,BRAQUETE CM 1x18W T8 G13 EE BL,material,Artefactos Alumbrado Interior,UND,113.73,113.73,113.73,PEN,,
0216000051,BRAQUETE BE CENEFA A 1x28W T5 G5 EE BL,material,Artefactos Alumbrado Interior,UND,107.74,107.74,107.74,PEN,,
0216000052,BRAQUETE BE CENEFA A 1x14W T5 G5 EE BL,material,Artefactos Alumbrado Interior,UND,113.73,113.73,113.73,PEN,,
0216000053,LWD P/DUCTO 2x54W T5 G5 MIRO4,material,Artefactos Alumbrado Interior,UND,233.44,233.44,233.44,PEN,,
0216000054,LWD P/DUCTO 2x28W T5 G5 MIRO5,material,Artefactos Alumbrado Interior,UND,257.38,257.38,257.38,PEN,,
0216000055,LWD P/DUCTO 2x28W T5 G5 Almate,material,Artefactos Alumbrado Interior,UND,245.41,245.41,245.41,PEN,,
0216000056,LWD P/DUCTO 2x54W T5 G5 Alespectacular,material,Artefactos Alumbrado Interior,UND,236.43,236.43,236.43,PEN,,
0216000057,IS P/DUCTO 2x54W T5 MIRO4 REAC P/2 PANTALLAS,material,Artefactos Alumbrado Interior,UND,347.17,347.17,347.17,PEN,,
0216000058,IS P/DUCTO 2x28W T5 MIRO4 REAC P/2 PANTALLAS,material,Artefactos Alumbrado Interior,UND,329.21,329.21,329.21,PEN,,
0216000059,IS P/DUCTO 1x28W T5 MIRO4,material,Artefactos Alumbrado Interior,UND,212.49,212.49,212.49,PEN,,
0216000060,IS P/DUCTO 1x54W T5 MIRO4,material,Artefactos Alumbrado Interior,UND,221.47,221.47,221.47,PEN,,
0216000061,TECNOLIGHT P/DUCTO 2x54W T5 G5 EE TI,material,Artefactos Alumbrado Interior,UND,404.03,404.03,404.03,PEN,,
0216000062,TECNOLIGHT P/DUCTO 2x36W T8 G13 EE TI,material,Artefactos Alumbrado Interior,UND,374.11,374.11,374.11,PEN,,
0216000063,TECNOLIGHT P/DUCTO 2x28W T5 G5 EE TI,material,Artefactos Alumbrado Interior,UND,404.03,404.03,404.03,PEN,,
0216000064,ALPHA SPOT E 2x18W TC-DEL G24q-2 EE Blmt,material,Artefactos Alumbrado Interior,UND,239.43,239.43,239.43,PEN,,
0216000065,ALPHA SPOT E 2x26W TC-DEL G24q-2 EE Blmt,material,Artefactos Alumbrado Interior,UND,200.52,200.52,200.52,PEN,,
0216000066,MELOW LIGHT LRC E 2x36W TC-L EE 2x2,material,Artefactos Alumbrado Interior,UND,386.08,386.08,386.08,PEN,,
0216000067,MELOW LIGHT LRC E 2x40W TC-L EE 2x2,material,Artefactos Alumbrado Interior,UND,356.15,356.15,356.15,PEN,,
0216000068,MELOW LIGHT LRC E 2x36W T8 G13 EE 2x2,material,Artefactos Alumbrado Interior,UND,487.83,487.83,487.83,PEN,,
0216000069,MELOW LIGHT LRC E 2x28W T5 EE 2x4,material,Artefactos Alumbrado Interior,UND,445.93,445.93,445.93,PEN,,
0216000070,MELOW LIGHT RCX E 2x40W TC-L EE 2x2,material,Artefactos Alumbrado Interior,UND,604.55,604.55,604.55,PEN,,
0216000071,MELOW LIGHT RCB E 2x40W TC-L EE 2x2,material,Artefactos Alumbrado Interior,UND,517.76,517.76,517.76,PEN,,
0216000072,SISTEMA REJILLA NAIRA E 2x18W T5 EE MIRO4 1x4,material,Artefactos Alumbrado Interior,UND,445.93,445.93,445.93,PEN,,
0216000073,SISTEMA REJILLA NAIRA E 3x14W T5 EE MIRO4 1x4,material,Artefactos Alumbrado Interior,UND,457.90,457.90,457.90,PEN,,
0216000074,SISTEMA REJILLA NAIRA E 4x14W T5 EE MIRO4 1x4,material,Artefactos Alumbrado Interior,UND,433.96,433.96,433.96,PEN,,
0216000075,SISTEMA REJILLA NAIRA E 2x54W T5 EE MIRO4 1x4,material,Artefactos Alumbrado Interior,UND,448.93,448.93,448.93,PEN,,
0216000076,SISTEMA REJILLA NVR E 2x28W T5 G5 EE BL 1x4 RAL,material,Artefactos Alumbrado Interior,UND,287.31,287.31,287.31,PEN,,
0216000077,SISTEMA REJILLA NVR E 2x36W T8 G13 EE BL 1x4 RAL,material,Artefactos Alumbrado Interior,UND,278.33,278.33,278.33,PEN,,
0216000078,SISTEMA REJILLA RES E 2x18W T8 G13 EE BL 1x2 RAL,material,Artefactos Alumbrado Interior,UND,230.45,230.45,230.45,PEN,,
0216000079,SISTEMA REJILLA RES E 3x18W T8 G13 EE BL 2x2 RAL,material,Artefactos Alumbrado Interior,UND,305.27,305.27,305.27,PEN,,
0216000080,SISTEMA REJILLA RES E 3x36W T8 G13 EE BL 2x4 RAL,material,Artefactos Alumbrado Interior,UND,398.05,398.05,398.05,PEN,,
0216000081,SISTEMA REJILLA RES E 4x18W T8 G13 EE BL 2x2 RAL,material,Artefactos Alumbrado Interior,UND,293.30,293.30,293.30,PEN,,
0216000082,SISTEMA REJILLA RES E 4x36W T8 G13 EE BL 2x4 RAL,material,Artefactos Alumbrado Interior,UND,472.87,472.87,472.87,PEN,,
0216000083,SISTEMA REJILLA RES E 2x36W T8 G13 EE BL 1x4 RAL,material,Artefactos Alumbrado Interior,UND,245.41,245.41,245.41,PEN,,
0216000084,ACRILICO V-MON E 2x36W T8 G13 EE BL 1x2 RAL,material,Artefactos Alumbrado Interior,UND,290.31,290.31,290.31,PEN,,
0216000085,LINEAL SIMILIGHT 1TL28EE,material,Artefactos Alumbrado Interior,UND,401.04,401.04,401.04,PEN,,
0216000086,LINEAL SIMILIGHT 2TL28EE,material,Artefactos Alumbrado Interior,UND,757.19,757.19,757.19,PEN,,
0216000087,LINEAL SIMILIGHT E 1x54W T5 G5 EE,material,Artefactos Alumbrado Interior,UND,562.65,562.65,562.65,PEN,,
0216000088,LINEAL SIMILIGHT E 2x54W T5 G5 EE,material,Artefactos Alumbrado Interior,UND,736.24,736.24,736.24,PEN,,
0216000089,BAÑADOR ARIA BP E 1x14W T5 G5 EE BLmtAC,material,Artefactos Alumbrado Interior,UND,197.53,197.53,197.53,PEN,,
0216000090,BAÑADOR ARIA BP E 1x28W T5 G5 EE BLmtAC,material,Artefactos Alumbrado Interior,UND,221.47,221.47,221.47,PEN,,
0216000091,BAÑADOR ARIA BP E 1x28W T5 G5 EE BLmtAC,material,Artefactos Alumbrado Interior,UND,194.53,194.53,194.53,PEN,,
0216000092,BAÑADOR ARIA BP E 1x54W T5 G5 EE BLmtAC,material,Artefactos Alumbrado Interior,UND,233.44,233.44,233.44,PEN,,
0216000093,BAÑADOR ARIA BP E 1x54W T5 G5 EE BLmtAC,material,Artefactos Alumbrado Interior,UND,230.45,230.45,230.45,PEN,,
0216000094,SUSPENDIDA ULTRA CS S 1x150w HM Rx7x-24 EE TI,material,Artefactos Alumbrado Interior,UND,640.47,640.47,640.47,PEN,,
0216000095,SUSPENDIDA ULTRA CS S 1x150w HM Rx7x-24 EM TI,material,Artefactos Alumbrado Interior,UND,544.70,544.70,544.70,PEN,,
0216000096,SUSPENDIDA ULTRA CS S 1x70w HM Rx7x-24 EE TI,material,Artefactos Alumbrado Interior,UND,532.73,532.73,532.73,PEN,,
0216000097,SUSPENDIDA ULTRA CS S 1x70w HM Rx7x-24 EM TI,material,Artefactos Alumbrado Interior,UND,556.67,556.67,556.67,PEN,,
0216000098,SUSPENDIDA ULTRA CS S 2x26w HM Rx7x-24 EE TI,material,Artefactos Alumbrado Interior,UND,1062.46,1062.46,1062.46,PEN,,
0216000099,SUSPENDIDA SLENDER CS S 1x28w T5 G5 EE TI,material,Artefactos Alumbrado Interior,UND,957.71,957.71,957.71,PEN,,
0216000100,SUSPENDIDA SLENDER CS S 1x54w T5 G5 EE TI,material,Artefactos Alumbrado Interior,UND,921.80,921.80,921.80,PEN,,
0216000101,SUSPENDIDA SLENDER CS S 2x28w T5 G5 EE TI,material,Artefactos Alumbrado Interior,UND,1227.06,1227.06,1227.06,PEN,,
0216000102,SUSPENDIDA SLENDER CS S 2x54w T5 G5 EE TI,material,Artefactos Alumbrado Interior,UND,1212.10,1212.10,1212.10,PEN,,
0216000103,SUSPENDIDA SLENDER CS S 3x28w T5 G5 EE TI,material,Artefactos Alumbrado Interior,UND,1852.57,1852.57,1852.57,PEN,,
0216000104,SUSPENDIDA SLENDER CS S 3x54w T5 G5 EE TI,material,Artefactos Alumbrado Interior,UND,1768.77,1768.77,1768.77,PEN,,
0216000105,SUSPENDIDA MEDEA S 1x28w T5 G5 EE TI 1211MM,material,Artefactos Alumbrado Interior,UND,365.13,365.13,365.13,PEN,,
0216000106,SUSPENDIDA MEDEA S 2x28w T5 G5 EE TI 1211MM,material,Artefactos Alumbrado Interior,UND,377.10,377.10,377.10,PEN,,
0216000107,SUSPENDIDA MEDEA S 2x28w T5 G5 EE TI 2422MM,material,Artefactos Alumbrado Interior,UND,577.62,577.62,577.62,PEN,,
0216000108,SUSPENDIDA MEDEA S 4x28w T5 G5 EE TI 2422MM,material,Artefactos Alumbrado Interior,UND,799.09,799.09,799.09,PEN,,
0216000109,SUSPENDIDA MEDEA S RAL 2384MM 2TL54 EE TI,material,Artefactos Alumbrado Interior,UND,11731.94,11731.94,11731.94,PEN,,
0216000110,SUSPENDIDA NVR-S RAL 2TL28EE,material,Artefactos Alumbrado Interior,UND,457.90,457.90,457.90,PEN,,
0216000111,SUSPENDIDA NVR-S RAL 2TL36EE,material,Artefactos Alumbrado Interior,UND,413.01,413.01,413.01,PEN,,
0216000112,SUSPENDIDA NVR-S DAC 2TL36EE,material,Artefactos Alumbrado Interior,UND,365.13,365.13,365.13,PEN,,
0216000113,SUSPENDIDA ULTRA ESP S 2TC-142 EE Blmt 1.5MT,material,Artefactos Alumbrado Interior,UND,493.82,493.82,493.82,PEN,,
0216000114,SUSPENDIDA ULTRA FACET. SUSP. 2x18W EE C/ESP S 2TC-142 EE Blmt 1.5MTUI0,material,Artefactos Alumbrado Interior,UND,353.16,353.16,353.16,PEN,,
0216000115,REFLECTOR NAG E 1x250w HM E40 EM BL ASIM PR,material,Artefactos Alumbrado Interior,UND,1038.52,1038.52,1038.52,PEN,,
0216000116,REFLECTOR NAG E 1x250w HM E40 EM BL SIM PR,material,Artefactos Alumbrado Interior,UND,1023.55,1023.55,1023.55,PEN,,
0216000117,REFLECTOR NAG E 1x400w HM E40 EM BL ASIM PR,material,Artefactos Alumbrado Interior,UND,981.65,981.65,981.65,PEN,,
0216000118,REFLECTOR NAG E 1x400w HM E40 EM BL SIM PR,material,Artefactos Alumbrado Interior,UND,643.46,643.46,643.46,PEN,,
0216000119,REFLECTOR AHP A 2x36w T8 G13 EE BL CRISTAL,material,Artefactos Alumbrado Interior,UND,802.08,802.08,802.08,PEN,,
0216000120,REFLECTOR AHP A 2x36w T8 G13 EE BL CRISTAL,material,Artefactos Alumbrado Interior,UND,942.74,942.74,942.74,PEN,,
0216000121,REFLECTOR AHP A 2x36w T8 G13 EE BL CRISTAL,material,Artefactos Alumbrado Interior,UND,610.54,610.54,610.54,PEN,,
0216000122,REFLECTOR AHP A 3x36w T8 G13 EE BL CRISTAL,material,Artefactos Alumbrado Interior,UND,766.17,766.17,766.17,PEN,,
0216000123,REFLECTOR AHP A 4x36w T8 G13 EE BL CRISTAL,material,Artefactos Alumbrado Interior,UND,445.93,445.93,445.93,PEN,,
0216000124,REFLECTOR HBF A 4x54w T5 G5 EE BL MIRO4,material,Artefactos Alumbrado Interior,UND,622.51,622.51,622.51,PEN,,
0216000125,REFLECTOR HBF A 6x54w T5 G5 EE BL MIRO4,material,Artefactos Alumbrado Interior,UND,766.17,766.17,766.17,PEN,,
0216000126,REFLECTOR HBF A 6x54w P/DUCTO T5 G5 EE BL MIRO4,material,Artefactos Alumbrado Interior,UND,445.93,445.93,445.93,PEN,,
0216000127,REFLECTOR ISP A 1x36w T8 G13 EE BL,material,Artefactos Alumbrado Interior,UND,1616.13,1616.13,1616.13,PEN,,
0216000128,REFLECTOR ISP A 2x28w T8 G13 EE BL,material,Artefactos Alumbrado Interior,UND,1930.38,1930.38,1930.38,PEN,,
0216000129,REFLECTOR ISP A 2x36w T8 G13 EE BL,material,Artefactos Alumbrado Interior,UND,2154.85,2154.85,2154.85,PEN,,
0216000130,REFLECTOR ISP A 2x54w T8 G13 EE BL,material,Artefactos Alumbrado Interior,UND,1616.13,1616.13,1616.13,PEN,,
0216000131,REFLECTOR ISP A 2x54w T8 G13 EE POL,material,Artefactos Alumbrado Interior,UND,1541.31,1541.31,1541.31,PEN,,
0216000132,REFLECTOR CAMPANA MER -HS 1x250w HM E40 EM PR CAJA TI RECT,material,Artefactos Alumbrado Interior,UND,864.93,864.93,864.93,PEN,,
0216000133,REFLECTOR CAMPANA MER -HS 1x400w HM E40 EM PR CAJA TI RECT,material,Artefactos Alumbrado Interior,UND,915.81,915.81,915.81,PEN,,
0216000134,"CAJA DE PASE CUADRADA F.G. SEMIPESADO 100x100x50MM PLANCHA 1/20""",material,Artefactos Alumbrado Interior,UND,0.98,0.98,0.98,PEN,,
0216000135,"CAJA DE PASE CUADRADA F.G. SEMIPESADO 150x150x100MM PLANCHA 1/20""",material,Artefactos Alumbrado Interior,UND,2.32,2.32,2.32,PEN,,
0216000136,"CAJA DE PASE CUADRADA F.G. SEMIPESADO 200x200x100MM PLANCHA 1/20""",material,Artefactos Alumbrado Interior,UND,3.41,3.41,3.41,PEN,,
0216000137,"CAJA DE PASE CUADRADA F.G. SEMIPESADO 250x250x100MM PLANCHA 1/20""",material,Artefactos Alumbrado Interior,UND,4.69,4.69,4.69,PEN,,
0216000138,"CAJA DE PASE CUADRADA F.G. SEMIPESADO 300x300x100MM PLANCHA 1/20""",material,Artefactos Alumbrado Interior,UND,6.15,6.15,6.15,PEN,,
0216000139,"CAJA DE PASE CUADRADA F.G. SEMIPESADO 350x350x100MM PLANCHA 1/20""",material,Artefactos Alumbrado Interior,UND,7.80,7.80,7.80,PEN,,
0216000140,"CAJA DE PASE CUADRADA F.G. SEMIPESADO 400x400x100MM PLANCHA 1/20""",material,Artefactos Alumbrado Interior,UND,9.62,9.62,9.62,PEN,,
0216000141,"CAJA DE PASE CUADRADA F.G. SEMIPESADO 500x500x100MM PLANCHA 1/20""",material,Artefactos Alumbrado Interior,UND,13.83,13.83,13.83,PEN,,
0216000142,"CAJA DE PASE CUADRADA F.G. SEMIPESADO 600x600x100MM PLANCHA 1/20""",material,Artefactos Alumbrado Interior,UND,18.77,18.77,18.77,PEN,,
0216000143,"CAJA DE PASE CUADRADA F.G. SEMIPESADO 700x700x100MM PLANCHA 1/20""",material,Artefactos Alumbrado Interior,UND,24.45,24.45,24.45,PEN,,
0216000144,"CAJA DE PASE CUADRADA F.G. SEMIPESADO 800x800x100MM PLANCHA 1/20""",material,Artefactos Alumbrado Interior,UND,30.87,30.87,30.87,PEN,,
0216000145,"CAJA DE PASE CUADRADA F.G. SEMIPESADO 1000x1000x100MM PLANCHA 1/20""",material,Artefactos Alumbrado Interior,UND,45.90,45.90,45.90,PEN,,
0216000146,"CAJA DE PASE CUADRADA F.G. SEMIPESADO 1200x1200x100MM PLANCHA 1/20""",material,Artefactos Alumbrado Interior,UND,63.87,63.87,63.87,PEN,,
0216000147,"CAJA DE PASE CUADRADA F.G. SEMIPESADO 150x150x130MM PLANCHA 1/20""",material,Artefactos Alumbrado Interior,UND,2.63,2.63,2.63,PEN,,
0216000148,"CAJA DE PASE CUADRADA F.G. SEMIPESADO 200x200x130MM PLANCHA 1/20""",material,Artefactos Alumbrado Interior,UND,3.81,3.81,3.81,PEN,,
0216000149,"CAJA DE PASE CUADRADA F.G. SEMIPESADO 250x250x130MM PLANCHA 1/20""",material,Artefactos Alumbrado Interior,UND,5.18,5.18,5.18,PEN,,
0216000150,"CAJA DE PASE CUADRADA F.G. SEMIPESADO 300x300x130MM PLANCHA 1/20""",material,Artefactos Alumbrado Interior,UND,6.64,6.64,6.64,PEN,,
0216000151,"CAJA DE PASE CUADRADA F.G. SEMIPESADO 350x350x130MM PLANCHA 1/20""",material,Artefactos Alumbrado Interior,UND,8.48,8.48,8.48,PEN,,
0216000152,"CAJA DE PASE CUADRADA F.G. SEMIPESADO 400x400x130MM PLANCHA 1/20""",material,Artefactos Alumbrado Interior,UND,10.42,10.42,10.42,PEN,,
0216000153,"CAJA DE PASE CUADRADA F.G. SEMIPESADO 500x500x130MM PLANCHA 1/20""",material,Artefactos Alumbrado Interior,UND,14.78,14.78,14.78,PEN,,
0216000154,"CAJA DE PASE CUADRADA F.G. SEMIPESADO 600x600x130MM PLANCHA 1/20""",material,Artefactos Alumbrado Interior,UND,19.91,19.91,19.91,PEN,,
0216000155,"CAJA DE PASE CUADRADA F.G. SEMIPESADO 700x700x130MM PLANCHA 1/20""",material,Artefactos Alumbrado Interior,UND,25.77,25.77,25.77,PEN,,
0216000156,"CAJA DE PASE CUADRADA F.G. SEMIPESADO 800x800x130MM PLANCHA 1/20""",material,Artefactos Alumbrado Interior,UND,32.36,32.36,32.36,PEN,,
0216000157,"CAJA DE PASE CUADRADA F.G. SEMIPESADO 1000x1000x130MM PLANCHA 1/20""",material,Artefactos Alumbrado Interior,UND,47.76,47.76,47.76,PEN,,
0216000158,"CAJA DE PASE CUADRADA F.G. SEMIPESADO 1200x1200x130MM PLANCHA 1/20""",material,Artefactos Alumbrado Interior,UND,66.11,66.11,66.11,PEN,,
0216000159,"CAJA DE PASE CUADRADA F.G. SEMIPESADO 150x150x150MM PLANCHA 1/20""",material,Artefactos Alumbrado Interior,UND,2.93,2.93,2.93,PEN,,
0216000160,"CAJA DE PASE CUADRADA F.G. SEMIPESADO 200x200x150MM PLANCHA 1/20""",material,Artefactos Alumbrado Interior,UND,4.20,4.20,4.20,PEN,,
0216000161,"CAJA DE PASE CUADRADA F.G. SEMIPESADO 250x250x150MM PLANCHA 1/20""",material,Artefactos Alumbrado Interior,UND,5.67,5.67,5.67,PEN,,
0216000162,"CAJA DE PASE CUADRADA F.G. SEMIPESADO 300x300x150MM PLANCHA 1/20""",material,Artefactos Alumbrado Interior,UND,7.31,7.31,7.31,PEN,,
0216000163,"CAJA DE PASE CUADRADA F.G. SEMIPESADO 350x350x150MM PLANCHA 1/20""",material,Artefactos Alumbrado Interior,UND,9.14,9.14,9.14,PEN,,
0216000164,"CAJA DE PASE CUADRADA F.G. SEMIPESADO 400x400x150MM PLANCHA 1/20""",material,Artefactos Alumbrado Interior,UND,11.15,11.15,11.15,PEN,,
0216000165,"CAJA DE PASE CUADRADA F.G. SEMIPESADO 500x500x150MM PLANCHA 1/20""",material,Artefactos Alumbrado Interior,UND,15.72,15.72,15.72,PEN,,
0216000166,"CAJA DE PASE CUADRADA F.G. SEMIPESADO 600x600x150MM PLANCHA 1/20""",material,Artefactos Alumbrado Interior,UND,21.03,21.03,21.03,PEN,,
0216000167,"CAJA DE PASE CUADRADA F.G. SEMIPESADO 700x700x150MM PLANCHA 1/20""",material,Artefactos Alumbrado Interior,UND,27.08,27.08,27.08,PEN,,
0216000168,"CAJA DE PASE CUADRADA F.G. SEMIPESADO 800x800x150MM PLANCHA 1/20""",material,Artefactos Alumbrado Interior,UND,33.87,33.87,33.87,PEN,,
0216000169,"CAJA DE PASE CUADRADA F.G. SEMIPESADO 1000x1000x150MM PLANCHA 1/20""",material,Artefactos Alumbrado Interior,UND,49.63,49.63,49.63,PEN,,
0216000170,"CAJA DE PASE CUADRADA F.G. SEMIPESADO 1200x1200x150MM PLANCHA 1/20""",material,Artefactos Alumbrado Interior,UND,68.34,68.34,68.34,PEN,,
0216000171,"CAJA DE PASE CUADRADA F.G. SEMIPESADO 250x250x200MM PLANCHA 1/20""",material,Artefactos Alumbrado Interior,UND,6.64,6.64,6.64,PEN,,
0216000172,"CAJA DE PASE CUADRADA F.G. SEMIPESADO 300x300x200MM PLANCHA 1/20""",material,Artefactos Alumbrado Interior,UND,8.46,8.46,8.46,PEN,,
0216000173,"CAJA DE PASE CUADRADA F.G. SEMIPESADO 350x350x200MM PLANCHA 1/20""",material,Artefactos Alumbrado Interior,UND,10.48,10.48,10.48,PEN,,
0216000174,"CAJA DE PASE CUADRADA F.G. SEMIPESADO 400x400x200MM PLANCHA 1/20""",material,Artefactos Alumbrado Interior,UND,12.67,12.67,12.67,PEN,,
0216000175,"CAJA DE PASE CUADRADA F.G. SEMIPESADO 500x500x200MM PLANCHA 1/20""",material,Artefactos Alumbrado Interior,UND,17.61,17.61,17.61,PEN,,
0216000176,"CAJA DE PASE CUADRADA F.G. SEMIPESADO 600x600x200MM PLANCHA 1/20""",material,Artefactos Alumbrado Interior,UND,23.29,23.29,23.29,PEN,,
0216000177,"CAJA DE PASE CUADRADA F.G. SEMIPESADO 700x700x200MM PLANCHA 1/20""",material,Artefactos Alumbrado Interior,UND,29.71,29.71,29.71,PEN,,
0216000178,"CAJA DE PASE CUADRADA F.G. SEMIPESADO 800x800x200MM PLANCHA 1/20""",material,Artefactos Alumbrado Interior,UND,36.85,36.85,36.85,PEN,,
0216000179,"CAJA DE PASE CUADRADA F.G. SEMIPESADO 1000x100x200MM PLANCHA 1/20""",material,Artefactos Alumbrado Interior,UND,53.36,53.36,53.36,PEN,,
0216000180,"CAJA DE PASE CUADRADA F.G. SEMIPESADO 1200x1200x200MM PLANCHA 1/20""",material,Artefactos Alumbrado Interior,UND,72.80,72.80,72.80,PEN,,
0216000181,"CAJA DE PASE CUADRADA F.G. PESADO 100x100x50MM PLANCHA 1/16""",material,Artefactos Alumbrado Interior,UND,1.15,1.15,1.15,PEN,,
0216000182,"CAJA DE PASE CUADRADA F.G. PESADO 150x150x100MM PLANCHA 1/16""",material,Artefactos Alumbrado Interior,UND,2.70,2.70,2.70,PEN,,
0216000183,"CAJA DE PASE CUADRADA F.G. PESADO 200x200x100MM PLANCHA 1/16""",material,Artefactos Alumbrado Interior,UND,3.96,3.96,3.96,PEN,,
0216000184,"CAJA DE PASE CUADRADA F.G. PESADO 250x250x100MM PLANCHA 1/16""",material,Artefactos Alumbrado Interior,UND,5.45,5.45,5.45,PEN,,
0216000185,"CAJA DE PASE CUADRADA F.G. PESADO 300x300x100MM PLANCHA 1/16""",material,Artefactos Alumbrado Interior,UND,7.15,7.15,7.15,PEN,,
0216000186,"CAJA DE PASE CUADRADA F.G. PESADO 350x350x100MM PLANCHA 1/16""",material,Artefactos Alumbrado Interior,UND,9.06,9.06,9.06,PEN,,
0216000187,"CAJA DE PASE CUADRADA F.G. PESADO 400x400x100MM PLANCHA 1/16""",material,Artefactos Alumbrado Interior,UND,11.19,11.19,11.19,PEN,,
0216000188,"CAJA DE PASE CUADRADA F.G. PESADO 500x500x100MM PLANCHA 1/16""",material,Artefactos Alumbrado Interior,UND,16.08,16.08,16.08,PEN,,
0216000189,"CAJA DE PASE CUADRADA F.G. PESADO 600x600x100MM PLANCHA 1/16""",material,Artefactos Alumbrado Interior,UND,21.82,21.82,21.82,PEN,,
0216000190,"CAJA DE PASE CUADRADA F.G. PESADO 700x700x100MM PLANCHA 1/16""",material,Artefactos Alumbrado Interior,UND,28.42,28.42,28.42,PEN,,
0216000191,"CAJA DE PASE CUADRADA F.G. PESADO 800x800x100MM PLANCHA 1/16""",material,Artefactos Alumbrado Interior,UND,35.87,35.87,35.87,PEN,,
0216000192,"CAJA DE PASE CUADRADA F.G. PESADO 1000x1000x100MM PLANCHA 1/16""",material,Artefactos Alumbrado Interior,UND,53.36,53.36,53.36,PEN,,
0216000193,"CAJA DE PASE CUADRADA F.G. PESADO 1200x1200x100MM PLANCHA 1/16""",material,Artefactos Alumbrado Interior,UND,74.22,74.22,74.22,PEN,,
0216000194,"CAJA DE PASE CUADRADA F.G. PESADO 150x150x130MM PLANCHA 1/16""",material,Artefactos Alumbrado Interior,UND,3.05,3.05,3.05,PEN,,
0216000195,"CAJA DE PASE CUADRADA F.G. PESADO 200x200x130MM PLANCHA 1/16""",material,Artefactos Alumbrado Interior,UND,4.43,4.43,4.43,PEN,,
0216000196,"CAJA DE PASE CUADRADA F.G. PESADO 250x250x130MM PLANCHA 1/16""",material,Artefactos Alumbrado Interior,UND,6.02,6.02,6.02,PEN,,
0216000197,"CAJA DE PASE CUADRADA F.G. PESADO 300x300x130MM PLANCHA 1/16""",material,Artefactos Alumbrado Interior,UND,7.82,7.82,7.82,PEN,,
0216000198,"CAJA DE PASE CUADRADA F.G. PESADO 350x350x130MM PLANCHA 1/16""",material,Artefactos Alumbrado Interior,UND,9.84,9.84,9.84,PEN,,
0216000199,"CAJA DE PASE CUADRADA F.G. PESADO 400x400x130MM PLANCHA 1/16""",material,Artefactos Alumbrado Interior,UND,12.07,12.07,12.07,PEN,,
0216000200,"CAJA DE PASE CUADRADA F.G. PESADO 500x500x130MM PLANCHA 1/16""",material,Artefactos Alumbrado Interior,UND,17.17,17.17,17.17,PEN,,
0216000201,"CAJA DE PASE CUADRADA F.G. PESADO 600x600x130MM PLANCHA 1/16""",material,Artefactos Alumbrado Interior,UND,23.13,23.13,23.13,PEN,,
0216000202,"CAJA DE PASE CUADRADA F.G. PESADO 700x700x130MM PLANCHA 1/16""",material,Artefactos Alumbrado Interior,UND,29.95,29.95,29.95,PEN,,
0216000203,"CAJA DE PASE CUADRADA F.G. PESADO 800x800x130MM PLANCHA 1/16""",material,Artefactos Alumbrado Interior,UND,37.61,37.61,37.61,PEN,,
0216000204,"CAJA DE PASE CUADRADA F.G. PESADO 1000x1000x130MM PLANCHA 1/16""",material,Artefactos Alumbrado Interior,UND,55.51,55.51,55.51,PEN,,
0216000205,"CAJA DE PASE CUADRADA F.G. PESADO 1200x1200x130MM PLANCHA 1/16""",material,Artefactos Alumbrado Interior,UND,76.81,76.81,76.81,PEN,,
0216000206,"CAJA DE PASE CUADRADA F.G. PESADO 150x150x150MM PLANCHA 1/16""",material,Artefactos Alumbrado Interior,UND,3.40,3.40,3.40,PEN,,
0216000207,"CAJA DE PASE CUADRADA F.G. PESADO 200x200x150MM PLANCHA 1/16""",material,Artefactos Alumbrado Interior,UND,4.89,4.89,4.89,PEN,,
0216000208,"CAJA DE PASE CUADRADA F.G. PESADO 250x250x150MM PLANCHA 1/16""",material,Artefactos Alumbrado Interior,UND,6.58,6.58,6.58,PEN,,
0216000209,"CAJA DE PASE CUADRADA F.G. PESADO 300x300x150MM PLANCHA 1/16""",material,Artefactos Alumbrado Interior,UND,8.49,8.49,8.49,PEN,,
0216000210,"CAJA DE PASE CUADRADA F.G. PESADO 350x350x150MM PLANCHA 1/16""",material,Artefactos Alumbrado Interior,UND,10.62,10.62,10.62,PEN,,
0216000211,"CAJA DE PASE CUADRADA F.G. PESADO 400x400x150MM PLANCHA 1/16""",material,Artefactos Alumbrado Interior,UND,12.96,12.96,12.96,PEN,,
0216000212,"CAJA DE PASE CUADRADA F.G. PESADO 500x500x150MM PLANCHA 1/16""",material,Artefactos Alumbrado Interior,UND,18.27,18.27,18.27,PEN,,
0216000213,"CAJA DE PASE CUADRADA F.G. PESADO 600x600x150MM PLANCHA 1/16""",material,Artefactos Alumbrado Interior,UND,24.44,24.44,24.44,PEN,,
0216000214,"CAJA DE PASE CUADRADA F.G. PESADO 700x700x150MM PLANCHA 1/16""",material,Artefactos Alumbrado Interior,UND,31.47,31.47,31.47,PEN,,
0216000215,"CAJA DE PASE CUADRADA F.G. PESADO 800x800x150MM PLANCHA 1/16""",material,Artefactos Alumbrado Interior,UND,39.35,39.35,39.35,PEN,,
0216000216,"CAJA DE PASE CUADRADA F.G. PESADO 1000x1000x150MM PLANCHA 1/16""",material,Artefactos Alumbrado Interior,UND,57.67,57.67,57.67,PEN,,
0216000217,"CAJA DE PASE CUADRADA F.G. PESADO 1200x1200x150MM PLANCHA 1/16""",material,Artefactos Alumbrado Interior,UND,79.40,79.40,79.40,PEN,,
0216000218,"CAJA DE PASE CUADRADA F.G. PESADO 250x250x200MM PLANCHA 1/16""",material,Artefactos Alumbrado Interior,UND,7.72,7.72,7.72,PEN,,
0216000219,"CAJA DE PASE CUADRADA F.G. PESADO 300x300x200MM PLANCHA 1/16""",material,Artefactos Alumbrado Interior,UND,9.84,9.84,9.84,PEN,,
0216000220,"CAJA DE PASE CUADRADA F.G. PESADO 350x350x200MM PLANCHA 1/16""",material,Artefactos Alumbrado Interior,UND,12.17,12.17,12.17,PEN,,
0216000221,"CAJA DE PASE CUADRADA F.G. PESADO 400x400x200MM PLANCHA 1/16""",material,Artefactos Alumbrado Interior,UND,14.73,14.73,14.73,PEN,,
0216000222,"CAJA DE PASE CUADRADA F.G. PESADO 500x500x200MM PLANCHA 1/16""",material,Artefactos Alumbrado Interior,UND,20.47,20.47,20.47,PEN,,
0216000223,"CAJA DE PASE CUADRADA F.G. PESADO 600x600x200MM PLANCHA 1/16""",material,Artefactos Alumbrado Interior,UND,27.07,27.07,27.07,PEN,,
0216000224,"CAJA DE PASE CUADRADA F.G. PESADO 700x700x200MM PLANCHA 1/16""",material,Artefactos Alumbrado Interior,UND,34.53,34.53,34.53,PEN,,
0216000225,"CAJA DE PASE CUADRADA F.G. PESADO 800x800x200MM PLANCHA 1/16""",material,Artefactos Alumbrado Interior,UND,42.83,42.83,42.83,PEN,,
0216000226,"CAJA DE PASE CUADRADA F.G. PESADO 1000x100x200MM PLANCHA 1/16""",material,Artefactos Alumbrado Interior,UND,62.00,62.00,62.00,PEN,,
0216000227,"CAJA DE PASE CUADRADA F.G. PESADO 1200x1200x200MM PLANCHA 1/16""",material,Artefactos Alumbrado Interior,UND,84.60,84.60,84.60,PEN,,
0216000228,"CAJA DE PASE CUADRADA F.G. EXTRAPESADO 100x100x50MM PLANCHA 5/64""",material,Artefactos Alumbrado Interior,UND,1.84,1.84,1.84,PEN,,
0216000229,"CAJA DE PASE CUADRADA F.G. EXTRAPESADO 150x150x100MM PLANCHA 5/64""",material,Artefactos Alumbrado Interior,UND,4.31,4.31,4.31,PEN,,
0216000230,"CAJA DE PASE CUADRADA F.G. EXTRAPESADO 200x200x100MM PLANCHA 5/64""",material,Artefactos Alumbrado Interior,UND,6.34,6.34,6.34,PEN,,
0216000231,"CAJA DE PASE CUADRADA F.G. EXTRAPESADO 250x250x100MM PLANCHA 5/64""",material,Artefactos Alumbrado Interior,UND,8.71,8.71,8.71,PEN,,
0216000232,"CAJA DE PASE CUADRADA F.G. EXTRAPESADO 300x300x100MM PLANCHA 5/64""",material,Artefactos Alumbrado Interior,UND,11.42,11.42,11.42,PEN,,
0216000233,"CAJA DE PASE CUADRADA F.G. EXTRAPESADO 350x350x100MM PLANCHA 5/64""",material,Artefactos Alumbrado Interior,UND,14.48,14.48,14.48,PEN,,
0216000234,"CAJA DE PASE CUADRADA F.G. EXTRAPESADO 400x400x100MM PLANCHA 5/64""",material,Artefactos Alumbrado Interior,UND,17.87,17.87,17.87,PEN,,
0216000235,"CAJA DE PASE CUADRADA F.G. EXTRAPESADO 500x500x100MM PLANCHA 5/64""",material,Artefactos Alumbrado Interior,UND,25.68,25.68,25.68,PEN,,
0216000236,"CAJA DE PASE CUADRADA F.G. EXTRAPESADO 600x600x100MM PLANCHA 5/64""",material,Artefactos Alumbrado Interior,UND,34.86,34.86,34.86,PEN,,
0216000237,"CAJA DE PASE CUADRADA F.G. EXTRAPESADO 700x700x100MM PLANCHA 5/64""",material,Artefactos Alumbrado Interior,UND,45.40,45.40,45.40,PEN,,
0216000238,"CAJA DE PASE CUADRADA F.G. EXTRAPESADO 800x800x100MM PLANCHA 5/64""",material,Artefactos Alumbrado Interior,UND,57.31,57.31,57.31,PEN,,
0216000239,"CAJA DE PASE CUADRADA F.G. EXTRAPESADO 1000x1000x100MM PLANCHA 5/64""",material,Artefactos Alumbrado Interior,UND,85.21,85.21,85.21,PEN,,
0216000240,"CAJA DE PASE CUADRADA F.G. EXTRAPESADO 1200x1200x100MM PLANCHA 5/64""",material,Artefactos Alumbrado Interior,UND,118.57,118.57,118.57,PEN,,
0216000241,"CAJA DE PASE CUADRADA F.G. EXTRAPESADO 150x150x130MM PLANCHA 5/64""",material,Artefactos Alumbrado Interior,UND,4.87,4.87,4.87,PEN,,
0216000242,"CAJA DE PASE CUADRADA F.G. EXTRAPESADO 200x200x130MM PLANCHA 5/64""",material,Artefactos Alumbrado Interior,UND,7.08,7.08,7.08,PEN,,
0216000243,"CAJA DE PASE CUADRADA F.G. EXTRAPESADO 250x250x130MM PLANCHA 5/64""",material,Artefactos Alumbrado Interior,UND,9.62,9.62,9.62,PEN,,
0216000244,"CAJA DE PASE CUADRADA F.G. EXTRAPESADO 300x300x130MM PLANCHA 5/64""",material,Artefactos Alumbrado Interior,UND,12.50,12.50,12.50,PEN,,
0216000245,"CAJA DE PASE CUADRADA F.G. EXTRAPESADO 350x350x130MM PLANCHA 5/64""",material,Artefactos Alumbrado Interior,UND,15.72,15.72,15.72,PEN,,
0216000246,"CAJA DE PASE CUADRADA F.G. EXTRAPESADO 400x400x130MM PLANCHA 5/64""",material,Artefactos Alumbrado Interior,UND,19.28,19.28,19.28,PEN,,
0216000247,"CAJA DE PASE CUADRADA F.G. EXTRAPESADO 500x500x130MM PLANCHA 5/64""",material,Artefactos Alumbrado Interior,UND,27.44,27.44,27.44,PEN,,
0216000248,"CAJA DE PASE CUADRADA F.G. EXTRAPESADO 600x600x130MM PLANCHA 5/64""",material,Artefactos Alumbrado Interior,UND,36.96,36.96,36.96,PEN,,
0216000249,"CAJA DE PASE CUADRADA F.G. EXTRAPESADO 700x700x130MM PLANCHA 5/64""",material,Artefactos Alumbrado Interior,UND,47.84,47.84,47.84,PEN,,
0216000250,"CAJA DE PASE CUADRADA F.G. EXTRAPESADO 800x800x130MM PLANCHA 5/64""",material,Artefactos Alumbrado Interior,UND,60.09,60.09,60.09,PEN,,
0216000251,"CAJA DE PASE CUADRADA F.G. EXTRAPESADO 1000x1000x130MM PLANCHA 5/64""",material,Artefactos Alumbrado Interior,UND,88.67,88.67,88.67,PEN,,
0216000252,"CAJA DE PASE CUADRADA F.G. EXTRAPESADO 1200x1200x130MM PLANCHA 5/64""",material,Artefactos Alumbrado Interior,UND,122.72,122.72,122.72,PEN,,
0216000253,"CAJA DE PASE CUADRADA F.G. EXTRAPESADO 150x150x150MM PLANCHA 5/64""",material,Artefactos Alumbrado Interior,UND,5.43,5.43,5.43,PEN,,
0216000254,"CAJA DE PASE CUADRADA F.G. EXTRAPESADO 200x200x150MM PLANCHA 5/64""",material,Artefactos Alumbrado Interior,UND,7.81,7.81,7.81,PEN,,
0216000255,"CAJA DE PASE CUADRADA F.G. EXTRAPESADO 250x250x150MM PLANCHA 5/64""",material,Artefactos Alumbrado Interior,UND,10.52,10.52,10.52,PEN,,
0216000256,"CAJA DE PASE CUADRADA F.G. EXTRAPESADO 300x300x150MM PLANCHA 5/64""",material,Artefactos Alumbrado Interior,UND,13.57,13.57,13.57,PEN,,
0216000257,"CAJA DE PASE CUADRADA F.G. EXTRAPESADO 350x350x150MM PLANCHA 5/64""",material,Artefactos Alumbrado Interior,UND,16.96,16.96,16.96,PEN,,
0216000258,"CAJA DE PASE CUADRADA F.G. EXTRAPESADO 400x400x150MM PLANCHA 5/64""",material,Artefactos Alumbrado Interior,UND,20.70,20.70,20.70,PEN,,
0216000259,"CAJA DE PASE CUADRADA F.G. EXTRAPESADO 500x500x150MM PLANCHA 5/64""",material,Artefactos Alumbrado Interior,UND,29.20,29.20,29.20,PEN,,
0216000260,"CAJA DE PASE CUADRADA F.G. EXTRAPESADO 600x600x150MM PLANCHA 5/64""",material,Artefactos Alumbrado Interior,UND,39.05,39.05,39.05,PEN,,
0216000261,"CAJA DE PASE CUADRADA F.G. EXTRAPESADO 700x700x150MM PLANCHA 5/64""",material,Artefactos Alumbrado Interior,UND,50.28,50.28,50.28,PEN,,
0216000262,"CAJA DE PASE CUADRADA F.G. EXTRAPESADO 800x800x150MM PLANCHA 5/64""",material,Artefactos Alumbrado Interior,UND,62.86,62.86,62.86,PEN,,
0216000263,"CAJA DE PASE CUADRADA F.G. EXTRAPESADO 1000x1000x150MM PLANCHA 5/64""",material,Artefactos Alumbrado Interior,UND,92.13,92.13,92.13,PEN,,
0216000264,"CAJA DE PASE CUADRADA F.G. EXTRAPESADO 1200x1200x150MM PLANCHA 5/64""",material,Artefactos Alumbrado Interior,UND,126.86,126.86,126.86,PEN,,
0216000265,"CAJA DE PASE CUADRADA F.G. EXTRAPESADO 250x250x200MM PLANCHA 5/64""",material,Artefactos Alumbrado Interior,UND,12.32,12.32,12.32,PEN,,
0216000266,"CAJA DE PASE CUADRADA F.G. EXTRAPESADO 300x300x200MM PLANCHA 5/64""",material,Artefactos Alumbrado Interior,UND,15.72,15.72,15.72,PEN,,
0216000267,"CAJA DE PASE CUADRADA F.G. EXTRAPESADO 350x350x200MM PLANCHA 5/64""",material,Artefactos Alumbrado Interior,UND,19.45,19.45,19.45,PEN,,
0216000268,"CAJA DE PASE CUADRADA F.G. EXTRAPESADO 400x400x200MM PLANCHA 5/64""",material,Artefactos Alumbrado Interior,UND,23.53,23.53,23.53,PEN,,
0216000269,"CAJA DE PASE CUADRADA F.G. EXTRAPESADO 500x500x200MM PLANCHA 5/64""",material,Artefactos Alumbrado Interior,UND,32.71,32.71,32.71,PEN,,
0216000270,"CAJA DE PASE CUADRADA F.G. EXTRAPESADO 600x600x200MM PLANCHA 5/64""",material,Artefactos Alumbrado Interior,UND,43.25,43.25,43.25,PEN,,
0216000271,"CAJA DE PASE CUADRADA F.G. EXTRAPESADO 700x700x200MM PLANCHA 5/64""",material,Artefactos Alumbrado Interior,UND,55.15,55.15,55.15,PEN,,
0216000272,"CAJA DE PASE CUADRADA F.G. EXTRAPESADO 800x800x200MM PLANCHA 5/64""",material,Artefactos Alumbrado Interior,UND,68.43,68.43,68.43,PEN,,
0216000273,"CAJA DE PASE CUADRADA F.G. EXTRAPESADO 1000x100x200MM PLANCHA 5/64""",material,Artefactos Alumbrado Interior,UND,99.06,99.06,99.06,PEN,,
0216000274,"CAJA DE PASE CUADRADA F.G. EXTRAPESADO 1200x1200x200MM PLANCHA 5/64""",material,Artefactos Alumbrado Interior,UND,135.16,135.16,135.16,PEN,,
0216000275,INTERRUPTORES TERMOMAGNETICOS DIN 2x10A -10KA,material,Artefactos Alumbrado Interior,UND,51.51,51.51,51.51,PEN,,
0216000276,INTERRUPTORES TERMOMAGNETICOS DIN 2x15A -10KA,material,Artefactos Alumbrado Interior,UND,51.51,51.51,51.51,PEN,,
0216000277,INTERRUPTORES TERMOMAGNETICOS DIN 2x20A -10KA,material,Artefactos Alumbrado Interior,UND,51.51,51.51,51.51,PEN,,
0216000278,INTERRUPTORES TERMOMAGNETICOS DIN 2x25A -10KA,material,Artefactos Alumbrado Interior,UND,51.51,51.51,51.51,PEN,,
0216000279,INTERRUPTORES TERMOMAGNETICOS DIN 2x32A -10KA,material,Artefactos Alumbrado Interior,UND,51.51,51.51,51.51,PEN,,
0216000280,INTERRUPTORES TERMOMAGNETICOS DIN 2x40A -10KA,material,Artefactos Alumbrado Interior,UND,58.84,58.84,58.84,PEN,,
0216000281,INTERRUPTORES TERMOMAGNETICOS DIN 2x50A -10KA,material,Artefactos Alumbrado Interior,UND,58.84,58.84,58.84,PEN,,
0216000282,INTERRUPTORES TERMOMAGNETICOS DIN 2x63A -10KA,material,Artefactos Alumbrado Interior,UND,58.84,58.84,58.84,PEN,,
0216000283,INTERRUPTORES TERMOMAGNETICOS DIN 3x25A -10KA,material,Artefactos Alumbrado Interior,UND,77.39,77.39,77.39,PEN,,
0216000284,INTERRUPTORES TERMOMAGNETICOS DIN 3x32A -10KA,material,Artefactos Alumbrado Interior,UND,77.39,77.39,77.39,PEN,,
0216000285,INTERRUPTORES TERMOMAGNETICOS DIN 3x40A -10KA,material,Artefactos Alumbrado Interior,UND,87.72,87.72,87.72,PEN,,
0216000286,INTERRUPTORES TERMOMAGNETICOS DIN 3x50A -10KA,material,Artefactos Alumbrado Interior,UND,87.72,87.72,87.72,PEN,,
0216000287,INTERRUPTORES TERMOMAGNETICOS DIN 3x63A -10KA,material,Artefactos Alumbrado Interior,UND,87.72,87.72,87.72,PEN,,
0216000288,INTERRUPTORES TERMOMAGNETICOS DIN 3x80A -10KA,material,Artefactos Alumbrado Interior,UND,198.04,198.04,198.04,PEN,,
0216000289,INTERRUPTORES TERMOMAGNETICOS DIN 3x100A -10KA,material,Artefactos Alumbrado Interior,UND,198.04,198.04,198.04,PEN,,
0216000290,INTERRUPTORES TERMOMAGNETICOS DIN 2x10A -6KA,material,Artefactos Alumbrado Interior,UND,35.08,35.08,35.08,PEN,,
0216000291,INTERRUPTORES TERMOMAGNETICOS DIN 2x15A -6KA,material,Artefactos Alumbrado Interior,UND,35.08,35.08,35.08,PEN,,
0216000292,INTERRUPTORES TERMOMAGNETICOS DIN 2x20A -6KA,material,Artefactos Alumbrado Interior,UND,35.08,35.08,35.08,PEN,,
0216000293,INTERRUPTORES TERMOMAGNETICOS DIN 2x25A -6KA,material,Artefactos Alumbrado Interior,UND,35.08,35.08,35.08,PEN,,
0216000294,INTERRUPTORES TERMOMAGNETICOS DIN 2x32A -6KA,material,Artefactos Alumbrado Interior,UND,35.08,35.08,35.08,PEN,,
0216000295,INTERRUPTORES TERMOMAGNETICOS DIN 2x40A -6KA,material,Artefactos Alumbrado Interior,UND,38.58,38.58,38.58,PEN,,
0216000296,INTERRUPTORES TERMOMAGNETICOS DIN 2x50A -6KA,material,Artefactos Alumbrado Interior,UND,38.58,38.58,38.58,PEN,,
0216000297,INTERRUPTORES TERMOMAGNETICOS DIN 2x63A -6KA,material,Artefactos Alumbrado Interior,UND,38.58,38.58,38.58,PEN,,
0216000298,INTERRUPTORES TERMOMAGNETICOS DIN 3x25A -6KA,material,Artefactos Alumbrado Interior,UND,58.45,58.45,58.45,PEN,,
0216000299,INTERRUPTORES TERMOMAGNETICOS DIN 3x32A -6KA,material,Artefactos Alumbrado Interior,UND,58.45,58.45,58.45,PEN,,
0216000300,INTERRUPTORES TERMOMAGNETICOS DIN 3x40A -6KA,material,Artefactos Alumbrado Interior,UND,65.57,65.57,65.57,PEN,,
0216000301,INTERRUPTORES TERMOMAGNETICOS DIN 3x50A -6KA,material,Artefactos Alumbrado Interior,UND,65.57,65.57,65.57,PEN,,
0216000302,INTERRUPTORES TERMOMAGNETICOS DIN 3x63A -6KA,material,Artefactos Alumbrado Interior,UND,65.57,65.57,65.57,PEN,,
0216000303,"INTERRUPTORES TERMOMAGNETICOS DIFERENCIAL DIN BTIN 2 POLO 16A, 6KA 400V, 30MA",material,Artefactos Alumbrado Interior,UND,203.21,203.21,203.21,PEN,,
0216000304,"INTERRUPTORES TERMOMAGNETICOS DIFERENCIAL DIN BTIN 2 POLO 20A, 6KA 400V, 30MA",material,Artefactos Alumbrado Interior,UND,203.21,203.21,203.21,PEN,,
0216000305,"INTERRUPTORES TERMOMAGNETICOS DIFERENCIAL DIN BTIN 2 POLO 25A, 6KA 400V, 30MA",material,Artefactos Alumbrado Interior,UND,203.21,203.21,203.21,PEN,,
0216000306,"INTERRUPTORES TERMOMAGNETICOS DIFERENCIAL DIN BTIN 2 POLO 32A, 6KA 400V, 30MA",material,Artefactos Alumbrado Interior,UND,203.21,203.21,203.21,PEN,,
0216000307,"INTERRUPTORES TERMOMAGNETICOS T.RIEL 2 POLO, 6A 120/240V 10KA",material,Artefactos Alumbrado Interior,UND,38.67,38.67,38.67,PEN,,
0216000308,"INTERRUPTORES TERMOMAGNETICOS T.RIEL 2 POLO, 10A 120/240V 10KA",material,Artefactos Alumbrado Interior,UND,29.88,29.88,29.88,PEN,,
0216000309,"INTERRUPTORES TERMOMAGNETICOS T.RIEL 2 POLO, 16A 120/240V 10KA",material,Artefactos Alumbrado Interior,UND,28.90,28.90,28.90,PEN,,
0216000310,"INTERRUPTORES TERMOMAGNETICOS T.RIEL 2 POLO, 20A 120/240V 10KA",material,Artefactos Alumbrado Interior,UND,28.90,28.90,28.90,PEN,,
0216000311,"INTERRUPTORES TERMOMAGNETICOS T.RIEL 2 POLO, 25A 120/240V 10KA",material,Artefactos Alumbrado Interior,UND,28.90,28.90,28.90,PEN,,
0216000312,"INTERRUPTORES TERMOMAGNETICOS T.RIEL 2 POLO, 32A 120/240V 10KA",material,Artefactos Alumbrado Interior,UND,28.90,28.90,28.90,PEN,,
0216000313,"INTERRUPTORES TERMOMAGNETICOS T.RIEL 2 POLO, 40A 120/240V 10KA",material,Artefactos Alumbrado Interior,UND,37.90,37.90,37.90,PEN,,
0216000314,"INTERRUPTORES TERMOMAGNETICOS T.RIEL 2 POLO, 50A 120/240V 10KA",material,Artefactos Alumbrado Interior,UND,39.52,39.52,39.52,PEN,,
0216000315,"INTERRUPTORES TERMOMAGNETICOS T.RIEL 2 POLO, 63A 120/240V 10KA",material,Artefactos Alumbrado Interior,UND,39.52,39.52,39.52,PEN,,
0216000316,"INTERRUPTORES TERMOMAGNETICOS T.RIEL 3 POLO, 6A 120/240V 10KA",material,Artefactos Alumbrado Interior,UND,83.68,83.68,83.68,PEN,,
0216000317,"INTERRUPTORES TERMOMAGNETICOS T.RIEL 3 POLO, 10A 120/240V 10KA",material,Artefactos Alumbrado Interior,UND,73.83,73.83,73.83,PEN,,
0216000318,"INTERRUPTORES TERMOMAGNETICOS T.RIEL 3 POLO, 16A 120/240V 10KA",material,Artefactos Alumbrado Interior,UND,73.83,73.83,73.83,PEN,,
0216000319,"INTERRUPTORES TERMOMAGNETICOS T.RIEL 3 POLO, 20A 120/240V 10KA",material,Artefactos Alumbrado Interior,UND,73.83,73.83,73.83,PEN,,
0216000320,"INTERRUPTORES TERMOMAGNETICOS T.RIEL 3 POLO, 25A 120/240V 10KA",material,Artefactos Alumbrado Interior,UND,73.83,73.83,73.83,PEN,,
0216000321,"INTERRUPTORES TERMOMAGNETICOS T.RIEL 3 POLO, 32A 120/240V 10KA",material,Artefactos Alumbrado Interior,UND,73.83,73.83,73.83,PEN,,
0216000322,"INTERRUPTORES TERMOMAGNETICOS T.RIEL 3 POLO, 40A 120/240V 10KA",material,Artefactos Alumbrado Interior,UND,84.38,84.38,84.38,PEN,,
0216000323,"INTERRUPTORES TERMOMAGNETICOS T.RIEL 3 POLO, 50A 120/240V 10KA",material,Artefactos Alumbrado Interior,UND,84.38,84.38,84.38,PEN,,
0216000324,"INTERRUPTORES TERMOMAGNETICOS T.RIEL 3 POLO, 63A 120/240V 10KA",material,Artefactos Alumbrado Interior,UND,84.38,84.38,84.38,PEN,,
0216000325,"INTERRUPTORES TERMO-DIFERENCIAL P RIEL DIN BTDIN 2 POLO, 16A 400V",material,Artefactos Alumbrado Interior,UND,234.15,234.15,234.15,PEN,,
0216000326,"INTERRUPTORES TERMO-DIFERENCIAL P RIEL DIN BTDIN 2 POLO, 20A 400V",material,Artefactos Alumbrado Interior,UND,234.15,234.15,234.15,PEN,,
0216000327,"INTERRUPTORES TERMO-DIFERENCIAL P RIEL DIN BTDIN 2 POLO, 25A 400V",material,Artefactos Alumbrado Interior,UND,234.15,234.15,234.15,PEN,,
0216000328,"INTERRUPTORES TERMO-DIFERENCIAL P RIEL DIN BTDIN 2 POLO, 32A 400V",material,Artefactos Alumbrado Interior,UND,234.15,234.15,234.15,PEN,,
0216000329,"INTERRUPTORES TERMO-DIFERENCIAL P RIEL DIN BTDIN 2 POLO, 40A 400V",material,Artefactos Alumbrado Interior,UND,265.09,265.09,265.09,PEN,,
0216000330,"INTERRUPTORES TERMO-DIFERENCIAL P RIEL DIN BTDIN 2 POLO, 50A 400V",material,Artefactos Alumbrado Interior,UND,265.09,265.09,265.09,PEN,,
0216000331,"INTERRUPTORES TERMO-DIFERENCIAL P RIEL DIN BTDIN 2 POLO, 63A 400V",material,Artefactos Alumbrado Interior,UND,265.09,265.09,265.09,PEN,,
0216000332,"INTERRUPTORES TERMO-DIFERENCIAL P RIEL DIN BTDIN 3 POLO, 16A 400V",material,Artefactos Alumbrado Interior,UND,351.58,351.58,351.58,PEN,,
0216000333,"INTERRUPTORES TERMO-DIFERENCIAL P RIEL DIN BTDIN 3 POLO, 20A 400V",material,Artefactos Alumbrado Interior,UND,351.58,351.58,351.58,PEN,,
0216000334,"INTERRUPTORES TERMO-DIFERENCIAL P RIEL DIN BTDIN 3 POLO, 25A 400V",material,Artefactos Alumbrado Interior,UND,351.58,351.58,351.58,PEN,,
0216000335,"INTERRUPTORES TERMO-DIFERENCIAL P RIEL DIN BTDIN 3 POLO, 32A 400V",material,Artefactos Alumbrado Interior,UND,351.58,351.58,351.58,PEN,,
0216000336,"INTERRUPTORES TERMO-DIFERENCIAL P RIEL DIN BTDIN 3 POLO, 40A 400V",material,Artefactos Alumbrado Interior,UND,368.46,368.46,368.46,PEN,,
0216000337,"INTERRUPTORES TERMO-DIFERENCIAL P RIEL DIN BTDIN 3 POLO, 50A 400V",material,Artefactos Alumbrado Interior,UND,368.46,368.46,368.46,PEN,,
0216000338,"INTERRUPTORES TERMO-DIFERENCIAL P RIEL DIN BTDIN 3 POLO, 63A 400V",material,Artefactos Alumbrado Interior,UND,368.46,368.46,368.46,PEN,,
0216000339,"INTERRUPTORES TERMO-DIFERENCIAL P RIEL DIN BTDIN 3 POLO, 16A 400V",material,Artefactos Alumbrado Interior,UND,355.80,355.80,355.80,PEN,,
0216000340,"INTERRUPTORES TERMO-DIFERENCIAL P RIEL DIN BTDIN 3 POLO, 20A 400V",material,Artefactos Alumbrado Interior,UND,355.80,355.80,355.80,PEN,,
0216000341,"INTERRUPTORES TERMO-DIFERENCIAL P RIEL DIN BTDIN 3 POLO, 25A 400V",material,Artefactos Alumbrado Interior,UND,355.80,355.80,355.80,PEN,,
0216000342,"INTERRUPTORES TERMO-DIFERENCIAL P RIEL DIN BTDIN 3 POLO, 32A 400V",material,Artefactos Alumbrado Interior,UND,355.80,355.80,355.80,PEN,,
0216000343,"INTERRUPTORES TERMO-DIFERENCIAL P RIEL DIN BTDIN 3 POLO, 40A 400V",material,Artefactos Alumbrado Interior,UND,375.49,375.49,375.49,PEN,,
0216000344,"INTERRUPTORES TERMO-DIFERENCIAL P RIEL DIN BTDIN 3 POLO, 50A 400V",material,Artefactos Alumbrado Interior,UND,375.49,375.49,375.49,PEN,,
0216000345,"INTERRUPTORES TERMO-DIFERENCIAL P RIEL DIN BTDIN 3 POLO, 63A 400V",material,Artefactos Alumbrado Interior,UND,375.49,375.49,375.49,PEN,,
0217000002,"ASFALTO DE PAVIMENTACION PEN 40/50, TANQUE",material,Asfalto,GLN,10.36,10.36,10.36,PEN,,
0217000003,"ASFALTO DE PAVIMENTACION PEN 40/50, CILINDRO",material,Asfalto,GLN,10.49,10.49,10.49,PEN,,
0217000004,"ASFALTO DE PAVIMENTACION PEN 60/70, TANQUE",material,Asfalto,GLN,10.36,10.36,10.36,PEN,,
0217000005,"ASFALTO DE PAVIMENTACION PEN 60/70, CILINDRO",material,Asfalto,GLN,10.49,10.49,10.49,PEN,,
0217000006,"ASFALTO DE PAVIMENTACION PEN 85/100, TANQUE",material,Asfalto,GLN,10.36,10.36,10.36,PEN,,
0217000007,"ASFALTO DE PAVIMENTACION PEN 85/100, CILINDRO",material,Asfalto,GLN,10.49,10.49,10.49,PEN,,
0217000008,"ASFALTO DE PAVIMENTACION PEN 120/150, TANQUE",material,Asfalto,GLN,10.36,10.36,10.36,PEN,,
0217000009,"ASFALTO DE PAVIMENTACION PEN 120/150, CILINDRO",material,Asfalto,GLN,10.49,10.49,10.49,PEN,,
0217000010,"ASFALTO DE PAVIMENTACION RC 250, TANQUE",material,Asfalto,GLN,10.78,10.78,10.78,PEN,,
0217000011,"ASFALTO DE PAVIMENTACION RC 250, CILINDRO",material,Asfalto,GLN,10.88,10.88,10.88,PEN,,
0217000012,"ASFALTO DE PAVIMENTACION MC 70, TANQUE",material,Asfalto,GLN,11.60,11.60,11.60,PEN,,
0217000013,"ASFALTO DE PAVIMENTACION MC 70, CILINDRO",material,Asfalto,GLN,11.70,11.70,11.70,PEN,,
0217000014,"ASFALTO DE PAVIMENTACION MC30, TANQUE",material,Asfalto,GLN,11.68,11.68,11.68,PEN,,
0217000015,"ASFALTO DE PAVIMENTACION MC 30, CILINDRO",material,Asfalto,GLN,11.78,11.78,11.78,PEN,,
0217000016,"ASFALTO DE PAVIMENTACION PEN 10/20, TANQUE",material,Asfalto,GLN,11.02,11.02,11.02,PEN,,
0217000017,"ASFALTO DE PAVIMENTACION PEN 10/20, CILINDRO",material,Asfalto,GLN,11.15,11.15,11.15,PEN,,
0217000018,"ASFALTO DE PAVIMENTACION PEN 20/30, TANQUE",material,Asfalto,GLN,11.02,11.02,11.02,PEN,,
0217000019,"ASFALTO DE PAVIMENTACION PEN 60/70, CILINDRO",material,Asfalto,GLN,10.36,10.36,10.36,PEN,,
0217000020,"ASFALTO DE PAVIMENTACION PEN 85/100, TANQUE",material,Asfalto,GLN,10.49,10.49,10.49,PEN,,
0217000021,"ASFALTO DE PAVIMENTACION PEN 85/100, CILINDRO",material,Asfalto,GLN,10.78,10.78,10.78,PEN,,
0217000022,"ASFALTO DE PAVIMENTACION PEN 120/150, TANQUE",material,Asfalto,GLN,10.88,10.88,10.88,PEN,,
0217000023,"ASFALTO DE PAVIMENTACION PEN 120/150, CILINDRO",material,Asfalto,GLN,11.60,11.60,11.60,PEN,,
0217000024,"ASFALTO DE PAVIMENTACION RC 250, TANQUE",material,Asfalto,GLN,11.70,11.70,11.70,PEN,,
0217000025,"ASFALTO DE PAVIMENTACION RC 250, CILINDRO",material,Asfalto,GLN,11.68,11.68,11.68,PEN,,
0217000026,"ASFALTO DE PAVIMENTACION MC 70, TANQUE",material,Asfalto,GLN,11.68,11.68,11.68,PEN,,
0217000027,"ASFALTO DE PAVIMENTACION MC 70, CILINDRO",material,Asfalto,GLN,11.78,11.78,11.78,PEN,,
0217000028,"ASFALTO DE PAVIMENTACION MC30, TANQUE",material,Asfalto,GLN,11.78,11.78,11.78,PEN,,
0217000029,"ASFALTO DE PAVIMENTACION MC 30, CILINDRO",material,Asfalto,GLN,11.77,11.77,11.77,PEN,,
0217000030,EMULSION ASFALTICA STANDARD CATIONICA DE ROTURA RAPIDA BD-CRR-1,material,Asfalto,GLN,14.00,14.00,14.00,PEN,,
0217000031,EMULSION ASFALTICA STANDARD CATIONICA DE ROTURA MEDIANA BD-CRR-2,material,Asfalto,GLN,15.59,15.59,15.59,PEN,,
0217000032,EMULSION ASFALTICA STANDARD CATIONICA DE ROTURA LENTA BD-CRL,material,Asfalto,GLN,14.27,14.27,14.27,PEN,,
0217000033,EMULSION ASFALTICA STANDARD CATIONICA SUPERESTABLE BP-CSE,material,Asfalto,GLN,14.27,14.27,14.27,PEN,,
0217000034,EMULSION ASFALTICA STANDARD CATIONICA DE ROTURA RAPIDA BP-CRR-2,material,Asfalto,GLN,14.79,14.79,14.79,PEN,,
0217000035,EMULSION ASFALTICA STANDARD CATIONICA DE ROTURA RAPIDA BD-CRR-1P,material,Asfalto,GLN,16.12,16.12,16.12,PEN,,
0217000036,EMULSION ASFALTICA STANDARD CATIONICA DE ROTURA MEDIANA BD-CRR-2P,material,Asfalto,GLN,18.36,18.36,18.36,PEN,,
0217000037,EMULSION ASFALTICA STANDARD CATIONICA DE ROTURA LENTA BD-CRL-1P,material,Asfalto,GLN,16.64,16.64,16.64,PEN,,
0217000038,EMULSION ASFALTICA STANDARD CATIONICA SUPERESTABLE BP-CSE-1P,material,Asfalto,GLN,16.64,16.64,16.64,PEN,,
0217000039,EMULSION ASFALTICA STANDARD CATIONICA DE ROTURA RAPIDA BP-CRR-2P,material,Asfalto,GLN,17.04,17.04,17.04,PEN,,
0217000040,MEZCLA ASFALTICA INSTANTANEA DE 30kg,material,Asfalto,BLS,118.89,118.89,118.89,PEN,,
0217000041,MEJORADOR DE ADHERENCIA TIPO AMINA P/ASFALTOS-BITUCOTE PLUS,material,Asfalto,KG,46.23,46.23,46.23,PEN,,
0217000042,BITUFLEX,material,Asfalto,KG,13.21,13.21,13.21,PEN,,
0217000043,MEGASOIL,material,Asfalto,KG,369.87,369.87,369.87,PEN,,
0218000001,BALDOSAS RADAR USG 1.20x0.60m,material,Baldosa Acústica,M2,26.50,26.50,26.50,PEN,,
0218000002,BALDOSAS FISURE SKYLINE 1.20x0.60m,material,Baldosa Acústica,PZA,17.56,17.56,17.56,PEN,,
0218000003,BALDOSAS OLYMPIA SKYLINE 1.20x0.60m,material,Baldosa Acústica,PZA,17.64,17.64,17.64,PEN,,
0207000001,"PISO VINILICO E=1,6 mm 30,5x30,5 cm STANDARD",material,Baldosa Vinílica,M2,17.32,17.32,17.32,PEN,,
0207000002,"PISO VINILICO E=2,5 mm 30,5x30,5 cm STANDARD",material,Baldosa Vinílica,M2,31.62,31.62,31.62,PEN,,
0207000003,"PISO VINILICO E=3,2 mm 30,5x30,5 cm STANDARD",material,Baldosa Vinílica,M2,46.07,46.07,46.07,PEN,,
0207000004,"PISO VINILICO E=1,6 mm 30,5x30,5 cm EXCELENCIA",material,Baldosa Vinílica,M2,17.32,17.32,17.32,PEN,,
0207000005,"PISO VINILICO E=2,5 mm 30,5x30,5 cm EXCELENCIA",material,Baldosa Vinílica,M2,32.61,32.61,32.61,PEN,,
0207000006,"PISO VINILICO E=3,2 mm 30,5x30,5 cm EXCELENCIA",material,Baldosa Vinílica,M2,49.53,49.53,49.53,PEN,,
0207000007,"PISO VINILICO E=1,6 mm 30,5x30,5 cm SOLIDA",material,Baldosa Vinílica,M2,17.32,17.32,17.32,PEN,,
0207000008,"PISO VINILICO E=1,6 mm 30,5x30,5 cm NATURAL",material,Baldosa Vinílica,M2,17.32,17.32,17.32,PEN,,
0207000009,"PISO VINILICO E=1,6 mm 30,5x30,5 cm MADERAS",material,Baldosa Vinílica,M2,17.32,17.32,17.32,PEN,,
0207000010,"PISO VINILICO E=1,6 mm 30,5x30,5 cm DURAVINIL",material,Baldosa Vinílica,M2,15.12,15.12,15.12,PEN,,
0207000011,"ZOCALO VINILICO H=3""",material,Baldosa Vinílica,M,4.22,4.22,4.22,PEN,,
0207000012,"ZOCALO VINILICO H=4""",material,Baldosa Vinílica,M,8.15,8.15,8.15,PEN,,
0207000013,"ZOCALO VINILICO H=6""",material,Baldosa Vinílica,M,9.37,9.37,9.37,PEN,,
0207000014,PASO DE ESCALERA,material,Baldosa Vinílica,M,28.86,28.86,28.86,PEN,,
0207000015,PROTECTOR DE ALFOMBRA - VINOLEUM A=0.60 m,material,Baldosa Vinílica,M,28.86,28.86,28.86,PEN,,
0207000016,PERFIL DE GRADA VINILICO,material,Baldosa Vinílica,M,14.48,14.48,14.48,PEN,,
0219000001,"LADRILLO ARCILLA HUECO 8, 8X30X30cm",material,Bloques y Ladrillos,MLL,1884.94,1884.94,1884.94,PEN,,
0219000002,"LADRILLO ARCILLA HUECO 12, 12X30X30cm",material,Bloques y Ladrillos,MLL,2076.38,2076.38,2076.38,PEN,,
0219000003,"LADRILLO ARCILLA HUECO 15, 15X30X30cm",material,Bloques y Ladrillos,MLL,2161.61,2161.61,2161.61,PEN,,
0219000004,"LADRILLO ARCILLA HUECO 15, Acanalado 15X30X30cm",material,Bloques y Ladrillos,MLL,2136.82,2136.82,2136.82,PEN,,
0219000005,"LADRILLO ARCILLA HUECO 20, 20X30X30cm",material,Bloques y Ladrillos,MLL,3326.04,3326.04,3326.04,PEN,,
0219000006,"LADRILLO ARCILLA HUECO 25, 25X30X30cm",material,Bloques y Ladrillos,MLL,3483.68,3483.68,3483.68,PEN,,
0219000007,"LADRILLO ARCILLA Pastelero a Maquina, 3X30X30cm",material,Bloques y Ladrillos,MLL,1145.94,1145.94,1145.94,PEN,,
0219000008,"LADRILLO ARCILLA 18 HUECOS (Tipo IV), 9x12x24cm",material,Bloques y Ladrillos,MLL,694.19,694.19,694.19,PEN,,
0219000009,"LADRILLO ARCILLA ( 30% Vacio), 9x12x24cm",material,Bloques y Ladrillos,MLL,1224.21,1224.21,1224.21,PEN,,
0219000010,"LADRILLO ARCILLA 18 HUECOS CARAVISTA (Tipo IV), 9x12x24cm",material,Bloques y Ladrillos,MLL,1216.37,1216.37,1216.37,PEN,,
0219000011,"LADRILLO ARCILLA PANDERETA LISA, 9x11x23cm",material,Bloques y Ladrillos,MLL,570.62,570.62,570.62,PEN,,
0219000012,"LADRILLO ARCILLA PANDERETA ACANALADA, 9.5x11x24cm",material,Bloques y Ladrillos,MLL,551.64,551.64,551.64,PEN,,
0219000013,"LADRILLO ARCILLA CARAVISTA CORRIENTE, 6x12.5x23cm",material,Bloques y Ladrillos,MLL,954.77,954.77,954.77,PEN,,
0219000014,"ADOQUIN 4x10.5x21cm, (en 10 Colores)",material,Bloques y Ladrillos,M2,20.32,20.32,20.32,PEN,,
0219000015,"ADOQUIN 6x10.5x21cm, (en 10 Colores)",material,Bloques y Ladrillos,M2,25.72,25.72,25.72,PEN,,
0219000016,"ADOQUIN 8x10.5x21cm, (en 10 Colores)",material,Bloques y Ladrillos,M2,31.49,31.49,31.49,PEN,,
0219000017,"LADRILLO KK 11 HUECO, 12.5x24x16cm",material,Bloques y Ladrillos,MLL,1002.73,1002.73,1002.73,PEN,,
0219000018,"PLACAS SILICO CALCAREAS P-7, 7x50x25cm",material,Bloques y Ladrillos,MLL,2506.83,2506.83,2506.83,PEN,,
0219000019,"PLACAS SILICO CALCAREAS P-10, 10x50x25cm",material,Bloques y Ladrillos,MLL,2757.51,2757.51,2757.51,PEN,,
0219000020,"PLACAS SILICO CALCAREAS P-10, 10x50x25cm, C/Canaleta",material,Bloques y Ladrillos,MLL,2757.51,2757.51,2757.51,PEN,,
0219000021,"PLACAS SILICO CALCAREAS P-12, 12x50x25cm",material,Bloques y Ladrillos,MLL,3091.75,3091.75,3091.75,PEN,,
0219000022,"PLACAS SILICO CALCAREAS P-12, 12x50x25cm, C/Canaleta",material,Bloques y Ladrillos,MLL,3091.75,3091.75,3091.75,PEN,,
0219000023,"PLACAS SILICO CALCAREAS P-14, 14x50x25cm",material,Bloques y Ladrillos,MLL,3509.56,3509.56,3509.56,PEN,,
0219000024,"PLACAS SILICO CALCAREAS P-14, 14x50x25cm, C/Canaleta",material,Bloques y Ladrillos,MLL,3509.56,3509.56,3509.56,PEN,,
0219000025,MORTERO FINO PARA SOLAQUEOS DE MUROS 40kg,material,Bloques y Ladrillos,BLS,4.68,4.68,4.68,PEN,,
0219000026,MORTERO FINO PARA TARRAJEO DE MUROS 40kg,material,Bloques y Ladrillos,BLS,4.68,4.68,4.68,PEN,,
0219000027,MORTERO GRUESO PARA MUROS DIVISORIOS 40kg,material,Bloques y Ladrillos,BLS,4.68,4.68,4.68,PEN,,
0219000028,MORTERO GRUESO PARA MUROS PORTANTES 40kg,material,Bloques y Ladrillos,BLS,5.35,5.35,5.35,PEN,,
0219000029,CONCRETO PARA MUROS DIVISORIOS 40 kg,material,Bloques y Ladrillos,BLS,5.26,5.26,5.26,PEN,,
0219000030,CONCRETO PARA MUROS PORTANTES 40 kg,material,Bloques y Ladrillos,BLS,6.60,6.60,6.60,PEN,,
0220000001,NYY UNIPOLAR 1KV 1x10mm2,material,Cable NKY - NYY,M,6.63,6.63,6.63,PEN,,
0220000002,NYY UNIPOLAR 1KV 1x16mm2,material,Cable NKY - NYY,M,10.17,10.17,10.17,PEN,,
0220000003,NYY UNIPOLAR 1KV 1x25mm2,material,Cable NKY - NYY,M,15.88,15.88,15.88,PEN,,
0220000004,NYY UNIPOLAR 1KV 1x35mm2,material,Cable NKY - NYY,M,21.50,21.50,21.50,PEN,,
0220000005,NYY UNIPOLAR 1KV 1x70mm2,material,Cable NKY - NYY,M,41.09,41.09,41.09,PEN,,
0220000006,NYY UNIPOLAR 1KV 1x120mm2,material,Cable NKY - NYY,M,71.91,71.91,71.91,PEN,,
0220000007,NYY UNIPOLAR 1KV 3-1x6mm2,material,Cable NKY - NYY,M,12.98,12.98,12.98,PEN,,
0220000008,NYY UNIPOLAR 1KV 3-1x10mm2,material,Cable NKY - NYY,M,19.92,19.92,19.92,PEN,,
0220000009,NYY UNIPOLAR 1KV 3-1x16mm2,material,Cable NKY - NYY,M,31.28,31.28,31.28,PEN,,
0220000010,NYY UNIPOLAR 1KV 3-1x25mm2,material,Cable NKY - NYY,M,48.33,48.33,48.33,PEN,,
0220000011,NYY UNIPOLAR 1KV 3-1x35mm2,material,Cable NKY - NYY,M,65.48,65.48,65.48,PEN,,
0220000012,NYY UNIPOLAR 1KV 3-1x50mm2,material,Cable NKY - NYY,M,88.00,88.00,88.00,PEN,,
0220000013,NYY UNIPOLAR 1KV 3-1x70mm2,material,Cable NKY - NYY,M,124.90,124.90,124.90,PEN,,
0220000014,NYY UNIPOLAR 1KV 3-1x95mm2,material,Cable NKY - NYY,M,171.00,171.00,171.00,PEN,,
0220000015,NYY UNIPOLAR 1KV 3-1x120mm2,material,Cable NKY - NYY,M,218.57,218.57,218.57,PEN,,
0220000016,NYY UNIPOLAR 1KV 3-1x150mm2,material,Cable NKY - NYY,M,268.02,268.02,268.02,PEN,,
0220000017,NYY UNIPOLAR 1KV 3-1x185mm2,material,Cable NKY - NYY,M,337.85,337.85,337.85,PEN,,
0220000018,NYY UNIPOLAR 1KV 3-1x240mm2,material,Cable NKY - NYY,M,446.46,446.46,446.46,PEN,,
0220000019,NYY UNIPOLAR 1KV 3-1x300mm2,material,Cable NKY - NYY,M,557.64,557.64,557.64,PEN,,
0220000020,THW CABLEADO 2.5mm2,material,Cable NKY - NYY,M,1.67,1.67,1.67,PEN,,
0220000021,THW CABLEADO 4.0mm2,material,Cable NKY - NYY,M,2.54,2.54,2.54,PEN,,
0220000022,THW CABLEADO 6.0mm2,material,Cable NKY - NYY,M,3.84,3.84,3.84,PEN,,
0220000023,THW CABLEADO 10.0mm2,material,Cable NKY - NYY,M,6.27,6.27,6.27,PEN,,
0220000024,THW CABLEADO 16.0mm2,material,Cable NKY - NYY,M,9.37,9.37,9.37,PEN,,
0220000025,THW CABLEADO 25.0mm2,material,Cable NKY - NYY,M,14.59,14.59,14.59,PEN,,
0220000026,THW CABLEADO 35.0mm2,material,Cable NKY - NYY,M,20.02,20.02,20.02,PEN,,
0220000027,THW CABLEADO 50.0mm2,material,Cable NKY - NYY,M,27.65,27.65,27.65,PEN,,
0220000028,THW CABLEADO 70.0mm2,material,Cable NKY - NYY,M,38.88,38.88,38.88,PEN,,
0220000029,THW CABLEADO 95.0mm2,material,Cable NKY - NYY,M,53.36,53.36,53.36,PEN,,
0220000030,TW CABLEADO 2.5mm2,material,Cable NKY - NYY,M,1.62,1.62,1.62,PEN,,
0220000031,TW CABLEADO 4.0mm2,material,Cable NKY - NYY,M,2.49,2.49,2.49,PEN,,
0220000032,TW CABLEADO 6.0mm2,material,Cable NKY - NYY,M,3.68,3.68,3.68,PEN,,
0220000033,TW CABLEADO 16.0mm2,material,Cable NKY - NYY,M,9.05,9.05,9.05,PEN,,
0220000034,TW CABLEADO 25.0mm2,material,Cable NKY - NYY,M,13.87,13.87,13.87,PEN,,
0220000035,TW CABLEADO 35.0mm2,material,Cable NKY - NYY,M,19.13,19.13,19.13,PEN,,
0220000036,TW CABLEADO 50.0mm2,material,Cable NKY - NYY,M,26.51,26.51,26.51,PEN,,
0220000037,TW CABLEADO 70.0mm2,material,Cable NKY - NYY,M,38.04,38.04,38.04,PEN,,
0220000038,TW CABLEADO 95.0mm2,material,Cable NKY - NYY,M,52.78,52.78,52.78,PEN,,
0220000039,NLT 380V DE 2x16 AWG,material,Cable NKY - NYY,M,2.98,2.98,2.98,PEN,,
0220000040,NLT 380V DE 2x14 AWG,material,Cable NKY - NYY,M,4.37,4.37,4.37,PEN,,
0220000041,NLT 500V DE 2x12 AWG,material,Cable NKY - NYY,M,6.32,6.32,6.32,PEN,,
0220000042,NLT 500V DE 2x10 AWG,material,Cable NKY - NYY,M,9.88,9.88,9.88,PEN,,
0220000043,NLT 380V DE 3x16 AWG,material,Cable NKY - NYY,M,4.04,4.04,4.04,PEN,,
0220000044,NLT 380V DE 3x14 AWG,material,Cable NKY - NYY,M,5.95,5.95,5.95,PEN,,
0220000045,NLT 500V DE 3x12 AWG,material,Cable NKY - NYY,M,8.82,8.82,8.82,PEN,,
0220000046,NLT 500V DE 3x10 AWG,material,Cable NKY - NYY,M,13.70,13.70,13.70,PEN,,
0220000047,NLT 1KV DE 3x8 AWG,material,Cable NKY - NYY,M,23.55,23.55,23.55,PEN,,
0220000048,NLT 380V DE 4x16 AWG,material,Cable NKY - NYY,M,5.19,5.19,5.19,PEN,,
0220000049,NLT 380V DE 4x14 AWG,material,Cable NKY - NYY,M,7.60,7.60,7.60,PEN,,
0220000050,NLT 500V DE 4x12 AWG,material,Cable NKY - NYY,M,12.76,12.76,12.76,PEN,,
0220000051,NLT 1KV DE 4x10 AWG,material,Cable NKY - NYY,M,21.22,21.22,21.22,PEN,,
0220000052,NLT 1KV DE 4x8 AWG,material,Cable NKY - NYY,M,31.26,31.26,31.26,PEN,,
0220000053,N2XH 1KV 3-1X16mm2,material,Cable NKY - NYY,M,32.94,32.94,32.94,PEN,,
0220000054,N2XH 1KV 3-1X25mm2,material,Cable NKY - NYY,M,50.90,50.90,50.90,PEN,,
0220000055,N2XH 1KV 3-1X35mm2,material,Cable NKY - NYY,M,68.53,68.53,68.53,PEN,,
0220000056,N2XH 1KV 3-1X50mm2,material,Cable NKY - NYY,M,92.01,92.01,92.01,PEN,,
0220000057,N2XH 1KV 3-1X70mm2,material,Cable NKY - NYY,M,130.37,130.37,130.37,PEN,,
0220000058,N2XH 1KV 3-1X95mm2,material,Cable NKY - NYY,M,181.44,181.44,181.44,PEN,,
0220000059,N2XH 1KV 3-1X120mm2,material,Cable NKY - NYY,M,226.95,226.95,226.95,PEN,,
0220000060,NH-70 (LSOH-70) 750V 2.5mm2,material,Cable NKY - NYY,M,1.76,1.76,1.76,PEN,,
0220000061,NH-70 (LSOH-70) 750V 4mm2,material,Cable NKY - NYY,M,2.69,2.69,2.69,PEN,,
0220000062,NH-70 (LSOH-70) 750V 6mm2,material,Cable NKY - NYY,M,4.06,4.06,4.06,PEN,,
0220000063,NH-70 (LSOH-70) 750V 10mm2,material,Cable NKY - NYY,M,6.58,6.58,6.58,PEN,,
0220000064,NH-70 (LSOH-70) 750V 16mm2,material,Cable NKY - NYY,M,9.55,9.55,9.55,PEN,,
0220000065,NH-70 (LSOH-70) 750V 25mm2,material,Cable NKY - NYY,M,19.44,19.44,19.44,PEN,,
0220000066,NH-70 (LSOH-70) 750V 35mm2,material,Cable NKY - NYY,M,20.51,20.51,20.51,PEN,,
0221000001,"CEMENTO TIPO I, INKA",material,Cemento Portland I,BLS,26.55,26.55,26.55,PEN,,
0221000002,"CEMENTO MS ANTISALITRE, INKA",material,Cemento Portland I,BLS,30.23,30.23,30.23,PEN,,
0221000003,"CEMENTO PORTLAND TIPO I, EL SOL",material,Cemento Portland I,BLS,24.90,24.90,24.90,PEN,,
0221000004,"CEMENTO PORTLAND TIPO V, ANDINO",material,Cemento Portland I,BLS,31.07,31.07,31.07,PEN,,
0221000005,"CEMENTO PORTLAND TIPO I, ANDINO (IPM)",material,Cemento Portland I,BLS,23.60,23.60,23.60,PEN,,
0221000006,"CEMENTO PORTLAND TIPO I, APU",material,Cemento Portland I,BLS,22.91,22.91,22.91,PEN,,
0222000001,"EMULSIONES EXAGEL-E TIPO 80 1"" x 8""",material,Dinamita,KG,7.20,7.20,7.20,PEN,,
0222000002,"EMULSIONES EXAGEL-E TIPO 65 1"" x 8""",material,Dinamita,KG,6.87,6.87,6.87,PEN,,
0222000003,"EMULSIONES EXAGEL-E TIPO 65 1 1/8"" x 16""",material,Dinamita,KG,6.87,6.87,6.87,PEN,,
0222000004,"EMULSIONES EXAGEL-E TIPO 65 1 1/4"" x 16""",material,Dinamita,KG,6.73,6.73,6.73,PEN,,
0222000005,"EMULSIONES EXAGEL-E TIPO 65 1 1/4"" x 16""",material,Dinamita,KG,6.69,6.69,6.69,PEN,,
0222000006,"EMULSIONES EXAGEL-E TIPO 65 2"" x 16""",material,Dinamita,KG,6.62,6.62,6.62,PEN,,
0222000007,"EMULSIONES EXAGEL-E TIPO 65 3"" x 16""",material,Dinamita,KG,6.43,6.43,6.43,PEN,,
0222000008,"EMULSIONES EXAGEL-E TIPO 65 4"" x 16""",material,Dinamita,KG,6.40,6.40,6.40,PEN,,
0222000009,"EMULSIONES SEMEXSA-E TIPO 65 7/8"" x 7""",material,Dinamita,KG,8.04,8.04,8.04,PEN,,
0222000010,"EMULSIONES SEMEXSA-E TIPO 65 1 1/8"" x 8""",material,Dinamita,KG,8.04,8.04,8.04,PEN,,
0222000011,"EMULSIONES SEMEXSA-E TIPO 65 1 1/2"" x 8""",material,Dinamita,KG,8.04,8.04,8.04,PEN,,
0222000012,"EMULSIONES SEMEXSA-E TIPO 65 1 1/2"" x 12""",material,Dinamita,KG,8.04,8.04,8.04,PEN,,
0222000013,"EMULSIONES SLURREX-E TIPO 40 3""",material,Dinamita,KG,5.63,5.63,5.63,PEN,,
0222000014,"EMULSIONES SLURREX-E TIPO 40 4""",material,Dinamita,KG,5.45,5.45,5.45,PEN,,
0222000015,"EMULSIONES SLURREX-E TIPO 40 6""",material,Dinamita,KG,4.68,4.68,4.68,PEN,,
0222000016,"EMULSIONES SLURREX-AP TIPO 60 8""",material,Dinamita,KG,2.86,2.86,2.86,PEN,,
0222000017,"EMULSIONES SLURREX-AP TIPO 80 8""",material,Dinamita,KG,2.97,2.97,2.97,PEN,,
0222000018,"DINAMITA EXSACORTE 7/8"" x 28""",material,Dinamita,KG,19.52,19.52,19.52,PEN,,
0222000019,"DINAMITA GEODIT 1 2"" x 8""",material,Dinamita,KG,7.34,7.34,7.34,PEN,,
0222000020,"DINAMITA GEODIT 4 1 1/4"" x 5""",material,Dinamita,KG,3.74,3.74,3.74,PEN,,
0222000021,"DINAMITA SEMEXSA TIPO 80 7/8"" x 7""",material,Dinamita,KG,9.20,9.20,9.20,PEN,,
0222000022,"DINAMITA SEMEXSA TIPO 80 7/8"" x 8""",material,Dinamita,KG,9.24,9.24,9.24,PEN,,
0222000023,"DINAMITA SEMEXSA TIPO 80 1"" x 7""",material,Dinamita,KG,8.88,8.88,8.88,PEN,,
0222000024,"DINAMITA SEMEXSA TIPO 80 1 1/8"" x 8""",material,Dinamita,KG,8.55,8.55,8.55,PEN,,
0222000025,"DINAMITA SEMEXSA TIPO 80 1 1/4"" x 8""",material,Dinamita,KG,8.73,8.73,8.73,PEN,,
0222000026,"DINAMITA SEMEXSA TIPO 80 1 1/2"" x 8""",material,Dinamita,KG,9.50,9.50,9.50,PEN,,
0222000027,"DINAMITA SEMEXSA TIPO 80 1 1/2"" x 12""",material,Dinamita,KG,8.55,8.55,8.55,PEN,,
0222000028,"DINAMITA SEMEXSA TIPO 80 2"" x 8""",material,Dinamita,KG,8.55,8.55,8.55,PEN,,
0222000029,"DINAMITA GELATINA TIPO 75 7/8"" x 7""",material,Dinamita,KG,9.64,9.64,9.64,PEN,,
0222000030,"DINAMITA GELATINA TIPO 75 7/8"" x 8""",material,Dinamita,KG,10.52,10.52,10.52,PEN,,
0222000031,"DINAMITA GELATINA TIPO 75 1 1/8"" x 8""",material,Dinamita,KG,8.99,8.99,8.99,PEN,,
0222000032,"DINAMITA GELATINA TIPO 75 1 1/4"" x 8""",material,Dinamita,KG,10.88,10.88,10.88,PEN,,
0222000033,"DINAMITA GELATINA TIPO 75 1 1/2"" x 8""",material,Dinamita,KG,9.90,9.90,9.90,PEN,,
0222000034,"DINAMITA GELATINA TIPO 75 1 1 /2"" x 12""",material,Dinamita,KG,8.99,8.99,8.99,PEN,,
0222000035,"DINAMITA GELATINA TIPO 75 2"" x 8""",material,Dinamita,KG,8.99,8.99,8.99,PEN,,
0222000036,"DINAMITA GELATINA TIPO 75 2 1/2"" x 8""",material,Dinamita,KG,9.97,9.97,9.97,PEN,,
0222000037,"DINAMITA GELATINA TIPO 90 7/8"" x 7""",material,Dinamita,KG,10.48,10.48,10.48,PEN,,
0222000038,"DINAMITA GELATINA TIPO 90 7/8"" x 8""",material,Dinamita,KG,10.63,10.63,10.63,PEN,,
0222000039,"DINAMITA GELATINA TIPO 90 1 1/8"" x 8""",material,Dinamita,KG,9.93,9.93,9.93,PEN,,
0222000040,"DINAMITA GELATINA TIPO 90 1 1/4"" x 8""",material,Dinamita,KG,11.65,11.65,11.65,PEN,,
0222000041,"DINAMITA GELATINA TIPO 90 1 1/2"" x 8""",material,Dinamita,KG,10.59,10.59,10.59,PEN,,
0222000042,"DINAMITA GELATINA TIPO 90 1 1/2"" x 12""",material,Dinamita,KG,9.90,9.90,9.90,PEN,,
0222000043,"DINAMITA GELATINA TIPO 90 2"" x 8""",material,Dinamita,KG,9.82,9.82,9.82,PEN,,
0222000044,"DINAMITA GELATINA TIPO 90 2 1/2"" x 8""",material,Dinamita,KG,10.66,10.66,10.66,PEN,,
0222000045,"DINAMITA GELIGNITA 7/8"" x 7""",material,Dinamita,KG,8.33,8.33,8.33,PEN,,
0222000046,"DINAMITA GELIGNITA 7/8"" x 8""",material,Dinamita,KG,8.58,8.58,8.58,PEN,,
0222000047,"DINAMITA GELIGNITA 1 1/8"" x 8""",material,Dinamita,KG,8.22,8.22,8.22,PEN,,
0222000048,"DINAMITA GELIGNITA 1 1/4"" x 8""",material,Dinamita,KG,8.15,8.15,8.15,PEN,,
0222000049,"DINAMITA EXADIT TIPO 45 7/8"" x 7""",material,Dinamita,KG,7.20,7.20,7.20,PEN,,
0222000050,"DINAMITA EXADIT TIPO 45 1 1/4"" x 8""",material,Dinamita,KG,7.45,7.45,7.45,PEN,,
0222000051,"DINAMITA EXADIT TIPO 60 1 1/2"" x 8""",material,Dinamita,KG,7.82,7.82,7.82,PEN,,
0222000052,"DINAMITA EXADIT TIPO 65 7/8"" x 7""",material,Dinamita,KG,7.53,7.53,7.53,PEN,,
0222000053,"DINAMITA EXADIT TIPO 65 7/8"" x 8""",material,Dinamita,KG,7.67,7.67,7.67,PEN,,
0222000054,"DINAMITA EXADIT TIPO 65 1"" x 7""",material,Dinamita,KG,7.34,7.34,7.34,PEN,,
0222000055,"DINAMITA EXADIT TIPO 65 1 1/8"" x 7""",material,Dinamita,KG,7.20,7.20,7.20,PEN,,
0222000056,"DINAMITA EXADIT TIPO 65 1 1/8"" x 8""",material,Dinamita,KG,7.38,7.38,7.38,PEN,,
0222000057,"DINAMITA EXADIT TIPO 65 1 1/4"" x 8""",material,Dinamita,KG,7.45,7.45,7.45,PEN,,
0222000058,"DINAMITA SEMEXSA TIPO 45 7/8"" x 7""",material,Dinamita,KG,7.96,7.96,7.96,PEN,,
0222000059,"DINAMITA SEMEXSA TIPO 45 7/8"" x 8""",material,Dinamita,KG,8.15,8.15,8.15,PEN,,
0222000060,"DINAMITA SEMEXSA TIPO 45 1"" x 7""",material,Dinamita,KG,7.78,7.78,7.78,PEN,,
0222000061,"DINAMITA SEMEXSA TIPO 45 1 1/8"" x 7""",material,Dinamita,KG,7.64,7.64,7.64,PEN,,
0222000062,"DINAMITA SEMEXSA TIPO 45 1 1/8"" x 8""",material,Dinamita,KG,7.78,7.78,7.78,PEN,,
0222000063,"DINAMITA SEMEXSA TIPO 45 1 1/4"" x 8""",material,Dinamita,KG,7.71,7.71,7.71,PEN,,
0222000064,"DINAMITA SEMEXSA TIPO 45 1 1/2"" x 8""",material,Dinamita,KG,8.40,8.40,8.40,PEN,,
0222000065,"DIMANITA SEMEXSA TIPO 60 7/8"" x 7""",material,Dinamita,KG,8.11,8.11,8.11,PEN,,
0222000066,"DIMANITA SEMEXSA TIPO 60 7/8"" x 8""",material,Dinamita,KG,8.33,8.33,8.33,PEN,,
0222000067,"DIMANITA SEMEXSA TIPO 60 1"" x 7""",material,Dinamita,KG,7.93,7.93,7.93,PEN,,
0222000068,"DIMANITA SEMEXSA TIPO 60 1 1/8"" x 7""",material,Dinamita,KG,7.78,7.78,7.78,PEN,,
0222000069,"DIMANITA SEMEXSA TIPO 60 1 1/8"" x 8""",material,Dinamita,KG,7.93,7.93,7.93,PEN,,
0222000070,"DIMANITA SEMEXSA TIPO 60 1 1/4"" x 8""",material,Dinamita,KG,7.86,7.86,7.86,PEN,,
0222000071,"DIMANITA SEMEXSA TIPO 60 1 1/2"" x 8""",material,Dinamita,KG,8.58,8.58,8.58,PEN,,
0222000072,"DIMANITA SEMEXSA TIPO 65 7/8"" x 7""",material,Dinamita,KG,8.33,8.33,8.33,PEN,,
0222000073,"DIMANITA SEMEXSA TIPO 65 7/8"" x 8""",material,Dinamita,KG,8.58,8.58,8.58,PEN,,
0222000074,"DIMANITA SEMEXSA TIPO 65 1"" x 7""",material,Dinamita,KG,8.18,8.18,8.18,PEN,,
0222000075,"DIMANITA SEMEXSA TIPO 65 1 1/8"" x 7""",material,Dinamita,KG,8.04,8.04,8.04,PEN,,
0222000076,"DIMANITA SEMEXSA TIPO 65 1 1/8"" x 8""",material,Dinamita,KG,8.22,8.22,8.22,PEN,,
0222000077,"DIMANITA SEMEXSA TIPO 65 1 1/4"" x 8""",material,Dinamita,KG,8.15,8.15,8.15,PEN,,
0222000078,"DIMANITA SEMEXSA TIPO 65 1 1/2"" x 8""",material,Dinamita,KG,8.73,8.73,8.73,PEN,,
0222000079,"DIMANITA SEMEXSA TIPO 65 1 1/2"" x 12""",material,Dinamita,KG,8.04,8.04,8.04,PEN,,
0222000080,"DIMANITA SEMEXSA TIPO 65 2"" x 8""",material,Dinamita,KG,8.04,8.04,8.04,PEN,,
0222000081,"HIDROGELES LURIGEL TIPO 800 1 1/8"" x 16""",material,Dinamita,KG,9.17,9.17,9.17,PEN,,
0222000082,"HIDROGELES LURIGEL TIPO 800 1 1/4"" x 16""",material,Dinamita,KG,9.02,9.02,9.02,PEN,,
0222000083,"HIDROGELES LURIGEL TIPO 800 1 1/2"" x 16""",material,Dinamita,KG,8.95,8.95,8.95,PEN,,
0222000084,"HIDROGELES LURIGEL TIPO 800 2"" x 16""",material,Dinamita,KG,8.88,8.88,8.88,PEN,,
0222000085,"HIDROGELES LURIGEL TIPO 800 3"" x 16""",material,Dinamita,KG,8.62,8.62,8.62,PEN,,
0222000086,"HIDROGELES LURIGEL TIPO 800 3 1/2"" x 16""",material,Dinamita,KG,8.62,8.62,8.62,PEN,,
0222000087,"HIDROGELES SLURREX TIPO 40 8""",material,Dinamita,KG,5.05,5.05,5.05,PEN,,
0222000088,"HIDROGELES SLURREX TIPO 60 8""",material,Dinamita,KG,5.78,5.78,5.78,PEN,,
0222000089,"HIDROGELES SLURREX TIPO 80 8""",material,Dinamita,KG,6.54,6.54,6.54,PEN,,
0222000090,"BARRENO INTEGRALES ATLAS COPCO 2"" x 42 MM",material,Dinamita,UND,282.97,282.97,282.97,PEN,,
0222000091,"BARRENO INTEGRALES ATLAS COPCO 3"" x 40 MM",material,Dinamita,UND,291.68,291.68,291.68,PEN,,
0222000092,"BARRENO INTEGRALES ATLAS COPCO 4"" x 40 MM",material,Dinamita,UND,314.98,314.98,314.98,PEN,,
0222000093,"BARRENO INTEGRALES ATLAS COPCO 5"" x 39 MM",material,Dinamita,UND,373.09,373.09,373.09,PEN,,
0222000094,"BARRENO INTEGRALES ATLAS COPCO 6"" x 39 MM",material,Dinamita,UND,349.98,349.98,349.98,PEN,,
0222000095,"BARRENO INTEGRALES ATLAS COPCO 8"" x 38 MM",material,Dinamita,UND,384.94,384.94,384.94,PEN,,
0222000096,"BARRENO INTEGRALES ATLAS COPCO 10"" x 37 MM",material,Dinamita,UND,451.95,451.95,451.95,PEN,,
0223000001,ADITIVO - ACELERANTE DE FRAGUA - FRITZ - (1GLN),material,Precios Reajustados con el Dólar,GLN,53.20,53.20,53.20,PEN,,
0223000002,ADITIVO - ACELERANTE DE FRAGUA - FRITZ - (5GLN),material,Precios Reajustados con el Dólar,GLN,151.62,151.62,151.62,PEN,,
0223000003,ADITIVO - ACELERANTE DE FRAGUA LIBRE DE CLORURO - FRITZ NCA - (5GLN),material,Precios Reajustados con el Dólar,GLN,223.45,223.45,223.45,PEN,,
0223000004,ADITIVO - ACELERANTE DE FRAGUA LIBRE DE CLORURO ULTRARAPIDO - FRITZ 2 - (5GLN),material,Precios Reajustados con el Dólar,GLN,170.24,170.24,170.24,PEN,,
0223000005,ADITIVO ENDURECEDOR NO METALICO PRONOMET AMARILLO L/U - (30KG),material,Precios Reajustados con el Dólar,KG,102.15,102.15,102.15,PEN,,
0223000006,ADITIVO ENDURECEDOR NO METALICO PRONOMET AZUL L/U - (30KG),material,Precios Reajustados con el Dólar,KG,127.68,127.68,127.68,PEN,,
0223000007,ADITIVO ENDURECEDOR NO METALICO PRONOMET BEIGE L/U - (30KG),material,Precios Reajustados con el Dólar,KG,102.15,102.15,102.15,PEN,,
0223000008,ADITIVO ENDURECEDOR NO METALICO PRONOMET GRIS MEDIO L/U - (30KG),material,Precios Reajustados con el Dólar,KG,102.15,102.15,102.15,PEN,,
0223000009,ADITIVO ENDURECEDOR NO METALICO PRONOMET GRIS PERLA L/U - (30KG),material,Precios Reajustados con el Dólar,KG,170.24,170.24,170.24,PEN,,
0223000010,ADITIVO ENDURECEDOR NO METALICO PRONOMET GRIS VISION L/U - (30KG),material,Precios Reajustados con el Dólar,KG,127.68,127.68,127.68,PEN,,
0223000011,ADITIVO ENDURECEDOR NO METALICO PRONOMET HABANO L/U - (30KG),material,Precios Reajustados con el Dólar,KG,102.15,102.15,102.15,PEN,,
0223000012,ADITIVO ENDURECEDOR NO METALICO PRONOMET NEGRO L/U - (30KG),material,Precios Reajustados con el Dólar,KG,102.15,102.15,102.15,PEN,,
0223000013,ADITIVO ENDURECEDOR NO METALICO PRONOMET HUESO L/U - (30KG),material,Precios Reajustados con el Dólar,KG,127.68,127.68,127.68,PEN,,
0223000014,ADITIVO ENDURECEDOR NO METALICO PRONOMET PIEDRA PARIS L/U - (30KG),material,Precios Reajustados con el Dólar,KG,127.68,127.68,127.68,PEN,,
0223000015,ADITIVO ENDURECEDOR NO METALICO PRONOMET ROJO L/U - (30KG),material,Precios Reajustados con el Dólar,KG,102.15,102.15,102.15,PEN,,
0223000016,ADITIVO ENDURECEDOR NO METALICO PRONOMET VERDE L/U - (30KG),material,Precios Reajustados con el Dólar,KG,170.24,170.24,170.24,PEN,,
0223000017,ADITIVO ENDURECEDOR NO METALICO PRONOMET NATYRAL L/U - (30KG),material,Precios Reajustados con el Dólar,KG,62.99,62.99,62.99,PEN,,
0223000018,"ADHESIVO - UNION DE CONCRETO NUEVO CON ANTIGUO / 3 HORAS, MAXBOND EP-400 - (1GLN)",material,Precios Reajustados con el Dólar,GLN,313.86,313.86,313.86,PEN,,
0223000019,"ADHESIVO - UNION DE CONCRETO NUEVO CON ANTIGUO / 3 HORAS, MAXBOND EP-400 - (1/4 GLN)",material,Precios Reajustados con el Dólar,GLN,90.44,90.44,90.44,PEN,,
0223000020,"ADITIVO - PARA PUENTE DE ADHERENCIA, READYBOND - (1GLN)",material,Precios Reajustados con el Dólar,GLN,111.72,111.72,111.72,PEN,,
0223000021,"ADITIVO - PARA PUENTE DE ADHERENCIA, READYBOND - (5GLN)",material,Precios Reajustados con el Dólar,GLN,518.72,518.72,518.72,PEN,,
0223000022,"ADITIVO - LIGANTE ACRILICO MEJORADOR DE ADHERENCIA, PROTEX LATEX - (200 Lts)",material,Precios Reajustados con el Dólar,L,3183.58,3183.58,3183.58,PEN,,
0223000023,"ADITIVO - LIGANTE ACRILICO MEJORADOR DE ADHERENCIA, PROTEX LATEX - (20 Lts)",material,Precios Reajustados con el Dólar,L,300.97,300.97,300.97,PEN,,
0223000024,"ADITIVO - LIGANTE ACRILICO MEJORADOR DE ADHERENCIA, PROTEX LATEX - (5 Lts)",material,Precios Reajustados con el Dólar,L,63.84,63.84,63.84,PEN,,
0223000025,"ADHESIVO - EPOXI DE USO GENERAL, PROTEX 215 - (4Kg)",material,Precios Reajustados con el Dólar,KG,289.42,289.42,289.42,PEN,,
0223000026,"ADHESIVO - EPOXI DE USO GENERAL, PROTEX 215 - (1Kg)",material,Precios Reajustados con el Dólar,KG,85.12,85.12,85.12,PEN,,
0223000027,"ADHESIVO - EPOXI PARA UNIR CONCRETO FRESCO CON HORMIGON ENDURECIDO, PROTX 216 - (5Kg)",material,Precios Reajustados con el Dólar,KG,502.22,502.22,502.22,PEN,,
0223000028,"ADHESIVO - EPOXI PARA UNIR CONCRETO FRESCO CON HORMIGON ENDURECIDO, PROTX 216 - (1Kg)",material,Precios Reajustados con el Dólar,KG,110.66,110.66,110.66,PEN,,
0223000029,"ADITIVO - PEGAMENTO PARA CERAMICOS COLOR BLANCO, PROTEX PEGA BLANCO - (25Kg)",material,Precios Reajustados con el Dólar,KG,62.99,62.99,62.99,PEN,,
0223000030,"ADITIVO - PEGAMENTO PARA CERAMICOS COLOR GRIS, PROTEX PEGA BLANCO - (25Kg)",material,Precios Reajustados con el Dólar,KG,39.16,39.16,39.16,PEN,,
0223000031,"ADITIVO - PEGAMENTO REFORZADO PARA CERAMICOS, PROTEX PEGA R - (25Kg)",material,Precios Reajustados con el Dólar,KG,56.18,56.18,56.18,PEN,,
0223000032,"ADITIVO - LIGANTE ADHESIVO Y REFORZANTE PARA MORTEROS Y HORMIGONES, PROTEX SUPER LIGANTE - (200Kg)",material,Precios Reajustados con el Dólar,KG,2042.94,2042.94,2042.94,PEN,,
0223000033,"ADITIVO - LIGANTE ADHESIVO Y REFORZANTE PARA MORTEROS Y HORMIGONES, PROTEX SUPER LIGANTE - (20Kg)",material,Precios Reajustados con el Dólar,KG,228.13,228.13,228.13,PEN,,
0223000034,"ADITIVO - LIGANTE ADHESIVO Y REFORZANTE PARA MORTEROS Y HORMIGONES, PROTEX SUPER LIGANTE - (4Kg)",material,Precios Reajustados con el Dólar,KG,45.97,45.97,45.97,PEN,,
0223000035,"ADITIVO - MORTERO CEMENTICO P/REPARACION RAPIDA HABILITACION, PROTEX RESP - (30KG)",material,Precios Reajustados con el Dólar,PZA,139.60,139.60,139.60,PEN,,
0223000036,"ADITIVO - MORTERO CEMENTICO P/REPARACION DE ALTA HABILITACION, FORTE F - (30KG)",material,Precios Reajustados con el Dólar,PZA,187.27,187.27,187.27,PEN,,
0223000037,"ADITIVO - MORTERO CEMENTICO REFORZADO DE ALTA RESISTENCIA, FORTE G - (30KG)",material,Precios Reajustados con el Dólar,PZA,170.24,170.24,170.24,PEN,,
0223000038,"ADITIVO - MORTERO CEMENTICO P/ANCLAJES MAQUINAS, EQUIPOS Y COLUMNAS, GROUT A - (30KG)",material,Precios Reajustados con el Dólar,PZA,76.61,76.61,76.61,PEN,,
0223000039,"ADITIVO - MORTERO EPOXI VERTIBLE PARA ANCLAJES DE ESTRUCTURAS, PROTEX 242 - (10KG)",material,Precios Reajustados con el Dólar,KG,170.24,170.24,170.24,PEN,,
0223000040,"ADITIVO - CONVERTIDOR DE OXIDO Y ANTICORROSIVO CEMENTICO, CORROTEX - (35KG)",material,Precios Reajustados con el Dólar,KG,179.37,179.37,179.37,PEN,,
0223000041,"ADITIVO - CEMENTICO HIDRAULICO DE FRAGUE RAPIDO, CONCRETEX - (30KG)",material,Precios Reajustados con el Dólar,KG,183.55,183.55,183.55,PEN,,
0223000042,"ADITIVO - ASFALTO RUBERIZADO, DURAMEN ACF-1 - (5 GLN)",material,Precios Reajustados con el Dólar,GLN,372.41,372.41,372.41,PEN,,
0223000043,"ADITIVO - SELLADOR POLIURETANO PARA PISTAS Y VEREDAS, MAXSEAL - (1 GLN)",material,Precios Reajustados con el Dólar,GLN,298.48,298.48,298.48,PEN,,
0223000044,"ADITIVO - SELLADOR ELASTOMERICO PARA JUNTAS DE DILATACION O CORTE, EOSEAL - (1 GLN)",material,Precios Reajustados con el Dólar,GLN,151.62,151.62,151.62,PEN,,
0223000045,ADITIVO - PASTINA EPOXI LAVABLE PARA JUNTAS ANTIACIDAS (15KG) HP GROUP,material,Precios Reajustados con el Dólar,KG,1259.81,1259.81,1259.81,PEN,,
0223000046,"ADITIVO - WATER STOP DE PVC 6""",material,Precios Reajustados con el Dólar,M,39.90,39.90,39.90,PEN,,
0223000047,"ADITIVO - WATER STOP DE PVC 9""",material,Precios Reajustados con el Dólar,M,52.67,52.67,52.67,PEN,,
0223000048,"ADITIVO - IMPERMEABILIZANTE DE CONCRETO CONTRA EL SALITRE O FRAGUA, IMPERTOP - COLORES - (1 GLN)",material,Precios Reajustados con el Dólar,GLN,62.96,62.96,62.96,PEN,,
0223000049,"ADITIVO - CAPA IMPERMEABILIZANTE, PLASTICOAT W-600 - (5 GLN)",material,Precios Reajustados con el Dólar,GLN,466.85,466.85,466.85,PEN,,
0223000050,"ADITIVO - CAPA IMPERMEABILIZANTE, PLASTICOAT W-600 - (1 GLN)",material,Precios Reajustados con el Dólar,GLN,111.72,111.72,111.72,PEN,,
0223000051,"ADITIVO - IMPERMEABILIZANTE LIQUIDO, PEC-101 - (1 GLN)",material,Precios Reajustados con el Dólar,GLN,36.48,36.48,36.48,PEN,,
0223000052,"ADITIVO - SELLADOR - PROTECTOR - IMPERMEABILIZANTE DE SUPERFICIES, IMPERSEAL - (5 GLN)",material,Precios Reajustados con el Dólar,GLN,324.54,324.54,324.54,PEN,,
0223000053,"ADITIVO - SELLADOR - PROTECTOR - IMPERMEABILIZANTE DE SUPERFICIES, IMPERSEAL - (1 GLN)",material,Precios Reajustados con el Dólar,GLN,77.14,77.14,77.14,PEN,,
0223000054,"ADITIVO - IMPERMEABILIZANTE PARA MORTERO Y CONCRETO POR CRISTALIZACION PENETRANTE, CRETEX - (5 KG)",material,Precios Reajustados con el Dólar,KG,279.31,279.31,279.31,PEN,,
0223000055,"ADITIVO - IMPERMEABILIZANTE PARA MORTERO Y CONCRETO POR CRISTALIZACION PENETRANTE, CRETEX - (20 KG)",material,Precios Reajustados con el Dólar,KG,912.03,912.03,912.03,PEN,,
0223000056,"ADITIVO - HIDROFUGO QUIMICO INORGANICO, PROTEX 1 - (200 KG)",material,Precios Reajustados con el Dólar,KG,817.18,817.18,817.18,PEN,,
0223000057,"ADITIVO - HIDROFUGO QUIMICO INORGANICO, PROTEX 1 - (20 KG)",material,Precios Reajustados con el Dólar,KG,61.71,61.71,61.71,PEN,,
0223000058,"ADITIVO - HIDROFUGO QUIMICO INORGANICO, PROTEX 1 - (4 KG)",material,Precios Reajustados con el Dólar,KG,18.73,18.73,18.73,PEN,,
0223000059,"ADITIVO - HIDROFUGO QUIMICO INORGANICO EN POLVO, PROTEX 1 - (1 KG)",material,Precios Reajustados con el Dólar,KG,6.81,6.81,6.81,PEN,,
0223000060,"ADITIVO - REVESTIMIENTO IMPERMEABILIZANTE CEMENTICO CONTRA PRESIONES, PROTEX SEAL 77 GRIS - (40 KG)",material,Precios Reajustados con el Dólar,KG,139.84,139.84,139.84,PEN,,
0223000061,"ADITIVO - REVESTIMIENTO IMPERMEABILIZANTE CEMENTICO FINO, PROTEX SEAL 57 BLANCO - (30 KG)",material,Precios Reajustados con el Dólar,KG,204.29,204.29,204.29,PEN,,
0223000062,"ADITIVO - REVESTIMIENTO IMPERMEABILIZANTE CEMENTICO FLEXIBLE, PROTEX FLEX - (35 KG)",material,Precios Reajustados con el Dólar,KG,595.86,595.86,595.86,PEN,,
0223000063,"ADITIVO - HIDROFUGANTE SILICONADO BASE ACUOSA, PROTEX SIL A - (200 Lts)",material,Precios Reajustados con el Dólar,L,1123.62,1123.62,1123.62,PEN,,
0223000064,"ADITIVO - HIDROFUGANTE SILICONADO BASE ACUOSA, PROTEX SIL A - (20 Lts)",material,Precios Reajustados con el Dólar,L,102.15,102.15,102.15,PEN,,
0223000065,"ADITIVO - MANTA ACRILICA PARA IMPERMEABILIZAR TECHADOS, PROTEX TECHOS - (20 Lts)",material,Precios Reajustados con el Dólar,L,646.93,646.93,646.93,PEN,,
0223000066,"ADITIVO - MANTA ACRILICA PARA IMPERMEABILIZAR TECHADOS, PROTEX TECHOS - (4 Lts)",material,Precios Reajustados con el Dólar,L,139.60,139.60,139.60,PEN,,
0223000067,"ADITIVO - BLOQUEADOR DE HUMEDAD ASCENDETE, PROTEX FIN - (200 Lts)",material,Precios Reajustados con el Dólar,L,1276.84,1276.84,1276.84,PEN,,
0223000068,"ADITIVO - BLOQUEADOR DE HUMEDAD ASCENDETE, PROTEX FIN - (20 Lts)",material,Precios Reajustados con el Dólar,L,153.22,153.22,153.22,PEN,,
0223000069,"ADITIVO - BLOQUEADOR DE HUMEDAD ASCENDETE, PROTEX FIN - (4 Lts)",material,Precios Reajustados con el Dólar,L,34.05,34.05,34.05,PEN,,
0223000070,"ADITIVO - SELLADOR CEMENTICO PARA DETENER FILTRACIONES DE AGUA ULTRARAPIDO, PROTEX TAP - (200 Lts)",material,Precios Reajustados con el Dólar,L,425.61,425.61,425.61,PEN,,
0223000071,"ADITIVO - SELLADOR CEMENTICO PARA DETENER FILTRACIONES DE AGUA ULTRARAPIDO, PROTEX TAP - (4 Lts)",material,Precios Reajustados con el Dólar,L,85.12,85.12,85.12,PEN,,
0223000072,"ADITIVO - IMPERMEABILIZANTE ASFALTICO BASE SOLVENTE, PROTEX S.I. - (200 Lts)",material,Precios Reajustados con el Dólar,L,1702.45,1702.45,1702.45,PEN,,
0223000073,"ADITIVO - IMPERMEABILIZANTE ASFALTICO BASE SOLVENTE, PROTEX S.I. - (4 Lts)",material,Precios Reajustados con el Dólar,L,52.78,52.78,52.78,PEN,,
0223000074,"ADITIVO - IMPRIMANTE ASFALTICO BASE SOLVENTE, PROTEX S.I. PRIMER - (200 Lts)",material,Precios Reajustados con el Dólar,L,2187.65,2187.65,2187.65,PEN,,
0223000075,"ADITIVO - IMPRIMANTE ASFALTICO BASE SOLVENTE, PROTEX S.I. PRIMER - (4 Lts)",material,Precios Reajustados con el Dólar,L,52.78,52.78,52.78,PEN,,
0223000076,"ADITIVO - TRATAMIENTO HIDRO REPELENTE DE ALTA PERFORMANCE, PROTEX SIL WR - (200 Lts)",material,Precios Reajustados con el Dólar,L,4273.15,4273.15,4273.15,PEN,,
0223000077,"ADITIVO - TRATAMIENTO HIDRO REPELENTE DE ALTA PERFORMANCE, PROTEX SIL WR - (20 Lts)",material,Precios Reajustados con el Dólar,L,459.66,459.66,459.66,PEN,,
0223000078,ADITIVO - INHIBIDOR DE CORROSION - CIMAX - (5 GLN),material,Precios Reajustados con el Dólar,GLN,266.01,266.01,266.01,PEN,,
0223000079,"ADITIVO - MORTERO POLIURETANO FLEXIBLE PARA PISOS INDUSTRIALES DE ALTA RESISTENCIA, PROKRETE - (44 KG)",material,Precios Reajustados con el Dólar,KG,711.91,711.91,711.91,PEN,,
0223000080,"ADITIVO - AUTONIVELANTE POLIRETANO FLEXIBLE PARA PISOS INDUSTRIALES, PROKRETE - (26.5 KG)",material,Precios Reajustados con el Dólar,KG,675.83,675.83,675.83,PEN,,
0223000081,"ADITIVO - PINTURA POLIURETANICA DE ALTA RESISTENCIA PARA PISOS INDUSTRIALES, PROKRETE - (5 KG)",material,Precios Reajustados con el Dólar,KG,286.29,286.29,286.29,PEN,,
0223000082,"ADITIVO - PINTURA POLIURETANICA ASFALTICA P/EXTERIORES DE ALTA RESISTENCIA, PROKRETE ASFALTICO - (5 KG)",material,Precios Reajustados con el Dólar,KG,796.05,796.05,796.05,PEN,,
0223000083,"ADITIVO - REVESTIMIENTO EPOXI DE ALTA RESISTENCIA QUIMICA, REZKLAD ESR - (10 KG)",material,Precios Reajustados con el Dólar,KG,457.23,457.23,457.23,PEN,,
0223000084,"ADITIVO - REVESTIMIENTO EPOXI CEMENTO PARA PISOS INDUSTRIALES E=<1mm, POXIKRETE 265 TOP- (26 KG)",material,Precios Reajustados con el Dólar,KG,1055.52,1055.52,1055.52,PEN,,
0223000085,"ADITIVO - REVESTIMIENTO EPOXI CEMENTO PARA PISOS INDUSTRIALES E= 1mm, POXIKRETE 265 SEL - (26 KG)",material,Precios Reajustados con el Dólar,KG,1055.52,1055.52,1055.52,PEN,,
0223000086,"ADITIVO - COMPUESTO QUIMICO CURADOR Y SELLADOR, KYTASOL - (5 GLN)",material,Precios Reajustados con el Dólar,GLN,111.72,111.72,111.72,PEN,,
0223000087,"ADITIVO - SUPERLUDIFICANTE USO UNIVERSAL, PROTEX MENT N - (200 KG)",material,Precios Reajustados con el Dólar,KG,1617.33,1617.33,1617.33,PEN,,
0223000088,"ADITIVO - SUPERLUDIFICANTE USO UNIVERSAL, PROTEX MENT N - (20 KG)",material,Precios Reajustados con el Dólar,KG,170.24,170.24,170.24,PEN,,
0223000089,"ADITIVO - PLASTIFICANTE Y RETARDADOR DE FRAGUE PARA CONCRETO, PROTEX RET - (200 KG)",material,Precios Reajustados con el Dólar,KG,1276.84,1276.84,1276.84,PEN,,
0223000090,"ADITIVO - PLASTIFICANTE Y RETARDADOR DE FRAGUE PARA CONCRETO, PROTEX RET - (20 KG)",material,Precios Reajustados con el Dólar,KG,153.22,153.22,153.22,PEN,,
0223000091,"ADITIVO - DESENCOFRANTE CARAVISTA, MAX LAC - (1 GLN)",material,Precios Reajustados con el Dólar,GLN,105.07,105.07,105.07,PEN,,
0223000092,"ADITIVO - DESENCOFRANTE CARAVISTA, MAX LAC - (5 GLN)",material,Precios Reajustados con el Dólar,GLN,510.73,510.73,510.73,PEN,,
0223000093,"ADITIVO - ESPUMIGENO PARA MEZCLAS DE CEMENTO DE BAJA DENSIDAD, ADIKRTE - (200 KG)",material,Precios Reajustados con el Dólar,KG,1617.33,1617.33,1617.33,PEN,,
0223000094,"ADITIVO - EXPANSIVO, POLVO EXPANSIVO, MAXSPAN - (25 KG)",material,Precios Reajustados con el Dólar,KG,170.55,170.55,170.55,PEN,,
0223000095,"ADITIVO - INCORPORADOR DE AIRE EN POLVO, AIR PLUS - (1 KG)",material,Precios Reajustados con el Dólar,KG,36.48,36.48,36.48,PEN,,
0223000096,"ADITIVO - PLASTIFICANTE ACELERANTE REDUCTOR DE AGUA, SUPERCIZER - (5 GLN)",material,Precios Reajustados con el Dólar,GLN,225.04,225.04,225.04,PEN,,
0223000097,"ADITIVO - DESENCOFRANTE PARA MADERA, T-KOTE - (1 GLN)",material,Precios Reajustados con el Dólar,GLN,35.02,35.02,35.02,PEN,,
0223000098,"ADITIVO - DESENCOFRANTE PARA MADERA, T-KOTE - (5 GLN)",material,Precios Reajustados con el Dólar,GLN,158.08,158.08,158.08,PEN,,
0223000099,"ADITIVO - ESPUMIGENO PARA MEZCLAS DE MENETO DE BAJA DENSIDAD, ADIKRETE - (20 KG)",material,Precios Reajustados con el Dólar,KG,164.16,164.16,164.16,PEN,,
0223000100,ADITIVO - ADHESIVO EPOXICO SIKADUR 31 HI MOD GEL - (1 KG),material,Precios Reajustados con el Dólar,KG,91.30,91.30,91.30,PEN,,
0223000101,ADITIVO - ADHESIVO EPOXICO SIKADUR 31 HI MOD GEL - (5 KG),material,Precios Reajustados con el Dólar,KG,301.95,301.95,301.95,PEN,,
0223000102,ADITIVO - PUENTE DE ADHERENCIA SIKADUR 32 GEL - (1 KG),material,Precios Reajustados con el Dólar,KG,115.47,115.47,115.47,PEN,,
0223000103,ADITIVO - PUENTE DE ADHERENCIA SIKADUR 32 GEL - (5 KG),material,Precios Reajustados con el Dólar,KG,408.06,408.06,408.06,PEN,,
0223000104,ADITIVO - PUENTE DE ADHERENCIA COLMAFIX 32 GEL - (5 KG),material,Precios Reajustados con el Dólar,KG,410.80,410.80,410.80,PEN,,
0223000105,ADITIVO - PEGAMENTO P/MAYOLICAS SIKA CERAMICO STANDART - (30 KG),material,Precios Reajustados con el Dólar,BLS,27.17,27.17,27.17,PEN,,
0223000106,ADITIVO - PEGAMENTO P/MAYOLICAS SIKA CERAMICO STANDART - (25 KG),material,Precios Reajustados con el Dólar,BLS,18.79,18.79,18.79,PEN,,
0223000107,ADITIVO - PEGAMENTO P/MAYOLICAS SIKA CERAMICO EXTRA FUERTE - (25 KG),material,Precios Reajustados con el Dólar,KG,47.15,47.15,47.15,PEN,,
0223000108,ADITIVO - PEGAMENTO BLANCO FLEXIBLE P/PORCELANATOS SIKA CERAMICO BLANCO FLEXIBLE - (25 KG),material,Precios Reajustados con el Dólar,KG,55.48,55.48,55.48,PEN,,
0223000109,ADITIVO - RECUBRIMIENTO Y PROTECCION DE LAJAS SIKA LAJA - (4 Lts),material,Precios Reajustados con el Dólar,L,60.09,60.09,60.09,PEN,,
0223000110,ADITIVO - IMPERMEABILIZANTE PARA MUROS CON HUMEDAD SIKA IMPERMUR - (1 Lts),material,Precios Reajustados con el Dólar,L,48.03,48.03,48.03,PEN,,
0223000111,ADITIVO - EXPANSOR PARA MEZCLA DE CONCRETO INTRAPLAST PE - (1 KG),material,Precios Reajustados con el Dólar,KG,16.98,16.98,16.98,PEN,,
0223000112,ADITIVO - ADHERENCIA PARA MORTEROS SIKA TOP 77 - (4 Lts),material,Precios Reajustados con el Dólar,L,246.47,246.47,246.47,PEN,,
0223000113,ADITIVO - ADHERENCIA PARA MORTEROS SIKA TOP 77 - (200 Lts),material,Precios Reajustados con el Dólar,L,8434.71,8434.71,8434.71,PEN,,
0223000114,ADITIVO - MORTERO PREDOSIFICADO PARA ANCLAJES SIKAGROUP 212 - (30 KG),material,Precios Reajustados con el Dólar,KG,153.31,153.31,153.31,PEN,,
0223000115,ADITIVO - MORTERO PREDOSIFICADO PARA ANCLAJES SIKAGROUP 110 - (30 KG),material,Precios Reajustados con el Dólar,KG,104.03,104.03,104.03,PEN,,
0223000116,ADITIVO - MORTERO REFORZADO CON FIBRAS SIKA REP PE - (30 KG),material,Precios Reajustados con el Dólar,KG,93.06,93.06,93.06,PEN,,
0223000117,ADITIVO - MORTERO REFORZADO CON FIBRAS SIKA REP HOME - (5 KG),material,Precios Reajustados con el Dólar,KG,15.01,15.01,15.01,PEN,,
0223000118,ADITIVO - SELLADOR DE SUPERFICIESEMPASTADAS SIKA SELLADOR - (4 Lts),material,Precios Reajustados con el Dólar,L,26.60,26.60,26.60,PEN,,
0223000119,ADITIVO - SELLADOR DE SUPERFICIESEMPASTADAS SIKA SELLADOR - (20 Lts),material,Precios Reajustados con el Dólar,L,118.78,118.78,118.78,PEN,,
0223000120,ADITIVO - ENDURECEDOR DE PISO SIKAFLOOR 3 CUARZO TOP NEUTRO - (30 KG),material,Precios Reajustados con el Dólar,KG,80.22,80.22,80.22,PEN,,
0223000121,ADITIVO - SELLADOR Y DENSIFICADOR SIKAFLOOR CUREHARD - (20 KG),material,Precios Reajustados con el Dólar,KG,173.70,173.70,173.70,PEN,,
0223000122,ADITIVO - SELLADOR Y DENSIFICADOR SIKAFLOOR CUREHARD - (4 Lts),material,Precios Reajustados con el Dólar,L,41.66,41.66,41.66,PEN,,
0223000123,ADITIVO - SOLVENTE SIKA SOLVENTE - (4 Lts),material,Precios Reajustados con el Dólar,L,89.54,89.54,89.54,PEN,,
0223000124,ADITIVO - ADHESIVO HIBRIDO SIKABOND AT METAL - (0.3 Lts),material,Precios Reajustados con el Dólar,L,43.63,43.63,43.63,PEN,,
0223000125,ADITIVO - ADHESIVO HIBRIDO SIKABOND AT UNIVERSAL - (0.3 Lts),material,Precios Reajustados con el Dólar,L,43.01,43.01,43.01,PEN,,
0223000126,ADITIVO - ESPUMA DE POLIURETANO SIKA BOOM - (0.25 Lts),material,Precios Reajustados con el Dólar,L,26.81,26.81,26.81,PEN,,
0223000127,ADITIVO - ESPUMA DE POLIURETANO SIKA BOOM - (0.50 Lts),material,Precios Reajustados con el Dólar,L,40.68,40.68,40.68,PEN,,
0223000128,ADITIVO - ESPUMA DE POLIURETANO SIKA BOOM - (0.75 Lts),material,Precios Reajustados con el Dólar,L,51.55,51.55,51.55,PEN,,
0223000129,ADITIVO - SELLANTE DE POLIURETANO SIKAFLEX BLANCO - (0.30 Lts),material,Precios Reajustados con el Dólar,L,27.48,27.48,27.48,PEN,,
0223000130,ADITIVO - SELLANTE DE POLIURETANO SIKAFLEX GRIS - (0.30 Lts),material,Precios Reajustados con el Dólar,L,27.48,27.48,27.48,PEN,,
0223000131,ADITIVO - SELLANTE DE POLIURETANO SIKAFLEX 11 FC BLANCO - (0.30 Lts),material,Precios Reajustados con el Dólar,L,31.62,31.62,31.62,PEN,,
0223000132,ADITIVO - SELLANTE DE POLIURETANO SIKAFLEX 11 FC GRIS - (0.30 Lts),material,Precios Reajustados con el Dólar,L,31.62,31.62,31.62,PEN,,
0223000133,ADITIVO - SELLANTE DE POLIURETANO SIKAFLEX AT BLANCO - (0.30 Lts),material,Precios Reajustados con el Dólar,L,39.75,39.75,39.75,PEN,,
0223000134,ADITIVO - SELLANTE DE POLIURETANO SIKAFLEX AT BLANCO - (0.60 Lts),material,Precios Reajustados con el Dólar,L,52.43,52.43,52.43,PEN,,
0223000135,ADITIVO - SILICONA ACETICA SANISIL BEIGE - (0.30 Lts),material,Precios Reajustados con el Dólar,L,18.27,18.27,18.27,PEN,,
0223000136,ADITIVO - SILICONA ACETICA SANISIL BLANCO - (0.30 Lts),material,Precios Reajustados con el Dólar,L,18.27,18.27,18.27,PEN,,
0223000137,ADITIVO - SILICONA ACETICA SANISIL TRANSPARENTE - (0.30 Lts),material,Precios Reajustados con el Dólar,L,18.27,18.27,18.27,PEN,,
0223000138,ADITIVO - SILICONA ACETICA SANISIL TRANSPARENTE - (70 Gr),material,Precios Reajustados con el Dólar,KG,10.61,10.61,10.61,PEN,,
0223000139,ADITIVO - MEMBRANA LIQUIDA SIKA TECHO 3 GRIS - (4 Lts),material,Precios Reajustados con el Dólar,L,69.36,69.36,69.36,PEN,,
0223000140,ADITIVO - MEMBRANA LIQUIDA SIKA TECHO 3 GRIS - (20 Lts),material,Precios Reajustados con el Dólar,L,337.77,337.77,337.77,PEN,,
0223000141,ADITIVO - MEMBRANA LIQUIDA SIKA TECHO 5 - (4 Lts),material,Precios Reajustados con el Dólar,L,91.30,91.30,91.30,PEN,,
0223000142,ADITIVO - MEMBRANA LIQUIDA SIKA ACRIL TECHO ROJO - (4 Lts),material,Precios Reajustados con el Dólar,L,97.51,97.51,97.51,PEN,,
0223000143,ADITIVO - ACELERANTE P/CONCRETO SIKARAPID 1 - (4 Lts),material,Precios Reajustados con el Dólar,L,78.10,78.10,78.10,PEN,,
0223000144,ADITIVO - ACELERANTE P/CONCRETO SIKARAPID 1 - (180 Lts),material,Precios Reajustados con el Dólar,L,2487.67,2487.67,2487.67,PEN,,
0223000145,ADITIVO - ACELERANTE P/CONCRETO SIK 2 - (4 Lts),material,Precios Reajustados con el Dólar,L,114.02,114.02,114.02,PEN,,
0223000146,ADITIVO - SUPERPLASTIFICANTE P/CONCRETO SIKAMENT 290 N - (20 Lts),material,Precios Reajustados con el Dólar,UND,278.51,278.51,278.51,PEN,,
0223000147,ADITIVO - SUPERPLASTIFICANTE P/CONCRETO SIKAMENT 290 N - (4 Lts),material,Precios Reajustados con el Dólar,UND,47.05,47.05,47.05,PEN,,
0223000148,ADITIVO - SUPERPLASTIFICANTE P/CONCRETO SIKACEM PLASTIFICANTE - (4 Lts),material,Precios Reajustados con el Dólar,UND,42.08,42.08,42.08,PEN,,
0223000149,ADITIVO - DESMOLDANTE SIKA LAC - (4 Lts),material,Precios Reajustados con el Dólar,L,212.21,212.21,212.21,PEN,,
0223000150,ADITIVO - INCORPORADOR DE AIRE SIKA AER - (4 Lts),material,Precios Reajustados con el Dólar,L,109.67,109.67,109.67,PEN,,
0223000151,ADITIVO - INCORPORADOR DE AIRE SIKA AER - (200 Lts),material,Precios Reajustados con el Dólar,L,2494.71,2494.71,2494.71,PEN,,
0223000152,ADITIVO -PLASTIFICANTE DE CONCRETO PLASTIMENT HE98 - (4 Lts),material,Precios Reajustados con el Dólar,L,52.07,52.07,52.07,PEN,,
0223000153,ADITIVO -PLASTIFICANTE DE CONCRETO PLASTIMENT HE98 - (200 Lts),material,Precios Reajustados con el Dólar,L,2102.39,2102.39,2102.39,PEN,,
0223000154,ADITIVO - CURADOR SIKA ANTISOL S - (20 Lts),material,Precios Reajustados con el Dólar,L,133.69,133.69,133.69,PEN,,
0223000155,ADITIVO - CURADOR SIKA ANTISOL S - (200 Lts),material,Precios Reajustados con el Dólar,L,886.24,886.24,886.24,PEN,,
0223000156,ADITIVO - CURADOR SIKA ANTISOL S - (4 Lts),material,Precios Reajustados con el Dólar,L,44.30,44.30,44.30,PEN,,
0223000157,ADITIVO - CURADOR SIKA CEM - (4 Lts),material,Precios Reajustados con el Dólar,L,40.11,40.11,40.11,PEN,,
0223000158,ADITIVO - CURADOR SIKA CEM - (20 Lts),material,Precios Reajustados con el Dólar,L,119.04,119.04,119.04,PEN,,
0223000159,ADITIVO - ACELERANTE DE FRAGUA SIKA 3 - (4 Lts),material,Precios Reajustados con el Dólar,L,45.08,45.08,45.08,PEN,,
0223000160,ADITIVO - ACELERANTE DE FRAGUA SIKA 3 - (200 Lts),material,Precios Reajustados con el Dólar,L,1578.45,1578.45,1578.45,PEN,,
0223000161,ADITIVO - ACELERANTE DE FRAGUA SIKA 5 - (4 Lts),material,Precios Reajustados con el Dólar,L,63.82,63.82,63.82,PEN,,
0223000162,ADITIVO - ACELERANTE DE FRAGUA SIKA 5 - (185 Lts),material,Precios Reajustados con el Dólar,L,2399.27,2399.27,2399.27,PEN,,
0223000163,ADITIVO - ACELERANTE DE FRAGUA SIKA 3 - (20 Lts),material,Precios Reajustados con el Dólar,L,202.79,202.79,202.79,PEN,,
0223000164,ADITIVO - ACELERANTE DE FRAGUA SIKA CEM - (4 Lts),material,Precios Reajustados con el Dólar,L,43.99,43.99,43.99,PEN,,
0223000165,"BISAGRA CAPUCHINO ACERO INOXIDABLE, 3 1/2""X 3 1/2"", MARCA DUNA",material,Precios Reajustados con el Dólar,PZA,43.93,43.93,43.93,PEN,,
0223000166,"BISAGRA CAPUCHINO ACERO INOXIDABLE, 4""X 4"", MARCA DUNA",material,Precios Reajustados con el Dólar,PZA,45.04,45.04,45.04,PEN,,
0223000167,"BISAGRA CAPUCHINO ACERO INOXIDABLE, 3 1/2""X 3 1/2"" CON RODAJE, MARCA DUNA",material,Precios Reajustados con el Dólar,PZA,37.56,37.56,37.56,PEN,,
0223000168,"BISAGRA CAPUCHINO ACERO INOXIDABLE, 4""X 4"" CON RODAJE, MARCA DUNA",material,Precios Reajustados con el Dólar,PZA,45.04,45.04,45.04,PEN,,
0223000169,"BISAGRA CAPUCHINO ACERO INOXIDABLE, 3 1/2""X 3 1/2"", MARCA BISA",material,Precios Reajustados con el Dólar,PZA,43.93,43.93,43.93,PEN,,
0223000170,"BISAGRA CAPUCHINO ACERO INOXIDABLE, 3""X 3"", MARCA BISA",material,Precios Reajustados con el Dólar,PZA,35.48,35.48,35.48,PEN,,
0223000171,"BISAGRA CAPUCHINO ACERO INOXIDABLE, 4 1/2""X 4 1/2"" CON RODAJE, MARCA BISA",material,Precios Reajustados con el Dólar,PZA,67.03,67.03,67.03,PEN,,
0223000172,"BISAGRA CAPUCHINO ACERO INOXIDABLE, 4""X 3"", MARCA BISA",material,Precios Reajustados con el Dólar,PZA,53.40,53.40,53.40,PEN,,
0223000173,"BISAGRA CAPUCHINO ACERO INOXIDABLE, 4""X 4"" CON RODAJE, MARCA BISA",material,Precios Reajustados con el Dólar,PZA,58.31,58.31,58.31,PEN,,
0223000174,"BISAGRA CAPUCHINO BRONCE, 2 1/2""X 2 1/2"", MARCA DUNA",material,Precios Reajustados con el Dólar,PZA,33.27,33.27,33.27,PEN,,
0223000175,"BISAGRA CAPUCHINO BRONCE, 3 1/2""X 3 1/2"", MARCA DUNA",material,Precios Reajustados con el Dólar,PZA,78.12,78.12,78.12,PEN,,
0223000176,"BISAGRA CAPUCHINO BRONCE, 4""X 4"", MARCA DUNA",material,Precios Reajustados con el Dólar,PZA,97.81,97.81,97.81,PEN,,
0223000177,"BISAGRA CAPUCHINO BRONCE, 3 1/2""X 3 1/2"" CON RODAJE, MARCA DUNA",material,Precios Reajustados con el Dólar,PZA,72.90,72.90,72.90,PEN,,
0223000178,"BISAGRA CAPUCHINO BRONCE, 4""X 4"" CON RODAJE, MARCA DUNA",material,Precios Reajustados con el Dólar,PZA,56.15,56.15,56.15,PEN,,
0223000179,"BISAGRA INVISIBLE 118mm ZACCO8 BR ANT-CR, MARCA DUNA",material,Precios Reajustados con el Dólar,PZA,59.04,59.04,59.04,PEN,,
0223000180,"BISAGRA INVISIBLE 60.23mm ZACCO4 BRONCE ANTIGUO, MARCA DUNA",material,Precios Reajustados con el Dólar,PZA,28.91,28.91,28.91,PEN,,
0223000181,"BISAGRA INVISIBLE 60mm ZACCO6 CR, MARCA DUNA",material,Precios Reajustados con el Dólar,PZA,23.39,23.39,23.39,PEN,,
0223000182,"BISAGRA INVISIBLE 70mm OZINE CROMO MATE, MARCA DUNA",material,Precios Reajustados con el Dólar,PZA,43.91,43.91,43.91,PEN,,
0223000183,CANDADO K25,material,Precios Reajustados con el Dólar,PZA,7.08,7.08,7.08,PEN,,
0223000184,CANDADO K30,material,Precios Reajustados con el Dólar,PZA,11.46,11.46,11.46,PEN,,
0223000185,CANDADO K40,material,Precios Reajustados con el Dólar,PZA,14.56,14.56,14.56,PEN,,
0223000186,CANDADO K50,material,Precios Reajustados con el Dólar,PZA,27.95,27.95,27.95,PEN,,
0223000187,CANDADO K60,material,Precios Reajustados con el Dólar,PZA,34.47,34.47,34.47,PEN,,
0223000188,CANDADO K70,material,Precios Reajustados con el Dólar,PZA,51.39,51.39,51.39,PEN,,
0223000189,"CANDADO K40, CON COMBINACION",material,Precios Reajustados con el Dólar,PZA,17.13,17.13,17.13,PEN,,
0223000190,"CANDADO K40, CON COMBINACION MULTICLAVE",material,Precios Reajustados con el Dólar,PZA,21.77,21.77,21.77,PEN,,
0223000191,CANDADO K25 AL,material,Precios Reajustados con el Dólar,PZA,10.94,10.94,10.94,PEN,,
0223000192,CANDADO K30 AL,material,Precios Reajustados con el Dólar,PZA,16.61,16.61,16.61,PEN,,
0223000193,CANDADO K40 AL,material,Precios Reajustados con el Dólar,PZA,20.87,20.87,20.87,PEN,,
0223000194,CANDADO K50 AL,material,Precios Reajustados con el Dólar,PZA,39.93,39.93,39.93,PEN,,
0223000195,CANDADO K60 AL,material,Precios Reajustados con el Dólar,PZA,49.60,49.60,49.60,PEN,,
0223000196,"CANDADO 20mm BR 1289 , MARCA AMIG-ESPAÑA",material,Precios Reajustados con el Dólar,PZA,11.78,11.78,11.78,PEN,,
0223000197,"CANDADO 30mm BR 1222 , MARCA AMIG-ESPAÑA",material,Precios Reajustados con el Dólar,PZA,14.35,14.35,14.35,PEN,,
0223000198,"CANDADO 40mm BR 1223 , MARCA AMIG-ESPAÑA",material,Precios Reajustados con el Dólar,PZA,12.89,12.89,12.89,PEN,,
0223000199,"CANDADO 50mm BR 1224 , MARCA AMIG-ESPAÑA",material,Precios Reajustados con el Dólar,PZA,38.91,38.91,38.91,PEN,,
0223000200,"CANDADO 20mm BR, MARCA YALE",material,Precios Reajustados con el Dólar,PZA,10.72,10.72,10.72,PEN,,
0223000201,"CANDADO 30mm BR, MARCA YALE",material,Precios Reajustados con el Dólar,PZA,15.46,15.46,15.46,PEN,,
0223000202,"CANDADO 40mm BR, MARCA YALE",material,Precios Reajustados con el Dólar,PZA,23.01,23.01,23.01,PEN,,
0223000203,"CANDADO 50mm BR, MARCA YALE",material,Precios Reajustados con el Dólar,PZA,37.04,37.04,37.04,PEN,,
0223000204,"CANDADO 60mm BR, MARCA YALE",material,Precios Reajustados con el Dólar,PZA,46.41,46.41,46.41,PEN,,
0223000205,"CANDADO 70mm BR, MARCA YALE",material,Precios Reajustados con el Dólar,PZA,63.87,63.87,63.87,PEN,,
0223000206,"CANDADO BRONCE FORTE CILINDRO 8"", F-50-8",material,Precios Reajustados con el Dólar,PZA,38.76,38.76,38.76,PEN,,
0223000207,"CANDADO BRONCE FORTE CILINDRO 8"", F-60-8",material,Precios Reajustados con el Dólar,PZA,46.06,46.06,46.06,PEN,,
0223000208,"CANDADO BRONCE FORTE CILINDRO 8"", F-70-8",material,Precios Reajustados con el Dólar,PZA,63.23,63.23,63.23,PEN,,
0223000209,"CANDADO BRONCE FORTE JUMBO 8"", J-70-8",material,Precios Reajustados con el Dólar,PZA,71.49,71.49,71.49,PEN,,
0223000210,"CANDADO BRONCE FORTE JUMBO 8"", J-85-8",material,Precios Reajustados con el Dólar,PZA,80.52,80.52,80.52,PEN,,
0223000211,"CANDADO BRONCE FORTE JUMBO 8"", J-100-8",material,Precios Reajustados con el Dólar,PZA,88.88,88.88,88.88,PEN,,
0223000212,"CANDADO JUMBO BRONCE ALTA SEGURIDAD, JAS-70-8",material,Precios Reajustados con el Dólar,PZA,126.88,126.88,126.88,PEN,,
0223000213,"CANDADO JUMBO BRONCE ALTA SEGURIDAD, JAS-85-8",material,Precios Reajustados con el Dólar,PZA,136.55,136.55,136.55,PEN,,
0223000214,"CANDADO JUMBO BRONCE ALTA SEGURIDAD, JAS-100-8",material,Precios Reajustados con el Dólar,PZA,148.14,148.14,148.14,PEN,,
0223000215,"CANDADO ESPECIAL DE ALTA SEGURIDAD , F.A.S.50",material,Precios Reajustados con el Dólar,PZA,115.30,115.30,115.30,PEN,,
0223000216,"CANDADO ESPECIAL DE ALTA SEGURIDAD , F.A.S.60",material,Precios Reajustados con el Dólar,PZA,123.02,123.02,123.02,PEN,,
0223000217,"CANDADO ESPECIAL DE ALTA SEGURIDAD , F.A.S.70",material,Precios Reajustados con el Dólar,PZA,135.25,135.25,135.25,PEN,,
0223000218,"CERRADURA DE PERILLA P/PUERTA ACERO INOXIDABLE GR 2, MODELO COMPACTO",material,Precios Reajustados con el Dólar,PZA,62.99,62.99,62.99,PEN,,
0223000219,"CERRADURA DE PERILLA P/PUERTA BRONCE PULIDO, MODELO 70710 PB",material,Precios Reajustados con el Dólar,PZA,225.30,225.30,225.30,PEN,,
0223000220,"CERRADURA DE PERILLA P/PUERTA ACERO INOXIDABLE, MODELO COMPACTO PP AI-1200",material,Precios Reajustados con el Dólar,PZA,64.30,64.30,64.30,PEN,,
0223000221,"CERRADURA DE PERILLA P/INTERIOR ACERO INOXIDABLE GR 2, MODELO COMPACTO",material,Precios Reajustados con el Dólar,PZA,38.38,38.38,38.38,PEN,,
0223000222,"CERRADURA DE PERILLA P/INTERIOR BRONCE PULIDO GR 2, MODELO COMPACTO",material,Precios Reajustados con el Dólar,PZA,38.38,38.38,38.38,PEN,,
0223000223,"CERRADURA DE PERILLA P/INTERIOR BRONCE QUEMADO GR 2, MODELO COMPACTO",material,Precios Reajustados con el Dólar,PZA,38.38,38.38,38.38,PEN,,
0223000224,"CERRADURA DE PERILLA P/INTERIOR BRONCE ANTIGUO GR 2, MODELO COMPACTO",material,Precios Reajustados con el Dólar,PZA,38.38,38.38,38.38,PEN,,
0223000225,"CERRADURA DE PERILLA P/INTERIOR ACERO INOXIDABLE GR 2, MODELO CLASICO",material,Precios Reajustados con el Dólar,PZA,39.03,39.03,39.03,PEN,,
0223000226,"CERRADURA DE PERILLA P/INTERIOR BRONCE PULIDO GR 2, MODELO CLASICO",material,Precios Reajustados con el Dólar,PZA,39.03,39.03,39.03,PEN,,
0223000227,"CERRADURA DE PERILLA P/INTERIOR BRONCE QUEMADO GR 2, MODELO CLASICO",material,Precios Reajustados con el Dólar,PZA,39.03,39.03,39.03,PEN,,
0223000228,"CERRADURA DE PERILLA P/INTERIOR BRONCE ANTIGUO GR 2, MODELO CLASICO",material,Precios Reajustados con el Dólar,PZA,39.03,39.03,39.03,PEN,,
0223000229,"CERRADURA DE PERILLA P/INTERIOR ACERO INOXIDABLE GR 2, MODELO COMPACTO",material,Precios Reajustados con el Dólar,PZA,38.38,38.38,38.38,PEN,,
0223000230,"CERRADURA DE PERILLA P/INTERIOR BRONCE PULIDO GR 2, MODELO COMPACTO",material,Precios Reajustados con el Dólar,PZA,38.38,38.38,38.38,PEN,,
0223000231,"CERRADURA DE PERILLA P/INTERIOR BRONCE QUEMADO GR 2, MODELO COMPACTO",material,Precios Reajustados con el Dólar,PZA,38.38,38.38,38.38,PEN,,
0223000232,"CERRADURA DE PERILLA P/INTERIOR BRONCE ANTIGUO GR 2, MODELO COMPACTO",material,Precios Reajustados con el Dólar,PZA,38.38,38.38,38.38,PEN,,
0223000233,"CERRADURA DE PERILLA P/INTERIOR ACERO INOXIDABLE GR 2, MODELO CLASICO",material,Precios Reajustados con el Dólar,PZA,39.03,39.03,39.03,PEN,,
0223000234,"CERRADURA DE PERILLA P/INTERIOR BRONCE PULIDO GR 2, MODELO CLASICO",material,Precios Reajustados con el Dólar,PZA,39.03,39.03,39.03,PEN,,
0223000235,"CERRADURA DE PERILLA P/INTERIOR BRONCE QUEMADO GR 2, MODELO CLASICO",material,Precios Reajustados con el Dólar,PZA,39.03,39.03,39.03,PEN,,
0223000236,"CERRADURA DE PERILLA P/INTERIOR BRONCE ANTIGUO GR 2, MODELO CLASICO",material,Precios Reajustados con el Dólar,PZA,39.03,39.03,39.03,PEN,,
0223000237,"CERRADURA SOBREPONER P/EXTERIOR 2 GOLPES, MODELO 111",material,Precios Reajustados con el Dólar,PZA,44.96,44.96,44.96,PEN,,
0223000238,"CERRADURA SOBREPONER P/EXTERIOR 3 GOLPES, MODELO 333",material,Precios Reajustados con el Dólar,PZA,63.51,63.51,63.51,PEN,,
0223000239,"CERRADURA SOBREPONER P/EXTERIOR 3 GOLPES, MODELO 444",material,Precios Reajustados con el Dólar,PZA,62.22,62.22,62.22,PEN,,
0223000240,"CERRADURA SOBREPONER P/EXTERIOR 3 GOLPES 2 BARROTES, MODELO 34",material,Precios Reajustados con el Dólar,PZA,60.03,60.03,60.03,PEN,,
0223000241,"CERRADURA SOBREPONER P/EXTERIOR 3 GOLPES, MODELO 130",material,Precios Reajustados con el Dólar,PZA,50.63,50.63,50.63,PEN,,
0223000242,"CERRADURA SOBREPONER P/EXTERIOR 3 GOLPES, MODELO 430",material,Precios Reajustados con el Dólar,PZA,54.75,54.75,54.75,PEN,,
0223000243,"CERRADURA SOBREPONER P/EXTERIOR 2 GOLPES CON BARRA, MODELO 222",material,Precios Reajustados con el Dólar,PZA,53.46,53.46,53.46,PEN,,
0223000244,"CERRADURA SOBREPONER P/EXTERIOR 3 GOLPES CON 3 BARRAS, MODELO 360",material,Precios Reajustados con el Dólar,PZA,64.15,64.15,64.15,PEN,,
0223000245,"CERRADURA SOBREPONER P/EXTERIOR 3 GOLPES CON 4 BARRAS, MODELO 800",material,Precios Reajustados con el Dólar,PZA,74.71,74.71,74.71,PEN,,
0223000246,"CERRADURA SOBREPONER P/EXTERIOR 3 GOLPES CON 2 BARRAS Y SEGURO, MODELO 960",material,Precios Reajustados con el Dólar,PZA,78.71,78.71,78.71,PEN,,
0223000247,"CERRADURA SOBREPONER P/EXTERIOR 3 GOLPES, MODELO 970",material,Precios Reajustados con el Dólar,PZA,84.88,84.88,84.88,PEN,,
0223000248,"CERRADURA SOBREPONER P/EXTERIOR 3 GOLPES, MODELO 960",material,Precios Reajustados con el Dólar,PZA,141.58,141.58,141.58,PEN,,
0223000249,"CERRADURA SOBREPONER P/EXTERIOR 3 GOLPES, MODELO 911",material,Precios Reajustados con el Dólar,PZA,73.43,73.43,73.43,PEN,,
0223000250,"CERRADURA TRANCA P/EXTERIOR 3 GOLPES, MODELO T800",material,Precios Reajustados con el Dólar,PZA,173.25,173.25,173.25,PEN,,
0223000251,"CERRADURA TRANCA P/EXTERIOR 3 GOLPES, MODELO T800XT",material,Precios Reajustados con el Dólar,PZA,186.01,186.01,186.01,PEN,,
0223000252,"CERRADURA P/PUERTA ELECTRICA C/BOTON, MODELO 1000E",material,Precios Reajustados con el Dólar,PZA,141.58,141.58,141.58,PEN,,
0223000253,"CERRADURA P/PUERTA ELECTRICA S/BOTON, MODELO 1000S",material,Precios Reajustados con el Dólar,PZA,141.58,141.58,141.58,PEN,,
0223000254,"CERRADURA P/PUERTA CORREDIZA DE MADERA, MODELO PICO DE LORO",material,Precios Reajustados con el Dólar,PZA,39.81,39.81,39.81,PEN,,
0223000255,"CERRADURA P/PUERTA CORREDIZA DE ACERO, MODELO PICO DE LORO",material,Precios Reajustados con el Dólar,PZA,39.81,39.81,39.81,PEN,,
0223000256,CERRADURA P/PUERTA CORREDIZA DE ALUMINIO MODELO PICO DE LORO,material,Precios Reajustados con el Dólar,PZA,39.81,39.81,39.81,PEN,,
0223000257,"CERRADURA P/PUERTA CORREDIZA DE ENGRAPE DE MADERA, MODELO 2000",material,Precios Reajustados con el Dólar,PZA,70.73,70.73,70.73,PEN,,
0223000258,"CERRADURA P/PUERTA CORREDIZA DE ENGRAPE DE ACERO, MODELO 2000R",material,Precios Reajustados con el Dólar,PZA,72.00,72.00,72.00,PEN,,
0223000259,"CERRADURA P/PUERTA ANTIPANICO DE 01 HOJA, MODELO DK 1310",material,Precios Reajustados con el Dólar,PZA,154.45,154.45,154.45,PEN,,
0223000260,"CERRADURA P/PUERTA ANTIPANICO DE 02 HOJA, MODELO DK 1320",material,Precios Reajustados con el Dólar,PZA,206.19,206.19,206.19,PEN,,
0223000261,"CERRADURA P/PUERTA ANTIPANICO DE 01 HOJA, MODELO DK 1710",material,Precios Reajustados con el Dólar,PZA,360.55,360.55,360.55,PEN,,
0223000262,"CERRADURA P/PUERTA ANTIPANICO DE 02 HOJA, MODELO DK 1720",material,Precios Reajustados con el Dólar,PZA,489.38,489.38,489.38,PEN,,
0223000263,"CERRADURA P/PUERTA COMPACTA CON 03 PIVOTES, MODELO F-200",material,Precios Reajustados con el Dólar,PZA,37.36,37.36,37.36,PEN,,
0223000264,"CERRADURA P/PUERTA COMPACTA CON 03 PIVOTES, MODELO F-223",material,Precios Reajustados con el Dólar,PZA,41.22,41.22,41.22,PEN,,
0223000265,"CERRADURA P/PUERTA COMPACTA CON 02 PIVOTES, MODELO F-230",material,Precios Reajustados con el Dólar,PZA,38.38,38.38,38.38,PEN,,
0223000266,"CERRADURA P/PUERTA BLINDADA, MODELO B-245",material,Precios Reajustados con el Dólar,PZA,69.56,69.56,69.56,PEN,,
0223000267,"CERRADURA P/PUERTA BLINDADA, MODELO B-240-E",material,Precios Reajustados con el Dólar,PZA,47.41,47.41,47.41,PEN,,
0223000268,"CERRADURA P/PUERTA BLINDADA, MODELO B-333",material,Precios Reajustados con el Dólar,PZA,66.99,66.99,66.99,PEN,,
0223000269,"CERRADURA P/PUERTA BLINDADA, MODELO B-220-M",material,Precios Reajustados con el Dólar,PZA,60.54,60.54,60.54,PEN,,
0223000270,"CERRADURA P/PUERTA BLINDADA, MODELO B-230",material,Precios Reajustados con el Dólar,PZA,56.68,56.68,56.68,PEN,,
0223000271,"CERRADURA P/PUERTA BLINDADA, MODELO B-233-M",material,Precios Reajustados con el Dólar,PZA,63.13,63.13,63.13,PEN,,
0223000272,"CERRADURA P/PUERTA BLINDADA, MODELO B-220",material,Precios Reajustados con el Dólar,PZA,60.54,60.54,60.54,PEN,,
0223000273,"CERRADURA P/PUERTA BLINDADA, MODELO B-230-M",material,Precios Reajustados con el Dólar,PZA,66.99,66.99,66.99,PEN,,
0223000274,"CERRADURA P/PUERTA BLINDADA, MODELO B-233",material,Precios Reajustados con el Dólar,PZA,69.56,69.56,69.56,PEN,,
0223000275,"CERRADURA P/PUERTA BLINDADA, MODELO B-240",material,Precios Reajustados con el Dólar,PZA,68.28,68.28,68.28,PEN,,
0223000276,"CERRADURA P/PUERTA BLINDADA, MODELO B-226",material,Precios Reajustados con el Dólar,PZA,77.92,77.92,77.92,PEN,,
0223000277,"CERRADURA P/PUERTA DE REJA, MODELO R-5000-D",material,Precios Reajustados con el Dólar,PZA,92.75,92.75,92.75,PEN,,
0223000278,"CERRADURA P/PUERTA DE REJA, MODELO R-5000-I",material,Precios Reajustados con el Dólar,PZA,92.75,92.75,92.75,PEN,,
0223000279,"CERRADURA P/PUERTA DE REJA APERTURA/INT, MODELO R-545",material,Precios Reajustados con el Dólar,PZA,64.40,64.40,64.40,PEN,,
0223000280,"CERRADURA P/PUERTA DE REJA APERTURA/EXT, MODELO R-545",material,Precios Reajustados con el Dólar,PZA,64.40,64.40,64.40,PEN,,
0223000281,CRISTAL INCOLORO 2mm,material,Precios Reajustados con el Dólar,M2,18.43,18.43,18.43,PEN,,
0223000282,CRISTAL INCOLORO 3mm,material,Precios Reajustados con el Dólar,M2,15.37,15.37,15.37,PEN,,
0223000283,CRISTAL INCOLORO 4mm,material,Precios Reajustados con el Dólar,M2,19.46,19.46,19.46,PEN,,
0223000284,CRISTAL INCOLORO 5mm,material,Precios Reajustados con el Dólar,M2,27.43,27.43,27.43,PEN,,
0223000285,CRISTAL INCOLORO 6mm,material,Precios Reajustados con el Dólar,M2,28.31,28.31,28.31,PEN,,
0223000286,CRISTAL INCOLORO 8mm,material,Precios Reajustados con el Dólar,M2,40.27,40.27,40.27,PEN,,
0223000287,CRISTAL INCOLORO 10mm,material,Precios Reajustados con el Dólar,M2,52.07,52.07,52.07,PEN,,
0223000288,CRISTAL BRONCE 4mm,material,Precios Reajustados con el Dólar,M2,20.55,20.55,20.55,PEN,,
0223000289,CRISTAL BRONCE 5mm,material,Precios Reajustados con el Dólar,M2,28.73,28.73,28.73,PEN,,
0223000290,CRISTAL BRONCE 6mm,material,Precios Reajustados con el Dólar,M2,31.21,31.21,31.21,PEN,,
0223000291,CRISTAL BRONCE 8mm,material,Precios Reajustados con el Dólar,M2,45.75,45.75,45.75,PEN,,
0223000292,CRISTAL BRONCE 10mm,material,Precios Reajustados con el Dólar,M2,56.67,56.67,56.67,PEN,,
0223000293,CRISTAL GRIS 4mm,material,Precios Reajustados con el Dólar,M2,23.14,23.14,23.14,PEN,,
0223000294,CRISTAL GRIS 5mm,material,Precios Reajustados con el Dólar,M2,31.88,31.88,31.88,PEN,,
0223000295,CRISTAL GRIS 8mm,material,Precios Reajustados con el Dólar,M2,46.94,46.94,46.94,PEN,,
0223000296,CRISTAL GRIS 10mm,material,Precios Reajustados con el Dólar,M2,63.71,63.71,63.71,PEN,,
0223000297,CRISTAL CRUDO INCOLORO 2mm,material,Precios Reajustados con el Dólar,M2,14.08,14.08,14.08,PEN,,
0223000298,CRISTAL CRUDO BRONCE 3mm,material,Precios Reajustados con el Dólar,M2,30.33,30.33,30.33,PEN,,
0223000299,CRISTAL CRUDO BRONCE 4mm,material,Precios Reajustados con el Dólar,M2,37.83,37.83,37.83,PEN,,
0223000300,CRISTAL ESPEJO INCOLORO 2mm,material,Precios Reajustados con el Dólar,M2,34.99,34.99,34.99,PEN,,
0223000301,CRISTAL ESPEJO INCOLORO 3mm,material,Precios Reajustados con el Dólar,M2,49.17,49.17,49.17,PEN,,
0223000302,CRISTAL ESPEJO INCOLORO 4mm,material,Precios Reajustados con el Dólar,M2,66.97,66.97,66.97,PEN,,
0223000303,CRISTAL ESPEJO INCOLORO 6mm,material,Precios Reajustados con el Dólar,M2,97.93,97.93,97.93,PEN,,
0223000304,CRISTAL ESPEJO BRONCE 4mm,material,Precios Reajustados con el Dólar,M2,88.66,88.66,88.66,PEN,,
0223000305,CRISTAL TEMPLADO REFLEJANTE BRONCE 6mm,material,Precios Reajustados con el Dólar,M2,399.72,399.72,399.72,PEN,,
0223000306,CRISTAL TEMPLADO REFLEJANTE BRONCE 8mm,material,Precios Reajustados con el Dólar,M2,500.39,500.39,500.39,PEN,,
0223000307,CRISTAL TEMPLADO REFLEJANTE GRIS 6mm,material,Precios Reajustados con el Dólar,M2,428.14,428.14,428.14,PEN,,
0223000308,CRISTAL TEMPLADO REFLEJANTE GRIS 8mm,material,Precios Reajustados con el Dólar,M2,545.68,545.68,545.68,PEN,,
0223000309,CRISTAL TEMPLADO ANTELIO PLATA 6mm,material,Precios Reajustados con el Dólar,M2,421.41,421.41,421.41,PEN,,
0223000310,CRISTAL TEMPLADO ANTELIO PLATA 8mm,material,Precios Reajustados con el Dólar,M2,588.17,588.17,588.17,PEN,,
0223000311,CRISTAL TEMPLADO REFLEJANTE AZUL 6mm,material,Precios Reajustados con el Dólar,M2,463.07,463.07,463.07,PEN,,
0223000312,CRISTAL TEMPLADO REFLEJANTE AZUL 8mm,material,Precios Reajustados con el Dólar,M2,588.17,588.17,588.17,PEN,,
0223000313,CRISTAL TEMPLADO REFLEJANTE SILVER DARK 6mm,material,Precios Reajustados con el Dólar,M2,458.88,458.88,458.88,PEN,,
0223000314,CRISTAL TEMPLADO REFLEJANTE SILVER DARK 8mm,material,Precios Reajustados con el Dólar,M2,582.53,582.53,582.53,PEN,,
0223000315,CRISTAL TEMPLADO REFLEJANTE STOPSOL VERDE 6mm,material,Precios Reajustados con el Dólar,M2,412.14,412.14,412.14,PEN,,
0223000316,CRISTAL TEMPLADO REFLEJANTE STOPSOL VERDE 8mm,material,Precios Reajustados con el Dólar,M2,520.21,520.21,520.21,PEN,,
0223000317,CRISTAL TEMPLADO INCOLORO 5mm,material,Precios Reajustados con el Dólar,M2,155.95,155.95,155.95,PEN,,
0223000318,CRISTAL TEMPLADO INCOLORO 6mm,material,Precios Reajustados con el Dólar,M2,172.56,172.56,172.56,PEN,,
0223000319,CRISTAL TEMPLADO INCOLORO 8mm,material,Precios Reajustados con el Dólar,M2,200.46,200.46,200.46,PEN,,
0223000320,CRISTAL TEMPLADO INCOLORO 10mm,material,Precios Reajustados con el Dólar,M2,240.15,240.15,240.15,PEN,,
0223000321,CRISTAL TEMPLADO INCOLORO 12mm,material,Precios Reajustados con el Dólar,M2,446.25,446.25,446.25,PEN,,
0223000322,CRISTAL TEMPLADO BRONCE/GRIS 5mm,material,Precios Reajustados con el Dólar,M2,227.78,227.78,227.78,PEN,,
0223000323,CRISTAL TEMPLADO BRONCE/GRIS 8mm,material,Precios Reajustados con el Dólar,M2,289.63,289.63,289.63,PEN,,
0223000324,CRISTAL TEMPLADO BRONCE/GRIS 10mm,material,Precios Reajustados con el Dólar,M2,385.08,385.08,385.08,PEN,,
0223000325,CRISTAL TEMPLADO ARENADO INCOLORO 5mm,material,Precios Reajustados con el Dólar,M2,239.17,239.17,239.17,PEN,,
0223000326,CRISTAL TEMPLADO ARENADO INCOLORO 6mm,material,Precios Reajustados con el Dólar,M2,239.17,239.17,239.17,PEN,,
0223000327,CRISTAL TEMPLADO ARENADO INCOLORO 8mm,material,Precios Reajustados con el Dólar,M2,295.43,295.43,295.43,PEN,,
0223000328,CRISTAL TEMPLADO ARENADO INCOLORO 10mm,material,Precios Reajustados con el Dólar,M2,404.33,404.33,404.33,PEN,,
0223000329,CRISTAL TEMPLADO ARENADO INCOLORO 12mm,material,Precios Reajustados con el Dólar,M2,423.58,423.58,423.58,PEN,,
0223000330,CRISTAL TEMPLADO ARENADO BRONCE/GRIS 6mm,material,Precios Reajustados con el Dólar,M2,317.17,317.17,317.17,PEN,,
0223000331,CRISTAL TEMPLADO ARENADO BRONCE/GRIS 8mm,material,Precios Reajustados con el Dólar,M2,399.72,399.72,399.72,PEN,,
0223000332,CRISTAL TEMPLADO ARENADO BRONCE/GRIS 10mm,material,Precios Reajustados con el Dólar,M2,505.36,505.36,505.36,PEN,,
0223000333,CRISTAL CURVO INCOLORO 5mm,material,Precios Reajustados con el Dólar,M2,470.94,470.94,470.94,PEN,,
0223000334,CRISTAL CURVO INCOLORO 6mm,material,Precios Reajustados con el Dólar,M2,495.58,495.58,495.58,PEN,,
0223000335,CRISTAL CURVO INCOLORO 8mm,material,Precios Reajustados con el Dólar,M2,550.44,550.44,550.44,PEN,,
0223000336,CRISTAL CURVO INCOLORO 10mm,material,Precios Reajustados con el Dólar,M2,602.46,602.46,602.46,PEN,,
0223000337,CRISTAL CURVO BRONCE/GRIS 6mm,material,Precios Reajustados con el Dólar,M2,506.91,506.91,506.91,PEN,,
0223000338,CRISTAL CURVO BRONCE/GRIS 8mm,material,Precios Reajustados con el Dólar,M2,573.01,573.01,573.01,PEN,,
0223000339,CRISTAL CURVO BRONCE/GRIS 10mm,material,Precios Reajustados con el Dólar,M2,662.03,662.03,662.03,PEN,,
0223000340,CRISTAL CURVO REFLEJANTE BRONCE 6mm,material,Precios Reajustados con el Dólar,M2,782.83,782.83,782.83,PEN,,
0223000341,CRISTAL CURVO REFLEJANTE BRONCE 8mm,material,Precios Reajustados con el Dólar,M2,916.47,916.47,916.47,PEN,,
0223000342,CRISTAL CURVO REFLEJANTE ANTELIO PLATA 6mm,material,Precios Reajustados con el Dólar,M2,887.69,887.69,887.69,PEN,,
0223000343,CRISTAL CURVO REFLEJANTE AZUL DARK 6mm,material,Precios Reajustados con el Dólar,M2,821.60,821.60,821.60,PEN,,
0223000344,CRISTAL CURVO REFLEJANTE AZUL DARK 8mm,material,Precios Reajustados con el Dólar,M2,964.29,964.29,964.29,PEN,,
0223000345,CRISTAL CURVO REFLEJANTE AZUL PRIVABLUE 6mm,material,Precios Reajustados con el Dólar,M2,810.68,810.68,810.68,PEN,,
0223000346,CRISTAL CURVO REFLEJANTE AZUL DARK 8mm,material,Precios Reajustados con el Dólar,M2,756.69,756.69,756.69,PEN,,
0223000347,CRISTAL CURVO REFLEJANTE STOPSOL VERVE 6mm,material,Precios Reajustados con el Dólar,M2,855.81,855.81,855.81,PEN,,
0223000348,CRISTAL CURVO REFLEJANTE STOPSOL VERVE 8mm,material,Precios Reajustados con el Dólar,M2,898.41,898.41,898.41,PEN,,
0223000349,CRISTAL CURVO ARENADO INCOLORO 6mm,material,Precios Reajustados con el Dólar,M2,582.06,582.06,582.06,PEN,,
0223000350,CRISTAL CURVO ARENADO INCOLORO 8mm,material,Precios Reajustados con el Dólar,M2,636.67,636.67,636.67,PEN,,
0223000351,CRISTAL CURVO ARENADO INCOLORO 10mm,material,Precios Reajustados con el Dólar,M2,688.69,688.69,688.69,PEN,,
0223000352,CRISTAL CURVO ARENADO BRONCE/GRIS 6mm,material,Precios Reajustados con el Dólar,M2,593.14,593.14,593.14,PEN,,
0223000353,CRISTAL CURVO ARENADO BRONCE/GRIS 8mm,material,Precios Reajustados con el Dólar,M2,633.36,633.36,633.36,PEN,,
0223000354,CRISTAL CURVO ARENADO BRONCE/GRIS 10mm,material,Precios Reajustados con el Dólar,M2,748.31,748.31,748.31,PEN,,
0223000355,"DETECTOR DE FLUJO DE 2""",material,Precios Reajustados con el Dólar,UND,579.68,579.68,579.68,PEN,,
0223000356,"DETECTOR DE FLUJO DE 2 1/2""",material,Precios Reajustados con el Dólar,UND,579.68,579.68,579.68,PEN,,
0223000357,"DETECTOR DE FLUJO DE 3""",material,Precios Reajustados con el Dólar,UND,579.68,579.68,579.68,PEN,,
0223000358,"DETECTOR DE FLUJO DE 4""",material,Precios Reajustados con el Dólar,UND,579.68,579.68,579.68,PEN,,
0223000359,"DETECTOR DE FLUJO DE 6""",material,Precios Reajustados con el Dólar,UND,579.68,579.68,579.68,PEN,,
0223000360,DETECTOR DE MONOXIDO 24V,material,Precios Reajustados con el Dólar,UND,373.57,373.57,373.57,PEN,,
0223000361,DETECTOR DE MONOXIDO 24V-UL,material,Precios Reajustados con el Dólar,UND,450.86,450.86,450.86,PEN,,
0223000362,"DETECTOR DE HUMO, MODELO HM-602PC",material,Precios Reajustados con el Dólar,UND,50.24,50.24,50.24,PEN,,
0223000363,"DETECTOR DE TEMPERATURA, MODELO HM-201HC-2",material,Precios Reajustados con el Dólar,UND,42.52,42.52,42.52,PEN,,
0223000364,"DETECTOR DE HUMO, MODELO FW-4",material,Precios Reajustados con el Dólar,UND,210.74,210.74,210.74,PEN,,
0223000365,"DETECTOR DE TEMPERATURA, MODELO FW4-H",material,Precios Reajustados con el Dólar,UND,278.24,278.24,278.24,PEN,,
0223000366,"PANEL ALARMA 4 ZONAS+TECLADO+BATERIA+TRANSFORMADOR, MODELO XP-PAK-4",material,Precios Reajustados con el Dólar,UND,490.67,490.67,490.67,PEN,,
0223000367,"PANEL ALARMA 6 ZONAS+TECLADO+BATERIA+TRANSFORMADOR, MODELO XP-PAK-6",material,Precios Reajustados con el Dólar,UND,590.75,590.75,590.75,PEN,,
0223000368,"PANEL ALARMA 8/16 ZONAS+TECLADO+BATERIA+TRANSFORMADOR, MODELO GEM-P816EX-230",material,Precios Reajustados con el Dólar,UND,759.93,759.93,759.93,PEN,,
0223000369,"PANEL ALARMA 16/32 ZONAS+TECLADO+BATERIA+TRANSFORMADOR, MODELO GEM-P1632EX-230",material,Precios Reajustados con el Dólar,UND,759.93,759.93,759.93,PEN,,
0223000370,"PANEL ALARMA 16/64 ZONAS+TECLADO+BATERIA+TRANSFORMADOR, MODELO GEM-P1664EX",material,Precios Reajustados con el Dólar,UND,827.91,827.91,827.91,PEN,,
0223000371,"PANEL ALARMA 8/255 ZONAS+TECLADO+BATERIA+TRANSFORMADOR, MODELO GEM-X255EX",material,Precios Reajustados con el Dólar,UND,2107.83,2107.83,2107.83,PEN,,
0223000372,"PANEL ALARMA 96 ZONAS+TECLADO+BATERIA+TRANSFORMADOR, MODELO GEM-P9600EX",material,Precios Reajustados con el Dólar,UND,1896.97,1896.97,1896.97,PEN,,
0223000373,"PANEL ALARMA 16/32 ZONAS+TECLADO+BATERIA+TRANSFORMADOR, MODELO GEM-P1632EX-230",material,Precios Reajustados con el Dólar,UND,1896.97,1896.97,1896.97,PEN,,
0223000374,"DOWEL LISTO 1"", LON. PASADOR 41cm, H=9cm, E=18cm, L=1m",material,Precios Reajustados con el Dólar,M,78.83,78.83,78.83,PEN,,
0223000375,"DOWEL LISTO 1"", LON. PASADOR 41cm, H=10cm, E=20cm, L=1m",material,Precios Reajustados con el Dólar,M,79.09,79.09,79.09,PEN,,
0223000376,"DOWEL LISTO 1 1/4"", LON. PASADOR 46cm, H=11cm, E=22cm, L=1m",material,Precios Reajustados con el Dólar,M,110.81,110.81,110.81,PEN,,
0223000377,"DOWEL LISTO 1 1/4"", LON. PASADOR 46cm, H=12.5cm, E=25cm, L=1m",material,Precios Reajustados con el Dólar,M,111.23,111.23,111.23,PEN,,
0223000378,"DOWEL LISTO 1 1/4"", LON. PASADOR 46cm, H=13.5cm, E=27cm, L=1m",material,Precios Reajustados con el Dólar,M,111.49,111.49,111.49,PEN,,
0223000379,"DOWEL LISTO 1 1/2"", LON. PASADOR 50cm, H=15cm, E=30cm, L=1m",material,Precios Reajustados con el Dólar,M,152.27,152.27,152.27,PEN,,
0223000380,"ELECTROBOMBA CENTRIFUGA TRI. 60HZ, 1HP, MODELO BC 92, SUCCION 1"", DESCARGA 1""",material,Precios Reajustados con el Dólar,UND,1319.47,1319.47,1319.47,PEN,,
0223000381,"ELECTROBOMBA CENTRIFUGA TRI. 60HZ, 1HP, MODELO BC 92, SUCCION 3/4"", DESCARGA 3/4""",material,Precios Reajustados con el Dólar,UND,1774.71,1774.71,1774.71,PEN,,
0223000382,"ELECTROBOMBA CENTRIFUGA TRI. 60HZ, 1.5HP, MODELO BC 92, SUCCION 1 1/4"", DESCARGA 1""",material,Precios Reajustados con el Dólar,UND,1462.84,1462.84,1462.84,PEN,,
0223000383,"ELECTROBOMBA CENTRIFUGA TRI. 60HZ, 1.5HP, MODELO BC 92, SUCCION 1 1/4"", DESCARGA 1 1/4""",material,Precios Reajustados con el Dólar,UND,1445.97,1445.97,1445.97,PEN,,
0223000384,"ELECTROBOMBA CENTRIFUGA TRI. 60HZ, 1.5HP, MODELO BC 92, SUCCION 1 1/2"", DESCARGA 1 1/4""",material,Precios Reajustados con el Dólar,UND,1471.22,1471.22,1471.22,PEN,,
0223000385,"ELECTROBOMBA CENTRIFUGA TRI. 60HZ, 1.5HP, MODELO BC 92, SUCCION 3/4"", DESCARGA 3/4""",material,Precios Reajustados con el Dólar,UND,1913.84,1913.84,1913.84,PEN,,
0223000386,"ELECTROBOMBA CENTRIFUGA TRI. 60HZ, 2HP, MODELO BC 92, SUCCION 1 1/4"", DESCARGA 1""",material,Precios Reajustados con el Dólar,UND,1606.09,1606.09,1606.09,PEN,,
0223000387,"ELECTROBOMBA CENTRIFUGA TRI. 60HZ, 2HP, MODELO BC 92, SUCCION 1 1/2"", DESCARGA 1 1/4""",material,Precios Reajustados con el Dólar,UND,1615.20,1615.20,1615.20,PEN,,
0223000388,"ELECTROBOMBA CENTRIFUGA TRI. 60HZ, 2HP, MODELO BC 92, SUCCION 3/4"", DESCARGA 3/4""",material,Precios Reajustados con el Dólar,UND,2061.47,2061.47,2061.47,PEN,,
0223000389,"ELECTROBOMBA CENTRIFUGA TRI. 60HZ, 3HP, MODELO BC 92, SUCCION 1 1/4"", DESCARGA 1""",material,Precios Reajustados con el Dólar,UND,1905.47,1905.47,1905.47,PEN,,
0223000390,"ELECTROBOMBA CENTRIFUGA TRI. 60HZ, 3HP, MODELO BC 92, SUCCION 1 1/2"", DESCARGA 1 1/4""",material,Precios Reajustados con el Dólar,UND,1914.65,1914.65,1914.65,PEN,,
0223000391,"ELECTROBOMBA CENTRIFUGA TRI. 60HZ, 3HP, MODELO BC 92, SUCCION 3/4"", DESCARGA 3/4""",material,Precios Reajustados con el Dólar,UND,2369.20,2369.20,2369.20,PEN,,
0223000392,"ELECTROBOMBA CENTRIFUGA TRI. 60HZ, 3HP, MODELO BC 92, SUCCION 2"", DESCARGA 1 1/2""",material,Precios Reajustados con el Dólar,UND,3507.21,3507.21,3507.21,PEN,,
0223000393,"ELECTROBOMBA CENTRIFUGA TRI. 60HZ, 4HP, MODELO BC 92, SUCCION 2"", DESCARGA 1 1/2""",material,Precios Reajustados con el Dólar,UND,3785.14,3785.14,3785.14,PEN,,
0223000394,"ELECTROBOMBA CENTRIFUGA TRI. 60HZ, 4HP, MODELO BC 92, SUCCION 1 1/4"", DESCARGA 1""",material,Precios Reajustados con el Dólar,UND,3885.76,3885.76,3885.76,PEN,,
0223000395,"ELECTROBOMBA CENTRIFUGA TRI. 60HZ, 5HP, MODELO BC 92, SUCCION 2 1/2"", DESCARGA 2""",material,Precios Reajustados con el Dólar,UND,4337.67,4337.67,4337.67,PEN,,
0223000396,"ELECTROBOMBA CENTRIFUGA TRI. 60HZ, 5HP, MODELO BC 92, SUCCION 3"", DESCARGA 2 1/2""",material,Precios Reajustados con el Dólar,UND,4561.27,4561.27,4561.27,PEN,,
0223000397,"ELECTROBOMBA CENTRIFUGA TRI. 60HZ, 7.5HP, MODELO BC 92, SUCCION 2 1/2"", DESCARGA 2""",material,Precios Reajustados con el Dólar,UND,5302.45,5302.45,5302.45,PEN,,
0223000398,"ELECTROBOMBA CENTRIFUGA TRI. 60HZ, 7.5HP, MODELO BC 92, SUCCION 3"", DESCARGA 2 1/2""",material,Precios Reajustados con el Dólar,UND,5569.82,5569.82,5569.82,PEN,,
0223000399,"ELECTROBOMBA CENTRIFUGA TRI. 60HZ, 10HP, MODELO BC 92, SUCCION 2 1/2"", DESCARGA 2""",material,Precios Reajustados con el Dólar,UND,7010.99,7010.99,7010.99,PEN,,
0223000400,"ELECTROBOMBA CENTRIFUGA TRI. 60HZ, 10HP, MODELO BC 92, SUCCION 3"", DESCARGA 2 1/2""",material,Precios Reajustados con el Dólar,UND,7605.16,7605.16,7605.16,PEN,,
0223000401,"ELECTROBOMBA CENTRIFUGA TRI. 60HZ, 12.5HP, MODELO BC 92, SUCCION 2 1/2"", DESCARGA 2""",material,Precios Reajustados con el Dólar,UND,7575.20,7575.20,7575.20,PEN,,
0223000402,"ELECTROBOMBA CENTRIFUGA TRI. 60HZ, 12.5HP, MODELO BC 92, SUCCION 3"", DESCARGA 2 1/2""",material,Precios Reajustados con el Dólar,UND,7941.20,7941.20,7941.20,PEN,,
0223000403,"ELECTROBOMBA CENTRIFUGA TRI. 60HZ, 15HP, MODELO BC 92, SUCCION 2 1/2"", DESCARGA 2""",material,Precios Reajustados con el Dólar,UND,8675.27,8675.27,8675.27,PEN,,
0223000404,"ELECTROBOMBA CENTRIFUGA TRI. 60HZ, 15HP, MODELO BC 92, SUCCION 3"", DESCARGA 2 1/2""",material,Precios Reajustados con el Dólar,UND,8915.54,8915.54,8915.54,PEN,,
0223000405,"ELECTROBOMBA CENTRIFUGA TRI. 60HZ, 20HP, MODELO BC 92, SUCCION 2 1/2"", DESCARGA 2""",material,Precios Reajustados con el Dólar,UND,11432.80,11432.80,11432.80,PEN,,
0223000406,"ELECTROBOMBA CENTRIFUGA TRI. 60HZ, 20HP, MODELO BC 92, SUCCION 3"", DESCARGA 2 1/2""",material,Precios Reajustados con el Dólar,UND,11613.67,11613.67,11613.67,PEN,,
0223000407,"ELECTROBOMBA CENTRIFUGA TRI. 60HZ, 25HP, MODELO BC 92, SUCCION 2 1/2"", DESCARGA 2""",material,Precios Reajustados con el Dólar,UND,13384.98,13384.98,13384.98,PEN,,
0223000408,"ELECTROBOMBA CENTRIFUGA TRI. 60HZ, 25HP, MODELO BC 92, SUCCION 3"", DESCARGA 2 1/2""",material,Precios Reajustados con el Dólar,UND,13627.68,13627.68,13627.68,PEN,,
0223000409,"ELECTROBOMBA CENTRIFUGA TRI. 60HZ, 30HP, MODELO BC 92, SUCCION 2 1/2"", DESCARGA 2""",material,Precios Reajustados con el Dólar,UND,16303.02,16303.02,16303.02,PEN,,
0223000410,"ELECTROBOMBA CENTRIFUGA TRI. 60HZ, 30HP, MODELO BC 92, SUCCION 3"", DESCARGA 2 1/2""",material,Precios Reajustados con el Dólar,UND,17516.38,17516.38,17516.38,PEN,,
0223000411,"ELECTROBOMBA CENTRIFUGA TRI. 60HZ, 40HP, MODELO BC-20FGX(230mm), SUCCION 3"", DESCARGA 2""",material,Precios Reajustados con el Dólar,UND,27551.35,27551.35,27551.35,PEN,,
0223000412,"ELECTROBOMBA CENTRIFUGA TRI. 60HZ, 50HP, MODELO BC-20FGX(230mm), SUCCION 3"", DESCARGA 2""",material,Precios Reajustados con el Dólar,UND,28646.22,28646.22,28646.22,PEN,,
0223000413,"ELECTROBOMBA SUMERGIBLE TRI. 60HZ, 0.5HP, MODELO BCS-C5, DESCARGA 2""",material,Precios Reajustados con el Dólar,UND,2609.44,2609.44,2609.44,PEN,,
0223000414,"ELECTROBOMBA SUMERGIBLE TRI. 60HZ, 0.5HP, MODELO BCS-220, DESCARGA 2""",material,Precios Reajustados con el Dólar,UND,2946.70,2946.70,2946.70,PEN,,
0223000415,"ELECTROBOMBA SUMERGIBLE TRI. 60HZ, 0.5HP, MODELO BCS-350, DESCARGA 3""",material,Precios Reajustados con el Dólar,UND,3493.02,3493.02,3493.02,PEN,,
0223000416,"ELECTROBOMBA SUMERGIBLE TRI. 60HZ, 1HP, MODELO BCS-C5, DESCARGA 2""",material,Precios Reajustados con el Dólar,UND,2651.58,2651.58,2651.58,PEN,,
0223000417,"ELECTROBOMBA SUMERGIBLE TRI. 60HZ, 1HP, MODELO BCS-220, DESCARGA 2""",material,Precios Reajustados con el Dólar,UND,3056.32,3056.32,3056.32,PEN,,
0223000418,"ELECTROBOMBA SUMERGIBLE TRI. 60HZ, 1HP, MODELO BCS-350, DESCARGA 3""",material,Precios Reajustados con el Dólar,UND,5105.02,5105.02,5105.02,PEN,,
0223000419,"ELECTROBOMBA SUMERGIBLE TRI. 60HZ, 2HP, MODELO BCS-C5, DESCARGA 2""",material,Precios Reajustados con el Dólar,UND,4308.29,4308.29,4308.29,PEN,,
0223000420,"ELECTROBOMBA SUMERGIBLE TRI. 60HZ, 2HP, MODELO BCS-220, DESCARGA 2""",material,Precios Reajustados con el Dólar,UND,4805.79,4805.79,4805.79,PEN,,
0223000421,"ELECTROBOMBA SUMERGIBLE TRI. 60HZ, 2HP, MODELO BCS-350, DESCARGA 3""",material,Precios Reajustados con el Dólar,UND,6180.01,6180.01,6180.01,PEN,,
0223000422,"ELECTROBOMBA SUMERGIBLE TRI. 60HZ, 3HP, MODELO BCS-C5, DESCARGA 2""",material,Precios Reajustados con el Dólar,UND,4814.16,4814.16,4814.16,PEN,,
0223000423,"ELECTROBOMBA SUMERGIBLE TRI. 60HZ, 3HP, MODELO BCS-220, DESCARGA 2""",material,Precios Reajustados con el Dólar,UND,5395.90,5395.90,5395.90,PEN,,
0223000424,"ELECTROBOMBA SUMERGIBLE TRI. 60HZ, 3HP, MODELO BCS-350, DESCARGA 3""",material,Precios Reajustados con el Dólar,UND,6778.62,6778.62,6778.62,PEN,,
0223000425,"ELECTROBOMBA SUMERGIBLE TRI. 60HZ, 4HP, MODELO BCS-320, DESCARGA 3""",material,Precios Reajustados con el Dólar,UND,6323.38,6323.38,6323.38,PEN,,
0223000426,"ELECTROBOMBA SUMERGIBLE MONO. 60HZ, 0.5HP, MODELO BCS-C5, DESCARGA 2""",material,Precios Reajustados con el Dólar,UND,2841.33,2841.33,2841.33,PEN,,
0223000427,"ELECTROBOMBA SUMERGIBLE MONO. 60HZ, 0.5HP, MODELO BCS-220, DESCARGA 2""",material,Precios Reajustados con el Dólar,UND,3157.44,3157.44,3157.44,PEN,,
0223000428,"ELECTROBOMBA SUMERGIBLE MONO. 60HZ, 1HP, MODELO BCS-C5, DESCARGA 2""",material,Precios Reajustados con el Dólar,UND,2997.31,2997.31,2997.31,PEN,,
0223000429,"ELECTROBOMBA SUMERGIBLE MONO. 60HZ, 1HP, MODELO BCS-220, DESCARGA 2""",material,Precios Reajustados con el Dólar,UND,3950.05,3950.05,3950.05,PEN,,
0223000430,"BOMBA MULTIETAPA TRI. 60HZ, 1HP, MODELO ME-AL 1210. SUCCION 1"", DESCARGA 3/4""",material,Precios Reajustados con el Dólar,UND,1951.84,1951.84,1951.84,PEN,,
0223000431,"BOMBA MULTIETAPA TRI. 60HZ, 1HP, MODELO ME-BR 1210. SUCCION 1"", DESCARGA 3/4""",material,Precios Reajustados con el Dólar,UND,2149.97,2149.97,2149.97,PEN,,
0223000432,"BOMBA MULTIETAPA TRI. 60HZ, 1.5HP, MODELO ME-AL 1210. SUCCION 1"", DESCARGA 3/4""",material,Precios Reajustados con el Dólar,UND,2242.70,2242.70,2242.70,PEN,,
0223000433,"BOMBA MULTIETAPA TRI. 60HZ, 1.5HP, MODELO ME-AL 1210. SUCCION 1"", DESCARGA 3/4""",material,Precios Reajustados con el Dólar,UND,2423.95,2423.95,2423.95,PEN,,
0223000434,"BOMBA MULTIETAPA TRI. 60HZ, 2HP, MODELO ME-AL 1210. SUCCION 1"", DESCARGA 3/4""",material,Precios Reajustados con el Dólar,UND,2575.70,2575.70,2575.70,PEN,,
0223000435,"BOMBA MULTIETAPA TRI. 60HZ, 2HP, MODELO ME-AL 1210. SUCCION 1"", DESCARGA 3/4""",material,Precios Reajustados con el Dólar,UND,2891.82,2891.82,2891.82,PEN,,
0223000436,"BOMBA MULTIETAPA TRI. 60HZ, 3HP, MODELO ME-AL 1210. SUCCION 1"", DESCARGA 3/4""",material,Precios Reajustados con el Dólar,UND,3203.81,3203.81,3203.81,PEN,,
0223000437,"BOMBA MULTIETAPA TRI. 60HZ, 3HP, MODELO ME-AL 1210. SUCCION 1 1/2"", DESCARGA 1""",material,Precios Reajustados con el Dólar,UND,3027.21,3027.21,3027.21,PEN,,
0223000438,"BOMBA MULTIETAPA TRI. 60HZ, 4HP, MODELO ME-AL 1210. SUCCION 1"", DESCARGA 3/4""",material,Precios Reajustados con el Dólar,UND,3557.94,3557.94,3557.94,PEN,,
0223000439,"BOMBA MULTIETAPA TRI. 60HZ, 4HP, MODELO ME-AL 1210. SUCCION 1 1/2"", DESCARGA 1""",material,Precios Reajustados con el Dólar,UND,3104.51,3104.51,3104.51,PEN,,
0223000440,"BOMBA MULTIETAPA TRI. 60HZ, 5HP, MODELO ME-AL 1210. SUCCION 1"", DESCARGA 3/4""",material,Precios Reajustados con el Dólar,UND,4704.66,4704.66,4704.66,PEN,,
0223000441,"BOMBA MULTIETAPA TRI. 60HZ, 5HP, MODELO ME-AL 1210. SUCCION 1 1/2"", DESCARGA 1""",material,Precios Reajustados con el Dólar,UND,3798.18,3798.18,3798.18,PEN,,
0223000442,"BOMBA MULTIETAPA TRI. 60HZ, 7.5HP, MODELO ME-AL 1210. SUCCION 1"", DESCARGA 3/4""",material,Precios Reajustados con el Dólar,UND,5033.41,5033.41,5033.41,PEN,,
0223000443,"BOMBA MULTIETAPA TRI. 60HZ, 7.5HP, MODELO ME-AL 1210. SUCCION 1 1/2"", DESCARGA 1""",material,Precios Reajustados con el Dólar,UND,5315.78,5315.78,5315.78,PEN,,
0223000444,"BOMBA MULTIETAPA TRI. 60HZ, 10HP, MODELO ME-AL 1210. SUCCION 1 1/2"", DESCARGA 1""",material,Precios Reajustados con el Dólar,UND,7183.36,7183.36,7183.36,PEN,,
0223000445,"TANQUE NEUMATICO DIAF. VERT/BASE, MODELO 24 - (24 Lts)",material,Precios Reajustados con el Dólar,UND,210.88,210.88,210.88,PEN,,
0223000446,"TANQUE NEUMATICO DIAF. VERT/BASE, MODELO EQVW-20, 0.38x0.81m, ALT. CONEX. 1""- (20 GLN)",material,Precios Reajustados con el Dólar,UND,737.74,737.74,737.74,PEN,,
0223000447,"TANQUE NEUMATICO DIAF. VERT/BASE, MODELO EQVW-26, 0.38x1.02m, ALT. CONEX. 1""- (26 GLN)",material,Precios Reajustados con el Dólar,UND,927.49,927.49,927.49,PEN,,
0223000448,"TANQUE NEUMATICO DIAF. VERT/BASE, MODELO EQVW-44, 0.56x0.92m, ALT. CONEX. 1 1/4""-(44 GLN)",material,Precios Reajustados con el Dólar,UND,1559.72,1559.72,1559.72,PEN,,
0223000449,"TANQUE NEUMATICO DIAF. VERT/BASE, MODELO EQVW-62, 0.56x1.20m, ALT. CONEX. 1 1/4""-(62 GLN)",material,Precios Reajustados con el Dólar,UND,1896.97,1896.97,1896.97,PEN,,
0223000450,"TANQUE NEUMATICO DIAF. VERT/BASE, MODELO EQVW-86, 0.66x1.12m, ALT. CONEX. 1 1/4""-(86 GLN)",material,Precios Reajustados con el Dólar,UND,2276.46,2276.46,2276.46,PEN,,
0223000451,"TANQUE NEUMATICO DIAF. VERT/BASE, MODELO EQVW-119, 0.66x1.57m, ALT. CONEX. 1 1/4""-(119 GLN)",material,Precios Reajustados con el Dólar,UND,3456.81,3456.81,3456.81,PEN,,
0223000452,"ROCIADOR 68"" - K-5.6 UP-RIGHT 1/2"" UL",material,Precios Reajustados con el Dólar,UND,19.32,19.32,19.32,PEN,,
0223000453,"ROCIADOR 68"" - K-5.6 PENDET 1/2"" UL",material,Precios Reajustados con el Dólar,UND,19.32,19.32,19.32,PEN,,
0223000454,"ROCIADOR PENDET BLANCO 1/2"" UL",material,Precios Reajustados con el Dólar,UND,19.32,19.32,19.32,PEN,,
0223000455,ESTUCHE PARA ROCIADOR BLANCO,material,Precios Reajustados con el Dólar,UND,5.41,5.41,5.41,PEN,,
0223000456,"MANGUERA 1 1/2""x30m, ACOPLE ALUMINIO 200 PSI - 14BAR",material,Precios Reajustados con el Dólar,UND,180.34,180.34,180.34,PEN,,
0223000457,"MANGUERA 1 1/2""x30m, ACOPLE BRONCE 200 PSI - 14BAR",material,Precios Reajustados con el Dólar,UND,193.23,193.23,193.23,PEN,,
0223000458,"PITON DE BRONCE 1 1/2""",material,Precios Reajustados con el Dólar,UND,105.37,105.37,105.37,PEN,,
0223000459,"PITON DE POLICARBONATO 1 1/2""",material,Precios Reajustados con el Dólar,UND,38.64,38.64,38.64,PEN,,
0223000460,PORTA MANGUERA CIRCULAR 30m,material,Precios Reajustados con el Dólar,UND,248.65,248.65,248.65,PEN,,
0223000461,"MANGUERA POLYESTER CON ACOPLES A 1/2"", 30m",material,Precios Reajustados con el Dólar,UND,659.69,659.69,659.69,PEN,,
0223000462,"PITON DE BRONCE 1 1/2"", UL/FM",material,Precios Reajustados con el Dólar,UND,253.73,253.73,253.73,PEN,,
0223000463,"TAPA BRONCE 2 1/2"" HEMBRA",material,Precios Reajustados con el Dólar,UND,152.24,152.24,152.24,PEN,,
0223000464,"TAPA DE POLICARBONATO 2 1/2"", HEMBRA",material,Precios Reajustados con el Dólar,UND,101.49,101.49,101.49,PEN,,
0223000465,HACHA DE PICO Y CORTE TIPO BOMBERO,material,Precios Reajustados con el Dólar,UND,228.36,228.36,228.36,PEN,,
0223000466,"VALVULA MARIPOSA RANURADA CON PALANCA DE 2 1/2""",material,Precios Reajustados con el Dólar,PZA,221.44,221.44,221.44,PEN,,
0223000467,"VALVULA MARIPOSA RANURADA CON TIMON DE 2 1/2""",material,Precios Reajustados con el Dólar,PZA,363.91,363.91,363.91,PEN,,
0223000468,"VALVULA MARIPOSA RANURADA CON PALANCA DE 3""",material,Precios Reajustados con el Dólar,PZA,273.99,273.99,273.99,PEN,,
0223000469,"VALVULA MARIPOSA RANURADA CON TIMON DE 2""",material,Precios Reajustados con el Dólar,PZA,334.93,334.93,334.93,PEN,,
0223000470,"VALVULA MARIPOSA RANURADA CON TIMON DE 3""",material,Precios Reajustados con el Dólar,PZA,416.60,416.60,416.60,PEN,,
0223000471,"VALVULA MARIPOSA RANURADA CON PALANCA DE 4""",material,Precios Reajustados con el Dólar,PZA,374.86,374.86,374.86,PEN,,
0223000472,"VALVULA MARIPOSA RANURADA CON TIMON DE 4""",material,Precios Reajustados con el Dólar,PZA,517.33,517.33,517.33,PEN,,
0223000473,"VALVULA MARIPOSA RANURADA CON TIMON DE 6""",material,Precios Reajustados con el Dólar,PZA,828.68,828.68,828.68,PEN,,
0223000474,"VALVULA MARIPOSA TIPO WAFER F° F° DE 2""- 150 Psi",material,Precios Reajustados con el Dólar,PZA,84.38,84.38,84.38,PEN,,
0223000475,"VALVULA MARIPOSA TIPO WAFER F° F° DE 2 1/2""- 150 Psi",material,Precios Reajustados con el Dólar,PZA,101.25,101.25,101.25,PEN,,
0223000476,"VALVULA MARIPOSA TIPO WAFER F° F° DE 3""- 150 Psi",material,Precios Reajustados con el Dólar,PZA,105.37,105.37,105.37,PEN,,
0223000477,"VALVULA MARIPOSA TIPO WAFER F° F° DE 4""- 150 Psi",material,Precios Reajustados con el Dólar,PZA,166.57,166.57,166.57,PEN,,
0223000478,"VALVULA MARIPOSA TIPO WAFER F° F° DE 6""- 150 Psi",material,Precios Reajustados con el Dólar,PZA,295.12,295.12,295.12,PEN,,
0223000479,"VALVULA MARIPOSA TIPO WAFER F° F° DE 8""- 150 Psi",material,Precios Reajustados con el Dólar,PZA,505.87,505.87,505.87,PEN,,
0223000480,"VALVULA CHECK RANURA - RANURA DE 2""",material,Precios Reajustados con el Dólar,PZA,268.33,268.33,268.33,PEN,,
0223000481,"VALVULA CHECK RANURA - RANURA DE 2 1/2""",material,Precios Reajustados con el Dólar,PZA,323.47,323.47,323.47,PEN,,
0223000482,"VALVULA CHECK MACHO - HEMBRA DE 2""",material,Precios Reajustados con el Dólar,PZA,268.07,268.07,268.07,PEN,,
0223000483,"VALVULA CHECK MACHO - HEMBRA DE 2 1/2""",material,Precios Reajustados con el Dólar,PZA,324.10,324.10,324.10,PEN,,
0223000484,"VALVULA CHECK MACHO - HEMBRA DE 3""",material,Precios Reajustados con el Dólar,PZA,457.17,457.17,457.17,PEN,,
0223000485,"VALVULA CHECK RANURA - RANURA DE 3""",material,Precios Reajustados con el Dólar,PZA,457.17,457.17,457.17,PEN,,
0223000486,"VALVULA FIRE CHECK RANURADA-UL DE 4""",material,Precios Reajustados con el Dólar,PZA,657.57,657.57,657.57,PEN,,
0223000487,"VALVULA SIAMESA BRONCE UL/FM TIPO POSTE + TAPAS CON CADENA DE 4""x 2 1/2""x 2 1/2""",material,Precios Reajustados con el Dólar,PZA,614.46,614.46,614.46,PEN,,
0223000488,"VALVULA SIAMESA BRONCE UL/FM TIPO POSTE + TAPAS CON CADENA DE 4""x 2 1/2""x 2 1/2""",material,Precios Reajustados con el Dólar,PZA,547.47,547.47,547.47,PEN,,
0223000489,"VALVULA DE ALIVIO DE 1/2""",material,Precios Reajustados con el Dólar,PZA,186.78,186.78,186.78,PEN,,
0223000490,TAPA MACHO CON CADENA PARA SIAMESA,material,Precios Reajustados con el Dólar,PZA,60.51,60.51,60.51,PEN,,
0223000491,"VALVULA DE ALIVIO DE 1""",material,Precios Reajustados con el Dólar,PZA,270.52,270.52,270.52,PEN,,
0223000492,"VALVULA DE ALIVIO DE 1 1/2""",material,Precios Reajustados con el Dólar,PZA,489.50,489.50,489.50,PEN,,
0223000493,"VALVULA DE ALIVIO DE 2""",material,Precios Reajustados con el Dólar,PZA,875.96,875.96,875.96,PEN,,
0223000494,"VALVULA DE ALIVIO DE 2 1/2""",material,Precios Reajustados con el Dólar,PZA,2550.59,2550.59,2550.59,PEN,,
0223000495,PRESOSTATO MODELO 69WA4Z DE 20 - 40 Psi,material,Precios Reajustados con el Dólar,PZA,115.93,115.93,115.93,PEN,,
0223000496,PRESOSTATO MODELO 69WA4Z DE 30 - 50 Psi,material,Precios Reajustados con el Dólar,PZA,115.93,115.93,115.93,PEN,,
0223000497,PRESOSTATO MODELO 69JF6Y DE 80 - 100 Psi,material,Precios Reajustados con el Dólar,PZA,122.38,122.38,122.38,PEN,,
0223000498,PRESOSTATO MODELO 69JF7Y DE 95 - 125 Psi,material,Precios Reajustados con el Dólar,PZA,122.38,122.38,122.38,PEN,,
0223000499,PRESOSTATO MODELO 69JF8Y DE 115 - 150 Psi,material,Precios Reajustados con el Dólar,PZA,122.38,122.38,122.38,PEN,,
0223000500,PRESOSTATO MODELO 69JF9Y DE 140 - 175 Psi,material,Precios Reajustados con el Dólar,PZA,122.38,122.38,122.38,PEN,,
0223000501,"CONTROL DE NIVEL 2M, MODELO VIYILANT",material,Precios Reajustados con el Dólar,PZA,45.08,45.08,45.08,PEN,,
0223000502,"CONTROL DE NIVEL 3M, MODELO VIYILANT",material,Precios Reajustados con el Dólar,PZA,51.53,51.53,51.53,PEN,,
0223000503,"CONTROL DE NIVEL 5M, MODELO VIYILANT",material,Precios Reajustados con el Dólar,PZA,54.75,54.75,54.75,PEN,,
0223000504,EXTINTOR C.I. POLVO QUIMICO SECO ABC 1KG,material,Precios Reajustados con el Dólar,PZA,103.52,103.52,103.52,PEN,,
0223000505,EXTINTOR C.I. POLVO QUIMICO SECO ABC 2KG,material,Precios Reajustados con el Dólar,PZA,155.27,155.27,155.27,PEN,,
0223000506,EXTINTOR C.I. POLVO QUIMICO SECO ABC 4KG,material,Precios Reajustados con el Dólar,PZA,181.15,181.15,181.15,PEN,,
0223000507,EXTINTOR C.I. POLVO QUIMICO SECO ABC 6KG,material,Precios Reajustados con el Dólar,PZA,258.79,258.79,258.79,PEN,,
0223000508,EXTINTOR C.I. POLVO QUIMICO SECO ABC 9KG,material,Precios Reajustados con el Dólar,PZA,310.55,310.55,310.55,PEN,,
0223000509,EXTINTOR C.I. POLVO QUIMICO SECO ABC 12KG,material,Precios Reajustados con el Dólar,PZA,336.42,336.42,336.42,PEN,,
0223000510,"EXTINTOR C.I. POLVO QUIMICO SECO ABC 25KG, RODANTE",material,Precios Reajustados con el Dólar,PZA,1449.21,1449.21,1449.21,PEN,,
0223000511,"EXTINTOR C.I. POLVO QUIMICO SECO ABC 50KG, RODANTE",material,Precios Reajustados con el Dólar,PZA,2018.54,2018.54,2018.54,PEN,,
0223000512,EXTINTOR C.I. GAS CARBONICO 2KG,material,Precios Reajustados con el Dólar,PZA,672.85,672.85,672.85,PEN,,
0223000513,EXTINTOR C.I. GAS CARBONICO 5KG,material,Precios Reajustados con el Dólar,PZA,931.64,931.64,931.64,PEN,,
0223000514,EXTINTOR C.I. AGUA PRESURIZADA 2.5 GAL ACERO INOXIDABLE,material,Precios Reajustados con el Dólar,PZA,569.33,569.33,569.33,PEN,,
0223000515,EXTINTOR C.I. AGUA PRESURIZADA 2.5 GAL,material,Precios Reajustados con el Dólar,PZA,1293.94,1293.94,1293.94,PEN,,
0223000516,EXTINTOR C.I. HALOTRON 5 LB,material,Precios Reajustados con el Dólar,PZA,1086.91,1086.91,1086.91,PEN,,
0223000517,EXTINTOR C.I. HALOTRON 11 LB,material,Precios Reajustados con el Dólar,PZA,1397.45,1397.45,1397.45,PEN,,
0223000518,EXTINTOR C.I. ESPUMA AFFF 2.5 Gln,material,Precios Reajustados con el Dólar,PZA,879.88,879.88,879.88,PEN,,
0223000519,"GABINETE METALICO AGUA C/INCENDIO 80x60x18cm 1/24""",material,Precios Reajustados con el Dólar,PZA,388.18,388.18,388.18,PEN,,
0223000520,"GABINETE METALICO AGUA C/INCENDIO 90x80x22cm 1/16""",material,Precios Reajustados con el Dólar,PZA,569.33,569.33,569.33,PEN,,
0223000521,"GAVION T.CAJA COC. 10x12cm, CAL: 2.7mm 1.5x1.0m TRIPLE ZINC",material,Precios Reajustados con el Dólar,PZA,208.43,208.43,208.43,PEN,,
0223000522,"GAVION T.CAJA COC. 10x12cm, CAL: 2.7mm 2.0x1.0m TRIPLE ZINC",material,Precios Reajustados con el Dólar,PZA,269.71,269.71,269.71,PEN,,
0223000523,"GAVION T.CAJA COC. 10x12cm, CAL: 2.7mm 2.0x1.5m TRIPLE ZINC",material,Precios Reajustados con el Dólar,PZA,366.75,366.75,366.75,PEN,,
0223000524,"GAVION T.CAJA COC. 10x12cm, CAL: 2.7mm 3.0x1.0m TRIPLE ZINC",material,Precios Reajustados con el Dólar,PZA,388.44,388.44,388.44,PEN,,
0223000525,"GAVION T.CAJA COC. 10x12cm, CAL: 2.7mm 3.0x1.5m TRIPLE ZINC",material,Precios Reajustados con el Dólar,PZA,512.76,512.76,512.76,PEN,,
0223000526,"GAVION T.CAJA COC. 10x12cm, CAL: 2.7mm 4.0x1.0m TRIPLE ZINC",material,Precios Reajustados con el Dólar,PZA,488.54,488.54,488.54,PEN,,
0223000527,"GAVION T.CAJA COC. 10x12cm, CAL: 2.7mm 4.0x1.5m TRIPLE ZINC",material,Precios Reajustados con el Dólar,PZA,650.59,650.59,650.59,PEN,,
0223000528,"GAVION T.CAJA COC. 10x12cm, CAL: 2.7mm 5.0x1.0m TRIPLE ZINC",material,Precios Reajustados con el Dólar,PZA,602.92,602.92,602.92,PEN,,
0223000529,"GAVION T.CAJA COC. 10x12cm, CAL: 2.7mm 5.0x1.5m TRIPLE ZINC",material,Precios Reajustados con el Dólar,PZA,805.04,805.04,805.04,PEN,,
0223000530,"GAVION T.CAJA COC. 10x12cm, CAL: 2.7mm 7.0x1.0m TRIPLE ZINC",material,Precios Reajustados con el Dólar,PZA,853.43,853.43,853.43,PEN,,
0223000531,"GAVION T.CAJA COC. 10x12cm, CAL: 2.7mm 1.5x1.0m TRIPLE ZINC",material,Precios Reajustados con el Dólar,PZA,144.25,144.25,144.25,PEN,,
0223000532,"GAVION T.CAJA COC. 10x12cm, CAL: 2.7mm 2.0x1.0m TRIPLE ZINC",material,Precios Reajustados con el Dólar,PZA,196.68,196.68,196.68,PEN,,
0223000533,"GAVION T.CAJA COC. 10x12cm, CAL: 2.7mm 3.0x1.0m TRIPLE ZINC",material,Precios Reajustados con el Dólar,PZA,274.16,274.16,274.16,PEN,,
0223000534,"GAVION T.CAJA COC. 10x12cm, CAL: 2.7mm 3.0x1.5m TRIPLE ZINC",material,Precios Reajustados con el Dólar,PZA,373.84,373.84,373.84,PEN,,
0223000535,"GAVION T.CAJA COC. 10x12cm, CAL: 2.7mm 4.0x1.0m TRIPLE ZINC",material,Precios Reajustados con el Dólar,PZA,348.28,348.28,348.28,PEN,,
0223000536,"GAVION T.CAJA COC. 10x12cm, CAL: 2.7mm 5.0x1.0m TRIPLE ZINC",material,Precios Reajustados con el Dólar,PZA,414.22,414.22,414.22,PEN,,
0223000537,"GAVION T.CAJA COC. 10x12cm, CAL: 2.7mm 3.0x2.0m TRIPLE ZINC",material,Precios Reajustados con el Dólar,PZA,484.29,484.29,484.29,PEN,,
0223000538,"GAVION T.CAJA COC. 10x12cm, CAL: 2.7mm 5.0x2.0m TRIPLE ZINC",material,Precios Reajustados con el Dólar,PZA,732.01,732.01,732.01,PEN,,
0223000539,"GAVION T.CAJA COC. 10x12cm, CAL: 2.7mm 6.0x2.0m TRIPLE ZINC",material,Precios Reajustados con el Dólar,PZA,872.79,872.79,872.79,PEN,,
0223000540,"GAVION T.CAJA COC. 10x12cm, CAL: 3.5mm 1.5x1.0m TRIPLE ZINC+PVC",material,Precios Reajustados con el Dólar,PZA,216.29,216.29,216.29,PEN,,
0223000541,"GAVION T.CAJA COC. 10x12cm, CAL: 3.5mm 2.0x1.0m TRIPLE ZINC+PVC",material,Precios Reajustados con el Dólar,PZA,279.90,279.90,279.90,PEN,,
0223000542,"GAVION T.CAJA COC. 10x12cm, CAL: 3.5mm 2.0x1.5m TRIPLE ZINC+PVC",material,Precios Reajustados con el Dólar,PZA,349.41,349.41,349.41,PEN,,
0223000543,"GAVION T.CAJA COC. 10x12cm, CAL: 3.5mm 3.0x1.0m TRIPLE ZINC+PVC",material,Precios Reajustados con el Dólar,PZA,391.08,391.08,391.08,PEN,,
0223000544,"GAVION T.CAJA COC. 10x12cm, CAL: 3.5mm 3.0x1.5m TRIPLE ZINC+PVC",material,Precios Reajustados con el Dólar,PZA,513.54,513.54,513.54,PEN,,
0223000545,"GAVION T.CAJA COC. 10x12cm, CAL: 3.5mm 4.0x1.0m TRIPLE ZINC+PVC",material,Precios Reajustados con el Dólar,PZA,489.26,489.26,489.26,PEN,,
0223000546,"GAVION T.CAJA COC. 10x12cm, CAL: 3.5mm 4.0x1.5m TRIPLE ZINC+PVC",material,Precios Reajustados con el Dólar,PZA,650.85,650.85,650.85,PEN,,
0223000547,"GAVION T.CAJA COC. 10x12cm, CAL: 3.5mm 5.0x1.0m TRIPLE ZINC+PVC",material,Precios Reajustados con el Dólar,PZA,603.23,603.23,603.23,PEN,,
0223000548,"GAVION T.CAJA COC. 10x12cm, CAL: 3.5mm 5.0x1.5m TRIPLE ZINC+PVC",material,Precios Reajustados con el Dólar,PZA,804.31,804.31,804.31,PEN,,
0223000549,"GAVION T.CAJA COC. 10x12cm, CAL: 3.5mm 7.0x1.0m TRIPLE ZINC+PVC",material,Precios Reajustados con el Dólar,PZA,851.57,851.57,851.57,PEN,,
0223000550,"GAVION T.CAJA COC. 10x12cm, CAL: 3.5mm 1.5x1.0m TRIPLE ZINC+PVC",material,Precios Reajustados con el Dólar,PZA,143.94,143.94,143.94,PEN,,
0223000551,"GAVION T.CAJA COC. 10x12cm, CAL: 3.5mm 2.0x1.0m TRIPLE ZINC+PVC",material,Precios Reajustados con el Dólar,PZA,196.26,196.26,196.26,PEN,,
0223000552,"GAVION T.CAJA COC. 10x12cm, CAL: 3.5mm 3.0x1.0m TRIPLE ZINC+PVC",material,Precios Reajustados con el Dólar,PZA,273.59,273.59,273.59,PEN,,
0223000553,"GAVION T.CAJA COC. 10x12cm, CAL: 3.5mm 3.0x1.5m TRIPLE ZINC+PVC",material,Precios Reajustados con el Dólar,PZA,373.12,373.12,373.12,PEN,,
0223000554,"GAVION T.CAJA COC. 10x12cm, CAL: 3.5mm 4.0x1.0m TRIPLE ZINC+PVC",material,Precios Reajustados con el Dólar,PZA,343.77,343.77,343.77,PEN,,
0223000555,"GAVION T.CAJA COC. 10x12cm, CAL: 3.5mm 5.0x1.0m TRIPLE ZINC+PVC",material,Precios Reajustados con el Dólar,PZA,427.47,427.47,427.47,PEN,,
0223000556,"GAVION T.CAJA COC. 10x12cm, CAL: 3.5mm 3.0x2.0m TRIPLE ZINC+PVC",material,Precios Reajustados con el Dólar,PZA,463.33,463.33,463.33,PEN,,
0223000557,"GAVION T.CAJA COC. 10x12cm, CAL: 3.5mm 5.0x2.0m TRIPLE ZINC+PVC",material,Precios Reajustados con el Dólar,PZA,701.37,701.37,701.37,PEN,,
0223000558,"GAVION T.CAJA COC. 10x12cm, CAL: 3.5mm 6.0x2.0m TRIPLE ZINC+PVC",material,Precios Reajustados con el Dólar,PZA,835.00,835.00,835.00,PEN,,
0223000559,GEOMENBRANA IMPERMEABILIZANTE MANTO STANDART 3mm/POLIREX (Rollo 10.0x1.00m),material,Precios Reajustados con el Dólar,PZA,234.82,234.82,234.82,PEN,,
0223000560,GEOMENBRANA IMPERMEABILIZANTE MANTO ARFLEX EXTRA MIN 4500 GRAVILLA GRIS 3.2mm (Rollo 10.0x1.00m),material,Precios Reajustados con el Dólar,PZA,351.28,351.28,351.28,PEN,,
0223000561,GEOMENBRANA IMPERMEABILIZANTE MANTO POLIREX MIN 4000 GRAVILLA BLANCA 2.8mm (Rollo 10.0x1.00m),material,Precios Reajustados con el Dólar,PZA,357.02,357.02,357.02,PEN,,
0223000562,IMPRIMANTE PARA GEOMENBRANA - (50 Gln),material,Precios Reajustados con el Dólar,PZA,177.89,177.89,177.89,PEN,,
0223000563,GEO TEXTIL NO TEJIDO DE 200 GR/M2,material,Precios Reajustados con el Dólar,M2,12.42,12.42,12.42,PEN,,
0223000564,GEO DRENANTE DE POLIETILENO DE ALTA DENSIDAD DE PERFIL CONICO TRUNCADO (Rollo 20.0X2.0m),material,Precios Reajustados con el Dólar,PZA,605.56,605.56,605.56,PEN,,
0223000565,GRASS AMERICANO EN CHAMPA,material,Precios Reajustados con el Dólar,M2,10.93,10.93,10.93,PEN,,
0223000566,GRASS CHINO,material,Precios Reajustados con el Dólar,M2,18.74,18.74,18.74,PEN,,
0223000567,GRASS COREANO,material,Precios Reajustados con el Dólar,M2,18.74,18.74,18.74,PEN,,
0223000568,GRASS BERMUDA EN CHAMPA,material,Precios Reajustados con el Dólar,M2,17.18,17.18,17.18,PEN,,
0223000569,GRASS PASPALUM,material,Precios Reajustados con el Dólar,M2,17.18,17.18,17.18,PEN,,
0223000570,PLANTAS DE DIVERSAS VARIEDADES PARA INTERIORES,material,Precios Reajustados con el Dólar,UND,31.23,31.23,31.23,PEN,,
0223000571,PLANTAS DE DIVERSAS VARIEDADES PARA EXTERIORES,material,Precios Reajustados con el Dólar,UND,23.42,23.42,23.42,PEN,,
0223000572,HUMUS DE LOMBRIZ SACO - (40 KG),material,Precios Reajustados con el Dólar,UND,28.11,28.11,28.11,PEN,,
0223000573,COMPOST - (40 KG),material,Precios Reajustados con el Dólar,UND,21.86,21.86,21.86,PEN,,
0223000574,TIERRA PREPARADA - (40 KG),material,Precios Reajustados con el Dólar,UND,18.74,18.74,18.74,PEN,,
0223000575,MUSGO MOLIDO - (6 KG),material,Precios Reajustados con el Dólar,UND,21.86,21.86,21.86,PEN,,
0223000576,TIERRA DE CHACRA,material,Precios Reajustados con el Dólar,M3,28.88,28.88,28.88,PEN,,
0223000577,CONFITLLO CLASIFICADO,material,Precios Reajustados con el Dólar,M3,77.52,77.52,77.52,PEN,,
0223000578,GRASS SINTETICO,material,Precios Reajustados con el Dólar,M2,108.69,108.69,108.69,PEN,,
0223000579,"MDF, 12x1830x2600mm",material,Precios Reajustados con el Dólar,UND,134.78,134.78,134.78,PEN,,
0223000580,"MDF, 12x2140x2600mm",material,Precios Reajustados con el Dólar,UND,157.63,157.63,157.63,PEN,,
0223000581,"MDF, 15x1830x2600mm",material,Precios Reajustados con el Dólar,UND,165.03,165.03,165.03,PEN,,
0223000582,"MDF, 15x2140x2600mm",material,Precios Reajustados con el Dólar,UND,192.98,192.98,192.98,PEN,,
0223000583,"MDF, 18x2135x2400mm",material,Precios Reajustados con el Dólar,UND,213.89,213.89,213.89,PEN,,
0223000584,"MDF, 18x2140x2600mm",material,Precios Reajustados con el Dólar,UND,228.48,228.48,228.48,PEN,,
0223000585,"MDF, 20x1830x2600mm",material,Precios Reajustados con el Dólar,UND,215.85,215.85,215.85,PEN,,
0223000586,"MDF, 25x2140x2600mm",material,Precios Reajustados con el Dólar,UND,322.87,322.87,322.87,PEN,,
0223000587,"MDF, 30x2140x2600mm",material,Precios Reajustados con el Dólar,UND,393.30,393.30,393.30,PEN,,
0223000588,"MDF, 12x2135x2440mm",material,Precios Reajustados con el Dólar,UND,147.58,147.58,147.58,PEN,,
0223000589,"MDF, 15x2135x2440mm",material,Precios Reajustados con el Dólar,UND,180.69,180.69,180.69,PEN,,
0223000590,"MDF, 3x2135x2440mm",material,Precios Reajustados con el Dólar,UND,44.75,44.75,44.75,PEN,,
0223000591,"MDF, 3x2140x2600mm",material,Precios Reajustados con el Dólar,UND,47.77,47.77,47.77,PEN,,
0223000592,"MDF, 4x2135x2440mm",material,Precios Reajustados con el Dólar,UND,61.03,61.03,61.03,PEN,,
0223000593,"MDF, 4x2140x2600mm",material,Precios Reajustados con el Dólar,UND,65.19,65.19,65.19,PEN,,
0223000594,"MDF, 5.5x2135x2440mm",material,Precios Reajustados con el Dólar,UND,82.02,82.02,82.02,PEN,,
0223000595,"MDF, 5.5x2140x2600mm",material,Precios Reajustados con el Dólar,UND,87.58,87.58,87.58,PEN,,
0223000596,"MDF, 9x2135x2440mm",material,Precios Reajustados con el Dólar,UND,119.95,119.95,119.95,PEN,,
0223000597,"MDF, 9x2135x2600mm",material,Precios Reajustados con el Dólar,UND,128.14,128.14,128.14,PEN,,
0223000598,"MDF RANURADO MEL , 18x1830x2500mm, ALMENDRA",material,Precios Reajustados con el Dólar,UND,308.95,308.95,308.95,PEN,,
0223000599,"MDF RANURADO MEL , 18x1830x2500mm, BLANCO SOFT",material,Precios Reajustados con el Dólar,UND,272.10,272.10,272.10,PEN,,
0223000600,"MDF RANURADO MEL , 18x1830x2500mm, CEREZO BASIC",material,Precios Reajustados con el Dólar,UND,308.95,308.95,308.95,PEN,,
0223000601,"MDF RANURADO MEL , 18x1830x2500mm, COIGUE CH",material,Precios Reajustados con el Dólar,UND,308.95,308.95,308.95,PEN,,
0223000602,"MDF RANURADO MEL , 18x1830x2500mm, GRIS GRA",material,Precios Reajustados con el Dólar,UND,308.95,308.95,308.95,PEN,,
0223000603,"MDF RANURADO MEL , 18x1830x2500mm, NEGRO SOFTALMENDRA",material,Precios Reajustados con el Dólar,UND,308.95,308.95,308.95,PEN,,
0223000604,"MDF RANURADO MEL , 18x1830x2500mm, ROJO COL",material,Precios Reajustados con el Dólar,UND,308.95,308.95,308.95,PEN,,
0223000605,"MDF MELAMINE, 18x1830x2500mm, ALMENDRA",material,Precios Reajustados con el Dólar,UND,238.24,238.24,238.24,PEN,,
0223000606,"MDF MELAMINE, 15x1830x2500mm, AZUL SOFT",material,Precios Reajustados con el Dólar,UND,239.82,239.82,239.82,PEN,,
0223000607,"MDF MELAMINE, 18x1830x2500mm, AZUL SOFT",material,Precios Reajustados con el Dólar,UND,258.26,258.26,258.26,PEN,,
0223000608,"MDF MELAMINE, 18x1830x2500mm, BLANCO LISO BRILLO",material,Precios Reajustados con el Dólar,UND,245.30,245.30,245.30,PEN,,
0223000609,"MDF MELAMINE, 18x1830x2500mm, BLANCO PERLA",material,Precios Reajustados con el Dólar,UND,258.26,258.26,258.26,PEN,,
0223000610,"MDF MELAMINE, 5.5x1830x2500mm, BLANCO SOFT",material,Precios Reajustados con el Dólar,UND,115.30,115.30,115.30,PEN,,
0223000611,"MDF MELAMINE, 18x1830x2500mm, BLANCO SOFT",material,Precios Reajustados con el Dólar,UND,245.30,245.30,245.30,PEN,,
0223000612,"MDF MELAMINE, 5.5x1830x2500mm, CACAO PORON",material,Precios Reajustados con el Dólar,UND,119.87,119.87,119.87,PEN,,
0223000613,"MDF MELAMINE, 5.5x1830x2500mm, CEDRO PORON",material,Precios Reajustados con el Dólar,UND,119.87,119.87,119.87,PEN,,
0223000614,"MDF MELAMINE, 15x1830x2500mm, CEDRO PORON",material,Precios Reajustados con el Dólar,UND,232.03,232.03,232.03,PEN,,
0223000615,"MDF MELAMINE, 18x1830x2500mm, CEDRO PORON",material,Precios Reajustados con el Dólar,UND,258.26,258.26,258.26,PEN,,
0223000616,"MDF MELAMINE, 18x1830x2500mm, CEREZO BASIC",material,Precios Reajustados con el Dólar,UND,239.82,239.82,239.82,PEN,,
0223000617,"MDF MELAMINE, 18x1830x2500mm, COPA BASIC",material,Precios Reajustados con el Dólar,UND,258.26,258.26,258.26,PEN,,
0223000618,"MDF MELAMINE, 18x1830x2500mm, ENCINA EUROPEA",material,Precios Reajustados con el Dólar,UND,258.26,258.26,258.26,PEN,,
0223000619,"MDF MELAMINE, 15x1830x2500mm, GRIS GRAFITO",material,Precios Reajustados con el Dólar,UND,258.26,258.26,258.26,PEN,,
0223000620,"MDF MELAMINE, 18x1830x2500mm, GRIS GRAFITO",material,Precios Reajustados con el Dólar,UND,258.26,258.26,258.26,PEN,,
0223000621,"MDF MELAMINE, 18x1830x2500mm, HAYA BAVARIA PORON",material,Precios Reajustados con el Dólar,UND,239.82,239.82,239.82,PEN,,
0223000622,"MDF MELAMINE, 15x1830x2500mm, HAYA CAT LISO",material,Precios Reajustados con el Dólar,UND,258.26,258.26,258.26,PEN,,
0223000623,"MDF MELAMINE, 18x1830x2500mm, HAYA CAT LISO",material,Precios Reajustados con el Dólar,UND,258.26,258.26,258.26,PEN,,
0223000624,"MDF MELAMINE, 5.5x1830x2500mm, HAYA CAT PORON",material,Precios Reajustados con el Dólar,UND,119.87,119.87,119.87,PEN,,
0223000625,"MDF MELAMINE, 18x1830x2500mm, NAPLE PORON",material,Precios Reajustados con el Dólar,UND,258.26,258.26,258.26,PEN,,
0223000626,"MDF MELAMINE, 15x1830x2500mm, NEGRO SOFT",material,Precios Reajustados con el Dólar,UND,239.82,239.82,239.82,PEN,,
0223000627,"MDF MELAMINE, 18x1830x2500mm, NEGRO SOFT",material,Precios Reajustados con el Dólar,UND,258.26,258.26,258.26,PEN,,
0223000628,"MDF MELAMINE, 5.5x1830x2500mm, NOGALAMA BASIC",material,Precios Reajustados con el Dólar,UND,119.87,119.87,119.87,PEN,,
0223000629,"MDF MELAMINE, 18x1830x2500mm, ROBLE ALBAYALDE",material,Precios Reajustados con el Dólar,UND,258.26,258.26,258.26,PEN,,
0223000630,"MDF MELAMINE, 5.5x1830x2500mm, ROBLE MORO",material,Precios Reajustados con el Dólar,UND,119.87,119.87,119.87,PEN,,
0223000631,"MDF MELAMINE, 18x1830x2500mm, ROBLE MORO PORON",material,Precios Reajustados con el Dólar,UND,258.26,258.26,258.26,PEN,,
0223000632,"MDF MELAMINE, 15x1830x2500mm, ROJO COLONIAL",material,Precios Reajustados con el Dólar,UND,239.82,239.82,239.82,PEN,,
0223000633,"MDF MELAMINE, 18x1830x2500mm, STD MIKADO",material,Precios Reajustados con el Dólar,UND,258.26,258.26,258.26,PEN,,
0223000634,"MDF MELAMINE, 18x1830x2500mm, STD OLMO",material,Precios Reajustados con el Dólar,UND,258.26,258.26,258.26,PEN,,
0223000635,"MDF MELAMINE, 18x1830x2500mm, STD ROBLE",material,Precios Reajustados con el Dólar,UND,258.26,258.26,258.26,PEN,,
0223000636,"MDF MELAMINE, 15x1830x2500mm, VERDE SOFT",material,Precios Reajustados con el Dólar,UND,239.82,239.82,239.82,PEN,,
0223000637,"MDP, 12x2140x2500mm",material,Precios Reajustados con el Dólar,UND,109.78,109.78,109.78,PEN,,
0223000638,"MDP, 15x2140x2500mm",material,Precios Reajustados con el Dólar,UND,127.21,127.21,127.21,PEN,,
0223000639,"MDP, 18x2140x2500mm",material,Precios Reajustados con el Dólar,UND,150.58,150.58,150.58,PEN,,
0223000640,"MDP, 25x2140x2500mm",material,Precios Reajustados con el Dólar,UND,215.01,215.01,215.01,PEN,,
0223000641,"MDP PRO, 12x2140x2440mm",material,Precios Reajustados con el Dólar,UND,108.03,108.03,108.03,PEN,,
0223000642,"MDP PRO, 15x1220x2440mm",material,Precios Reajustados con el Dólar,UND,70.80,70.80,70.80,PEN,,
0223000643,"MDP PRO, 15x1550x2440mm",material,Precios Reajustados con el Dólar,UND,64.36,64.36,64.36,PEN,,
0223000644,"MDP PRO, 15x1830x2500mm",material,Precios Reajustados con el Dólar,UND,108.82,108.82,108.82,PEN,,
0223000645,"MDP PRO, 15x2140x2500mm",material,Precios Reajustados con el Dólar,UND,127.21,127.21,127.21,PEN,,
0223000646,"MDP PRO, 18x1220x2440mm",material,Precios Reajustados con el Dólar,UND,83.75,83.75,83.75,PEN,,
0223000647,"MDP PRO, 18x1830x2440mm",material,Precios Reajustados con el Dólar,UND,125.65,125.65,125.65,PEN,,
0223000648,"MDP PRO, 18x1830x2500mm",material,Precios Reajustados con el Dólar,UND,128.72,128.72,128.72,PEN,,
0223000649,"MDP PRO, 18x2140x2440mm",material,Precios Reajustados con el Dólar,UND,146.96,146.96,146.96,PEN,,
0223000650,"MDP PRO, 18x2140x2500mm",material,Precios Reajustados con el Dólar,UND,150.58,150.58,150.58,PEN,,
0223000651,"MDP PRO, 25x2140x2500mm",material,Precios Reajustados con el Dólar,UND,215.01,215.01,215.01,PEN,,
0223000652,"MDP PRO, 30x1830x2500mm",material,Precios Reajustados con el Dólar,UND,217.67,217.67,217.67,PEN,,
0223000653,"MDP PRO, 30x2140x2500mm",material,Precios Reajustados con el Dólar,UND,254.52,254.52,254.52,PEN,,
0223000654,"MDP PRO, 9x2140x2500mm",material,Precios Reajustados con el Dólar,UND,95.43,95.43,95.43,PEN,,
0223000655,"MDP PRO HR, 18x2140x2500mm",material,Precios Reajustados con el Dólar,UND,238.24,238.24,238.24,PEN,,
0223000656,"MDP MELAMINE, 18x1830x2500mm, ALMENDRA",material,Precios Reajustados con el Dólar,UND,228.48,228.48,228.48,PEN,,
0223000657,"MDP MELAMINE, 15x1830x2500mm, AZUL SOFT",material,Precios Reajustados con el Dólar,UND,204.01,204.01,204.01,PEN,,
0223000658,"MDP MELAMINE, 18x1830x2500mm, AZUL SOFT",material,Precios Reajustados con el Dólar,UND,218.13,218.13,218.13,PEN,,
0223000659,"MDP MELAMINE, 18x1830x2500mm, BLANCO LISO BRILLO",material,Precios Reajustados con el Dólar,UND,228.48,228.48,228.48,PEN,,
0223000660,"MDP MELAMINE, 18x1830x2500mm, BLANCO PERLA",material,Precios Reajustados con el Dólar,UND,228.48,228.48,228.48,PEN,,
0223000661,"MDP MELAMINE, 5.5x1830x2500mm, BLANCO SOFT",material,Precios Reajustados con el Dólar,UND,208.53,208.53,208.53,PEN,,
0223000662,"MDP MELAMINE, 18x1830x2500mm, BLANCO SOFT",material,Precios Reajustados con el Dólar,UND,228.48,228.48,228.48,PEN,,
0223000663,"MDP MELAMINE, 5.5x1830x2500mm, CACAO PORON",material,Precios Reajustados con el Dólar,UND,208.53,208.53,208.53,PEN,,
0223000664,"MDP MELAMINE, 5.5x1830x2500mm, CEDRO PORON",material,Precios Reajustados con el Dólar,UND,228.48,228.48,228.48,PEN,,
0223000665,"MDP MELAMINE, 15x1830x2500mm, CEDRO PORON",material,Precios Reajustados con el Dólar,UND,174.50,174.50,174.50,PEN,,
0223000666,"MDP MELAMINE, 18x1830x2500mm, CEDRO PORON",material,Precios Reajustados con el Dólar,UND,228.48,228.48,228.48,PEN,,
0223000667,"MDP MELAMINE, 18x1830x2500mm, CEREZO BASIC",material,Precios Reajustados con el Dólar,UND,228.48,228.48,228.48,PEN,,
0223000668,"MDP MELAMINE, 18x1830x2500mm, COPA BASIC",material,Precios Reajustados con el Dólar,UND,228.48,228.48,228.48,PEN,,
0223000669,"MDP MELAMINE, 18x1830x2500mm, ENCINA EUROPEA",material,Precios Reajustados con el Dólar,UND,228.48,228.48,228.48,PEN,,
0223000670,"MDP MELAMINE, 15x1830x2500mm, GRIS GRAFITO",material,Precios Reajustados con el Dólar,UND,228.48,228.48,228.48,PEN,,
0223000671,"MDP MELAMINE, 18x1830x2500mm, GRIS GRAFITO",material,Precios Reajustados con el Dólar,UND,228.48,228.48,228.48,PEN,,
0223000672,"MDP MELAMINE, 18x1830x2500mm, HAYA BAVARIA PORON",material,Precios Reajustados con el Dólar,UND,208.53,208.53,208.53,PEN,,
0223000673,"MDP MELAMINE, 15x1830x2500mm, HAYA CAT LISO",material,Precios Reajustados con el Dólar,UND,228.48,228.48,228.48,PEN,,
0223000674,"MDP MELAMINE, 18x1830x2500mm, HAYA CAT LISO",material,Precios Reajustados con el Dólar,UND,228.48,228.48,228.48,PEN,,
0223000675,"MDP MELAMINE, 5.5x1830x2500mm, HAYA CAT PORON",material,Precios Reajustados con el Dólar,UND,228.48,228.48,228.48,PEN,,
0223000676,"MDP MELAMINE, 18x1830x2500mm, NAPLE PORON",material,Precios Reajustados con el Dólar,UND,228.48,228.48,228.48,PEN,,
0223000677,"MDP MELAMINE, 15x1830x2500mm, NEGRO SOFT",material,Precios Reajustados con el Dólar,UND,208.53,208.53,208.53,PEN,,
0223000678,"MDP MELAMINE, 18x1830x2500mm, NEGRO SOFT",material,Precios Reajustados con el Dólar,UND,258.26,258.26,258.26,PEN,,
0223000679,"MDP MELAMINE, 5.5x1830x2500mm, NOGALAMA BASIC",material,Precios Reajustados con el Dólar,UND,228.48,228.48,228.48,PEN,,
0223000680,"MDP MELAMINE, 18x1830x2500mm, ROBLE ALBAYALDE",material,Precios Reajustados con el Dólar,UND,228.48,228.48,228.48,PEN,,
0223000681,"MDP MELAMINE, 5.5x1830x2500mm, ROBLE MORO",material,Precios Reajustados con el Dólar,UND,228.48,228.48,228.48,PEN,,
0223000682,"MDP MELAMINE, 18x1830x2500mm, ROBLE MORO PORON",material,Precios Reajustados con el Dólar,UND,228.48,228.48,228.48,PEN,,
0223000683,"MDP MELAMINE, 15x1830x2500mm, ROJO COLONIAL",material,Precios Reajustados con el Dólar,UND,208.53,208.53,208.53,PEN,,
0223000684,"MDP MELAMINE, 18x1830x2500mm, STD MIKADO",material,Precios Reajustados con el Dólar,UND,228.48,228.48,228.48,PEN,,
0223000685,"MDP MELAMINE, 18x1830x2500mm, STD OLMO",material,Precios Reajustados con el Dólar,UND,228.48,228.48,228.48,PEN,,
0223000686,"MDP MELAMINE, 18x1830x2500mm, STD ROBLE",material,Precios Reajustados con el Dólar,UND,228.48,228.48,228.48,PEN,,
0223000687,"MDP MELAMINE, 15x1830x2500mm, VERDE SOFT",material,Precios Reajustados con el Dólar,UND,208.55,208.55,208.55,PEN,,
0223000688,"TABLERO DE FIBRA DE MADERA MDF, 3mmx1.52x2.44m, (Durolac), GRIS",material,Precios Reajustados con el Dólar,UND,50.16,50.16,50.16,PEN,,
0223000689,"TABLERO DE FIBRA DE MADERA MDF, 3mmx1.52x2.44m, (Durolac), ALMENDRA",material,Precios Reajustados con el Dólar,UND,50.16,50.16,50.16,PEN,,
0223000690,"TABLERO DE FIBRA DE MADERA MDF, 3mmx1.52x2.44m, (Durolac), NEGRO",material,Precios Reajustados con el Dólar,UND,50.16,50.16,50.16,PEN,,
0223000691,"TABLERO DE FIBRA DE MADERA MDF, 3mmx1.52x2.44m, (Durolac), HAYA",material,Precios Reajustados con el Dólar,UND,50.16,50.16,50.16,PEN,,
0223000692,"TABLERO DE FIBRA DE MADERA MDF, 3mmx1.52x2.44m, (Durolac), CEREZO",material,Precios Reajustados con el Dólar,UND,51.68,51.68,51.68,PEN,,
0223000693,"TABLERO DE FIBRA DE MADERA MDF, 3mmx1.52x2.44m, (Durolac), CEDRO",material,Precios Reajustados con el Dólar,UND,51.68,51.68,51.68,PEN,,
0223000694,"TABLERO DE FIBRA DE MADERA MDF, 3mmx1.52x2.44m, (Durolac), TABACO",material,Precios Reajustados con el Dólar,UND,51.68,51.68,51.68,PEN,,
0223000695,"TABLERO DE FIBRA DE MADERA MDF, 3mmx1.52x2.44m, (Durolac), MAÑIO",material,Precios Reajustados con el Dólar,UND,51.68,51.68,51.68,PEN,,
0223000696,"TABLERO DE FIBRA DE MADERA MDF, 3mmx1.52x2.44m, (Durolac), WENGUE",material,Precios Reajustados con el Dólar,UND,51.68,51.68,51.68,PEN,,
0223000697,"TABLERO DE FIBRA DE MADERA MDF, 3mmx1.52x2.44m, (Durolac), LINOZA",material,Precios Reajustados con el Dólar,UND,51.68,51.68,51.68,PEN,,
0223000698,"TABLERO DE FIBRA DE MADERA MDF, 3mmx1.52x2.44m, (Durolac), NOCCE MILANO",material,Precios Reajustados con el Dólar,UND,51.68,51.68,51.68,PEN,,
0223000699,"TRIPLAY FENOLICO CALIDAD T1.11, 4"" OC/BC; 9mmx1.22x2.44m",material,Precios Reajustados con el Dólar,UND,106.25,106.25,106.25,PEN,,
0223000700,"TRIPLAY FENOLICO CALIDAD T1.11, 4"" OC/BC; 12mmx1.22x2.44m",material,Precios Reajustados con el Dólar,UND,110.96,110.96,110.96,PEN,,
0223000701,"TRIPLAY FENOLICO CALIDAD T1.11, 4"" OC/BC; 15mmx1.22x2.44m",material,Precios Reajustados con el Dólar,UND,121.60,121.60,121.60,PEN,,
0223000702,"TRIPLAY FENOLICO CALIDAD T1.11, 4"" OC/BC; 18mmx1.22x2.44m",material,Precios Reajustados con el Dólar,UND,144.40,144.40,144.40,PEN,,
0223000703,"TABLERO DE FIBRA DE MADERA MDF TRUPAN STANDART, 3mmx1.52x2.44m",material,Precios Reajustados con el Dólar,UND,51.53,51.53,51.53,PEN,,
0223000704,"TABLERO DE FIBRA DE MADERA MDF TRUPAN STANDART, 4mmx1.52x2.44m",material,Precios Reajustados con el Dólar,UND,68.25,68.25,68.25,PEN,,
0223000705,"TABLERO DE FIBRA DE MADERA MDF TRUPAN STANDART, 5.5mmx1.52x2.44m",material,Precios Reajustados con el Dólar,UND,95.61,95.61,95.61,PEN,,
0223000706,"TABLERO DE FIBRA DE MADERA MDF TRUPAN STANDART, 9mmx1.52x2.44m",material,Precios Reajustados con el Dólar,UND,144.25,144.25,144.25,PEN,,
0223000707,"TABLERO DE FIBRA DE MADERA MDF TRUPAN STANDART, 12mmx1.52x2.44m",material,Precios Reajustados con el Dólar,UND,180.89,180.89,180.89,PEN,,
0223000708,"TABLERO DE FIBRA DE MADERA MDF TRUPAN STANDART, 15mmx1.52x2.44m",material,Precios Reajustados con el Dólar,UND,211.29,211.29,211.29,PEN,,
0223000709,"TABLERO DE FIBRA DE MADERA MDF TRUPAN STANDART, 18mmx1.52x2.44m",material,Precios Reajustados con el Dólar,UND,241.69,241.69,241.69,PEN,,
0223000710,"TABLERO DE FIBRA DE MADERA HDF, 3mmx1.52x2.44m - (Densidad Alta), (Cholguan)",material,Precios Reajustados con el Dólar,UND,32.68,32.68,32.68,PEN,,
0223000711,"TABLERO DE FIBRA DE MADERA HDF, 3mmx1.52x2.44m - (Densidad Alta), (Durolac)",material,Precios Reajustados con el Dólar,UND,51.68,51.68,51.68,PEN,,
0223000712,"TABLERO ESTRUCTURAL DE FIBRA DE MADERA, 9.5mmx1.22x2.44m - (Astillas Orientadas), (OSB Arauco)",material,Precios Reajustados con el Dólar,UND,66.88,66.88,66.88,PEN,,
0223000713,"TABLERO ESTRUCTURAL DE FIBRA DE MADERA, 11.1mmx1.22x2.44m - (Astillas Orientadas), (OSB Arauco)",material,Precios Reajustados con el Dólar,UND,72.96,72.96,72.96,PEN,,
0223000714,"TABLERO ESTRUCTURAL DE FIBRA DE MADERA, 15.1mmx1.22x2.44m - (Astillas Orientadas), (OSB Arauco)",material,Precios Reajustados con el Dólar,UND,98.80,98.80,98.80,PEN,,
0223000715,"TABLERO ESTRUCTURAL DE FIBRA DE MADERA, 18.3mmx1.22x2.44m - (Astillas Orientadas), (OSB Arauco)",material,Precios Reajustados con el Dólar,UND,120.08,120.08,120.08,PEN,,
0223000716,SUPER CASETÓN DE EPS 1.00 m x 0.75 m x 0.15 m densidad 15 Kg/m3 LISO LOSA E= 20 cm,material,Precios Reajustados con el Dólar,UND,27.48,27.48,27.48,PEN,,
0223000717,SUPER CASETÓN DE EPS 1.00 m x 0.70 m x 0.15 m densidad 15 Kg/m3 LISO LOSA E= 20 cm,material,Precios Reajustados con el Dólar,UND,25.65,25.65,25.65,PEN,,
0223000718,SUPER CASETÓN DE EPS 1.00 m x 0.60 m x 0.15 m densidad 15 Kg/m3 LISO LOSA E= 20 cm,material,Precios Reajustados con el Dólar,UND,21.99,21.99,21.99,PEN,,
0223000719,SUPER CASETÓN DE EPS 1.00 m x 0.75 m x 0.20 m densidad 15 Kg/m3 LISO LOSA E= 25 cm,material,Precios Reajustados con el Dólar,UND,36.64,36.64,36.64,PEN,,
0223000720,SUPER CASETÓN DE EPS 1.00 m x 0.70 m x 0.20 m densidad 15 Kg/m3 LISO LOSA E= 25 cm,material,Precios Reajustados con el Dólar,UND,34.20,34.20,34.20,PEN,,
0223000721,SUPER CASETÓN DE EPS 1.00 m x 0.60 m x 0.20 m densidad 15 Kg/m3 LISO LOSA E= 25 cm,material,Precios Reajustados con el Dólar,UND,29.32,29.32,29.32,PEN,,
0223000722,SUPER CASETÓN DE EPS 1.00 m x 0.70 m x 0.09 m densidad 25 Kg/m3 LISO LOSA E= 13 cm,material,Precios Reajustados con el Dólar,UND,25.65,25.65,25.65,PEN,,
0223000723,SUPER CASETÓN DE EPS 1.00 m x 0.60 m x 0.09 m densidad 25 Kg/m3 LISO LOSA E= 13 cm,material,Precios Reajustados con el Dólar,UND,21.99,21.99,21.99,PEN,,
0223000724,"BARNIZ, PUENTE DE ADHERENCIA PARA MORTEROS CON ANTIOXIDANTE, RINDE 90 ML A 100 ML DE VIGUETA DE ACERO",material,Precios Reajustados con el Dólar,LT,42.48,42.48,42.48,PEN,,
0223000725,"MALLA DE FIBRA RF PARA TARRAJEO CON RETARDANTES DE FUEGO, ROLLO 1 ML x 50 ML, COCADA 5 X 5 MM",material,Precios Reajustados con el Dólar,ROLLO,283.20,283.20,283.20,PEN,,
0223000726,"PLACA COLABORANTE ACERO - DECK AD 900/E=0.76m, A=0.90m, CALIBRE 22",material,Precios Reajustados con el Dólar,M,73.50,73.50,73.50,PEN,,
0223000727,"PLACA COLABORANTE ACERO - DECK AD 900/E=0.90m, A=0.90m, CALIBRE 20",material,Precios Reajustados con el Dólar,M,73.50,73.50,73.50,PEN,,
0223000728,"PLACA COLABORANTE ACERO - DECK AD 600/E=0.76m, A=0.90m, CALIBRE 22",material,Precios Reajustados con el Dólar,M,73.50,73.50,73.50,PEN,,
0223000729,"PLACA COLABORANTE ACERO - DECK AD 600/E=0.90m, A=0.90m, CALIBRE 20",material,Precios Reajustados con el Dólar,M,85.92,85.92,85.92,PEN,,
0223000730,"PLACA COLABORANTE ACERO - DECK AD 600/E=1.20m, A=0.90m, CALIBRE 18",material,Precios Reajustados con el Dólar,M,114.38,114.38,114.38,PEN,,
0223000731,"PLACA COLABORANTE ACERO - DECK AD 730/E=0.76m, A=0.90m, CALIBRE 22",material,Precios Reajustados con el Dólar,M,73.50,73.50,73.50,PEN,,
0223000732,"PLACA COLABORANTE ACERO - DECK AD 730/E=0.90m, A=0.90m, CALIBRE 20",material,Precios Reajustados con el Dólar,M,73.50,73.50,73.50,PEN,,
0223000733,"CONECTORES DE CORTE DE ACERO NS-500/250 (1/2"" x 2 1/2"")",material,Precios Reajustados con el Dólar,CTO,257.96,257.96,257.96,PEN,,
0223000734,"CONECTORES DE CORTE DE ACERO NS-625/250 (5/8"" x 2 1/2"")",material,Precios Reajustados con el Dólar,CTO,302.78,302.78,302.78,PEN,,
0223000735,"CONECTORES DE CORTE DE ACERO NS-625/300 (5/8"" x 3"")",material,Precios Reajustados con el Dólar,CTO,308.73,308.73,308.73,PEN,,
0223000736,"CONECTORES DE CORTE DE ACERO NS-625/400 (5/8"" x 4"")",material,Precios Reajustados con el Dólar,CTO,361.58,361.58,361.58,PEN,,
0223000737,"CONECTORES DE CORTE DE ACERO NS-750/300 (3/4"" x 3"")",material,Precios Reajustados con el Dólar,CTO,362.82,362.82,362.82,PEN,,
0223000738,"CONECTORES DE CORTE DE ACERO NS-750/400 (3/4"" x 4"")",material,Precios Reajustados con el Dólar,CTO,451.48,451.48,451.48,PEN,,
0223000739,"TOPES DE BORDE DE ACERO 3.50m, CALIBRE 20/TB 90/170, 100/170, 110/170",material,Precios Reajustados con el Dólar,PZA,74.22,74.22,74.22,PEN,,
0223000740,"TOPES DE BORDE DE ACERO 3.50m, CALIBRE 20/TB 120/200, 130/200, 140/200",material,Precios Reajustados con el Dólar,PZA,86.64,86.64,86.64,PEN,,
0223000741,"TOPES DE BORDE DE ACERO 3.50m, CALIBRE 20/TB 150/240, 160/240, 170/240, 180/240",material,Precios Reajustados con el Dólar,PZA,102.53,102.53,102.53,PEN,,
0223000742,"TOPES DE BORDE DE ACERO 3.50m, CALIBRE 20/TB 190/300, 200/300",material,Precios Reajustados con el Dólar,PZA,129.96,129.96,129.96,PEN,,
0223000743,"TOPES DE CIERRE DE ACERO 3.50m, CALIBRE 20 TC-40/100",material,Precios Reajustados con el Dólar,PZA,56.67,56.67,56.67,PEN,,
0223000744,"TOPES DE CIERRE DE ACERO 3.50m, CALIBRE 20 TC-60/120",material,Precios Reajustados con el Dólar,PZA,68.99,68.99,68.99,PEN,,
0223000745,"TOPES DE CIERRE DE ACERO 3.50m, CALIBRE 20 TC-75/150",material,Precios Reajustados con el Dólar,PZA,87.57,87.57,87.57,PEN,,
0223000746,PARARAYOS FRANKLIN TETRA PUNTAL BR CR,material,Precios Reajustados con el Dólar,PZA,590.04,590.04,590.04,PEN,,
0223000747,PARARAYOS PDC THOR,material,Precios Reajustados con el Dólar,PZA,4088.84,4088.84,4088.84,PEN,,
0223000748,PARARAYOS IONIFLASH MACH 60 R.104 NIVEL III,material,Precios Reajustados con el Dólar,PZA,5967.64,5967.64,5967.64,PEN,,
0223000749,PARARAYOS FRANKLIN TETRA PUNTAL BR PUNTA,material,Precios Reajustados con el Dólar,PZA,558.98,558.98,558.98,PEN,,
0223000750,CAJA DE REGISTRO THOR - (57 KG),material,Precios Reajustados con el Dólar,PZA,54.35,54.35,54.35,PEN,,
0223000751,"CAJA DE REGISTRO DE POLIPROPILENO, MARCA THOR",material,Precios Reajustados con el Dólar,PZA,46.06,46.06,46.06,PEN,,
0223000752,DOSIS QUIMICA THOR -GEL - (Caja 5 KG),material,Precios Reajustados con el Dólar,PZA,111.80,111.80,111.80,PEN,,
0223000753,"CONCETOR BR BARRA 3/4"" PARA PUESTA A TIERRA",material,Precios Reajustados con el Dólar,PZA,27.95,27.95,27.95,PEN,,
0223000754,"CONCETOR BR BARRA 5/8"" PARA PUESTA A TIERRA",material,Precios Reajustados con el Dólar,PZA,27.95,27.95,27.95,PEN,,
0223000755,"BARRA CU DE 5/8"", CON PUNTA DE 2.4m",material,Precios Reajustados con el Dólar,PZA,463.23,463.23,463.23,PEN,,
0223000756,"BARRA CU DE 3/4"", CON PUNTA DE 2.4m",material,Precios Reajustados con el Dólar,PZA,275.35,275.35,275.35,PEN,,
0223000757,CEMENTO CONDUCTIVP THOR-CEM - (25KG),material,Precios Reajustados con el Dólar,BLS,131.46,131.46,131.46,PEN,,
0223000758,"PLANCHA POLIESTIRENO EXPANDIDO 1/2"", 2.40x1.20m; D=10Kg/m3",material,Precios Reajustados con el Dólar,PZA,7.72,7.72,7.72,PEN,,
0223000759,"PLANCHA POLIESTIRENO EXPANDIDO 3/4"", 2.40x1.20m; D=10Kg/m3",material,Precios Reajustados con el Dólar,PZA,11.60,11.60,11.60,PEN,,
0223000760,"PLANCHA POLIESTIRENO EXPANDIDO 1"", 2.40x1.20m; D=10Kg/m3",material,Precios Reajustados con el Dólar,PZA,14.17,14.17,14.17,PEN,,
0223000761,"PLANCHA POLIESTIRENO EXPANDIDO 1 1/2"", 2.40x1.20m; D=10Kg/m3",material,Precios Reajustados con el Dólar,PZA,21.25,21.25,21.25,PEN,,
0223000762,"PLANCHA POLIESTIRENO EXPANDIDO 2"", 2.40x1.20m; D=10Kg/m3",material,Precios Reajustados con el Dólar,PZA,27.06,27.06,27.06,PEN,,
0223000763,"PLANCHA POLIESTIRENO EXPANDIDO 2 1/2"", 2.40x1.20m; D=10Kg/m3",material,Precios Reajustados con el Dólar,PZA,34.14,34.14,34.14,PEN,,
0223000764,"PLANCHA POLIESTIRENO EXPANDIDO 3"", 2.40x1.20m; D=10Kg/m3",material,Precios Reajustados con el Dólar,PZA,41.22,41.22,41.22,PEN,,
0223000765,"PLANCHA POLIESTIRENO EXPANDIDO 3 1/2"", 2.40x1.20m; D=10Kg/m3",material,Precios Reajustados con el Dólar,PZA,48.95,48.95,48.95,PEN,,
0223000766,"PLANCHA POLIESTIRENO EXPANDIDO 4"", 2.40x1.20m; D=10Kg/m3",material,Precios Reajustados con el Dólar,PZA,54.10,54.10,54.10,PEN,,
0223000767,"PLANCHA POLIESTIRENO EXPANDIDO 5"", 2.40x1.20m; D=10Kg/m3",material,Precios Reajustados con el Dólar,PZA,68.28,68.28,68.28,PEN,,
0223000768,"PLANCHA POLIESTIRENO EXPANDIDO 6"", 2.40x1.20m; D=10Kg/m3",material,Precios Reajustados con el Dólar,PZA,86.31,86.31,86.31,PEN,,
0223000769,"PLANCHA POLIESTIRENO EXPANDIDO 7"", 2.40x1.20m; D=10Kg/m3",material,Precios Reajustados con el Dólar,PZA,100.47,100.47,100.47,PEN,,
0223000770,"PLANCHA POLIESTIRENO EXPANDIDO 8"", 2.40x1.20m; D=10Kg/m3",material,Precios Reajustados con el Dólar,PZA,113.36,113.36,113.36,PEN,,
0223000771,"PLANCHA POLIESTIRENO EXPANDIDO 1/2"", 2.40x1.20m; D=16Kg/m3",material,Precios Reajustados con el Dólar,PZA,11.60,11.60,11.60,PEN,,
0223000772,"PLANCHA POLIESTIRENO EXPANDIDO 3/4"", 2.40x1.20m; D=16Kg/m3",material,Precios Reajustados con el Dólar,PZA,16.75,16.75,16.75,PEN,,
0223000773,"PLANCHA POLIESTIRENO EXPANDIDO 1"", 2.40x1.20m; D=16Kg/m3",material,Precios Reajustados con el Dólar,PZA,21.90,21.90,21.90,PEN,,
0223000774,"PLANCHA POLIESTIRENO EXPANDIDO 1 1/2"", 2.40x1.20m; D=16Kg/m3",material,Precios Reajustados con el Dólar,PZA,30.92,30.92,30.92,PEN,,
0223000775,"PLANCHA POLIESTIRENO EXPANDIDO 2"", 2.40x1.20m; D=16Kg/m3",material,Precios Reajustados con el Dólar,PZA,41.22,41.22,41.22,PEN,,
0223000776,"PLANCHA POLIESTIRENO EXPANDIDO 2 1/2"", 2.40x1.20m; D=16Kg/m3",material,Precios Reajustados con el Dólar,PZA,50.24,50.24,50.24,PEN,,
0223000777,"PLANCHA POLIESTIRENO EXPANDIDO 3"", 2.40x1.20m; D=16Kg/m3",material,Precios Reajustados con el Dólar,PZA,59.25,59.25,59.25,PEN,,
0223000778,CONSISTENCIA NORMAL,material,Precios Reajustados con el Dólar,UND,80.79,80.79,80.79,PEN,,
0223000779,CONSISTENCIA (SLUMP) / ENSAYOS DE FLEXION Y TRACCION,material,Precios Reajustados con el Dólar,UND,48.57,48.57,48.57,PEN,,
0223000780,FALSA FRAGUA / FINESA DE BLAINE / FRAGUADO VICAT / PESO ESPECIFICO,material,Precios Reajustados con el Dólar,UND,80.79,80.79,80.79,PEN,,
0223000781,RESISTENCIA A LA COMPRENCION,material,Precios Reajustados con el Dólar,UND,48.57,48.57,48.57,PEN,,
0223000782,COMBINACION ARENA GRUESA - ARCILLA - CONFITILLO,material,Precios Reajustados con el Dólar,UND,322.49,322.49,322.49,PEN,,
0223000783,CONTENIDO DE HUMEDAD,material,Precios Reajustados con el Dólar,UND,24.40,24.40,24.40,PEN,,
0223000784,DURABILIDAD (POR MUESTRAS),material,Precios Reajustados con el Dólar,UND,241.92,241.92,241.92,PEN,,
0223000785,EQUIVALENTE DE ARENA,material,Precios Reajustados con el Dólar,UND,113.02,113.02,113.02,PEN,,
0223000786,ESTUDIO DE AGREGADOS PARA DISEÑO DE MEZCLAS,material,Precios Reajustados con el Dólar,UND,354.71,354.71,354.71,PEN,,
0223000787,GRANULOMETRIA / PESO ESPECIFICO Y PORC. DE ABSORCION,material,Precios Reajustados con el Dólar,UND,56.62,56.62,56.62,PEN,,
0223000788,GRANULOMETRIA GLOBAL / MALLA 200,material,Precios Reajustados con el Dólar,UND,80.79,80.79,80.79,PEN,,
0223000789,IMPUREZAS ORGANICAS,material,Precios Reajustados con el Dólar,UND,48.57,48.57,48.57,PEN,,
0223000790,MUESTREO IN SITU DE MATERIAL DE CANTERA,material,Precios Reajustados con el Dólar,UND,241.92,241.92,241.92,PEN,,
0223000791,LAVADO Y ACONDICIONAMIENTO DE LAS MUESTRAS,material,Precios Reajustados con el Dólar,UND,161.36,161.36,161.36,PEN,,
0223000792,PARTICULAS FRIABLES,material,Precios Reajustados con el Dólar,UND,48.57,48.57,48.57,PEN,,
0223000793,PESO UNITARIO (SUELO Y COMPACTADO),material,Precios Reajustados con el Dólar,UND,96.91,96.91,96.91,PEN,,
0223000794,ABSORCION DEL AGUA EN EL CONCRETO,material,Precios Reajustados con el Dólar,UND,80.79,80.79,80.79,PEN,,
0223000795,"ASENTAMIENTO (3 MUESTRAS, EN LABORATORIO)",material,Precios Reajustados con el Dólar,UND,96.91,96.91,96.91,PEN,,
0223000796,COMPRESION EN TAPA DE CONCRETO / SHOTCRETE,material,Precios Reajustados con el Dólar,UND,80.79,80.79,80.79,PEN,,
0223000797,CONTENIDO DE AIRE (WASHINTON),material,Precios Reajustados con el Dólar,UND,80.79,80.79,80.79,PEN,,
0223000798,COMPRESION DE TESTIGOS DIAMANTINOS,material,Precios Reajustados con el Dólar,UND,48.57,48.57,48.57,PEN,,
0223000799,CORTE DE PROBETA A LA MITAD,material,Precios Reajustados con el Dólar,UND,48.57,48.57,48.57,PEN,,
0223000800,DISEÑO DE MEZCLAS DE COMERCIO Y ESTUDIO DE AGREGADOS,material,Precios Reajustados con el Dólar,UND,805.87,805.87,805.87,PEN,,
0223000801,DISELO DE MEZCLAS,material,Precios Reajustados con el Dólar,UND,451.39,451.39,451.39,PEN,,
0223000802,ENSAYO DE COMPRESION EN BLOQUETAS DE CONCRETO,material,Precios Reajustados con el Dólar,UND,64.68,64.68,64.68,PEN,,
0223000803,ENSAYO DE ADHERENCIA EN CONCRETO,material,Precios Reajustados con el Dólar,UND,161.36,161.36,161.36,PEN,,
0223000804,ESCLEROMETRIA POR C/ ELEM. ESTRUCT.(3 ó MAS PUNTOS) POR PUNTO,material,Precios Reajustados con el Dólar,UND,113.02,113.02,113.02,PEN,,
0223000805,EXTRAC. DE TESTIGOS DIAMANTINA (1 A 2 MUESTRAS),material,Precios Reajustados con el Dólar,UND,483.62,483.62,483.62,PEN,,
0223000806,EXTRAC. DE TESTIGOS DIAMANTINA A PROVINCIA,material,Precios Reajustados con el Dólar,UND,564.18,564.18,564.18,PEN,,
0223000807,EXUDACION / PESO UNITARIO,material,Precios Reajustados con el Dólar,UND,72.74,72.74,72.74,PEN,,
0223000808,MUESTREO DE PROBETA EN OBRA (MIN 3 UNID),material,Precios Reajustados con el Dólar,UND,193.58,193.58,193.58,PEN,,
0223000809,PREPARACION Y COMPRESION EN MORTERO,material,Precios Reajustados con el Dólar,UND,161.36,161.36,161.36,PEN,,
0223000810,PRUBA DE CARGA EN TAPA DE BUZON CHICO,material,Precios Reajustados con el Dólar,UND,241.92,241.92,241.92,PEN,,
0223000811,PRUBA DE CARGA EN TAPA DE BUZON GRNADE,material,Precios Reajustados con el Dólar,UND,322.49,322.49,322.49,PEN,,
0223000812,RESISTENCIA A LA COMPRENCION (PREFERENCIAL),material,Precios Reajustados con el Dólar,UND,16.34,16.34,16.34,PEN,,
0223000813,RESISTENCIA A LA FLEXION (VIGUETAS),material,Precios Reajustados con el Dólar,UND,80.79,80.79,80.79,PEN,,
0223000814,TIEMPO DE FRAGUADO,material,Precios Reajustados con el Dólar,UND,113.02,113.02,113.02,PEN,,
0223000815,ADHERENCIA DEL ACERO,material,Precios Reajustados con el Dólar,UND,113.02,113.02,113.02,PEN,,
0223000816,COMPRESION EN PLANCHAS DE ACERO,material,Precios Reajustados con el Dólar,UND,80.79,80.79,80.79,PEN,,
0223000817,DUREZA,material,Precios Reajustados con el Dólar,UND,40.51,40.51,40.51,PEN,,
0223000818,DOBLADO DE ACERO,material,Precios Reajustados con el Dólar,UND,64.68,64.68,64.68,PEN,,
0223000819,"ENSAYO EN CABLE DE ACERO < 3/4""",material,Precios Reajustados con el Dólar,UND,80.79,80.79,80.79,PEN,,
0223000820,ENSAYO DE TRACCION EN LAMINAS DE ACERO,material,Precios Reajustados con el Dólar,UND,113.02,113.02,113.02,PEN,,
0223000821,ENSAYO DE TRACCION EN ALAMBRE TREFILADO DE 5mm,material,Precios Reajustados con el Dólar,UND,80.79,80.79,80.79,PEN,,
0223000822,ENSAYO DE TRACCION EN MALLA / PLANCHAS / GRAPAS DE ACERO,material,Precios Reajustados con el Dólar,UND,80.79,80.79,80.79,PEN,,
0223000823,EXTRACCION Y ENSAYO DE MUESTRA DE ACERO EN OBRA,material,Precios Reajustados con el Dólar,UND,403.05,403.05,403.05,PEN,,
0223000824,"TRACCION DE VARILLAS DE 6mm, 8mm Y 1/4""",material,Precios Reajustados con el Dólar,UND,64.68,64.68,64.68,PEN,,
0223000825,TRACCION EN ESPARRAGOS,material,Precios Reajustados con el Dólar,UND,161.36,161.36,161.36,PEN,,
0223000826,"TRACCION EN BARRAS SOLDADAS < 1""",material,Precios Reajustados con el Dólar,UND,113.02,113.02,113.02,PEN,,
0223000827,"TRACCION EN BARRAS SOLDADAS > = 1""",material,Precios Reajustados con el Dólar,UND,161.36,161.36,161.36,PEN,,
0223000828,TRACCION DE CINTAS DE HARNESES,material,Precios Reajustados con el Dólar,UND,80.79,80.79,80.79,PEN,,
0223000829,TRACCION EN POLEA,material,Precios Reajustados con el Dólar,UND,322.49,322.49,322.49,PEN,,
0223000830,TRACCION EN GANCHOS,material,Precios Reajustados con el Dólar,UND,113.02,113.02,113.02,PEN,,
0223000831,"TRACCION EN CABLE DE ACERO DE 1/2""",material,Precios Reajustados con el Dólar,UND,80.79,80.79,80.79,PEN,,
0223000832,TRACCION EN CABLE POSTENSADO,material,Precios Reajustados con el Dólar,UND,161.36,161.36,161.36,PEN,,
0223000833,"TRACCION DE VARILLAS DE 3/8"" 12mm Y 1/2""",material,Precios Reajustados con el Dólar,UND,80.79,80.79,80.79,PEN,,
0223000834,"TRACCION DE VARILLAS DE 3/4"", 5/8""",material,Precios Reajustados con el Dólar,UND,113.02,113.02,113.02,PEN,,
0223000835,"TRACCION DE VARILLAS DE 1 3/8"" 1"">1""",material,Precios Reajustados con el Dólar,UND,161.36,161.36,161.36,PEN,,
0223000836,TRACCION EN PLANCHAS SOLDADAS DE MAS DE 5mm DE ESPESOR,material,Precios Reajustados con el Dólar,UND,113.02,113.02,113.02,PEN,,
0223000837,"TRACCION EN TENSOR 5/8""",material,Precios Reajustados con el Dólar,UND,113.02,113.02,113.02,PEN,,
0223000838,TRACCION DE PERNOS,material,Precios Reajustados con el Dólar,UND,64.68,64.68,64.68,PEN,,
0223000839,DESCRIPCION PETROGRAFICA DE AGREGADOS PARA CONCRETO,material,Precios Reajustados con el Dólar,UND,372.56,372.56,372.56,PEN,,
0223000840,MÉTODO PARA DETERMINAR LA RESISTENCIA A LA COMPRESIÓN DE MORTEROS DE CEMENTOS PÓRTLAND (Cubos de 50mm),material,Precios Reajustados con el Dólar,UND,82.67,82.67,82.67,PEN,,
0223000841,DETERMINACIÓN DE LA CONSISTENCIA NORMAL,material,Precios Reajustados con el Dólar,UND,68.69,68.69,68.69,PEN,,
0223000842,MÉTODO DE ENSAYO PARA DETERMINAR LA DENSIDAD DEL CEMENTO PORTLAND (PESO ESPECÍFICO),material,Precios Reajustados con el Dólar,UND,48.56,48.56,48.56,PEN,,
0223000843,MÉTODO DE ENSAYO PARA LA DETERMINACIÓN DEL TIEMPO DE FRAGUADO DEL MORTERO DE CEMENTO PORTLAND,material,Precios Reajustados con el Dólar,UND,128.09,128.09,128.09,PEN,,
0223000844,MÉTODO DE ENSAYO PARA DETERMINAR EL FALSO FRAGUADO DEL CEMENTO MÉTODO DE LA PASTA,material,Precios Reajustados con el Dólar,UND,79.29,79.29,79.29,PEN,,
0223000845,ENSAYO PARA DETERMINAR EL FALSO FRAGUADO DEL CEMENTO MÉTODO DEL MORTERO,material,Precios Reajustados con el Dólar,UND,102.39,102.39,102.39,PEN,,
0223000846,PENETRACIÓN,material,Precios Reajustados con el Dólar,UND,124.16,124.16,124.16,PEN,,
0223000847,PUNTO DE ABLANDAMIENTO,material,Precios Reajustados con el Dólar,UND,102.90,102.90,102.90,PEN,,
0223000848,PESO ESPECÍFICO Y PESO UNITARIO DE PRODUCTOS SÓLIDOS Y SEMI SÓLIDOS,material,Precios Reajustados con el Dólar,UND,65.22,65.22,65.22,PEN,,
0223000849,VISCOSIDAD SAYBOLT FUROL,material,Precios Reajustados con el Dólar,UND,118.87,118.87,118.87,PEN,,
0223000850,PUNTO DE INFLAMACIÓN Y DE LLAMA (COPA ABIERTA) CLEVELAND,material,Precios Reajustados con el Dólar,UND,126.08,126.08,126.08,PEN,,
0223000851,DETERMINACIÓN DEL CONTENIDO DE AGUA EN EL BITUMEN,material,Precios Reajustados con el Dólar,UND,126.10,126.10,126.10,PEN,,
0223000852,DUCTILIDAD,material,Precios Reajustados con el Dólar,UND,126.72,126.72,126.72,PEN,,
0223000853,MUESTREO DE MATERIALES BITUMINOSOS,material,Precios Reajustados con el Dólar,UND,31.64,31.64,31.64,PEN,,
0223000854,DESTILACIÓN DE PRODUCTOS BITUMINOSOS CUT - BACK,material,Precios Reajustados con el Dólar,UND,123.89,123.89,123.89,PEN,,
0223000855,ENSAYO DE CALIDAD DE ASFALTO SÓLIDO (ASTM U OTRAS),material,Precios Reajustados con el Dólar,UND,813.06,813.06,813.06,PEN,,
0223000856,ENSAYO DE STRIPPING DE MEZCLA AGREGADO - BITUMEN (ADHERENCIA DE GRAVA),material,Precios Reajustados con el Dólar,UND,115.75,115.75,115.75,PEN,,
0223000857,ENSAYO DE CALIDAD DE ASFALTO LÍQUIDO(ASTM U OTRAS),material,Precios Reajustados con el Dólar,UND,811.64,811.64,811.64,PEN,,
0223000858,SOLUBILIDAD EN TRICLORO ETILENO,material,Precios Reajustados con el Dólar,UND,87.08,87.08,87.08,PEN,,
0223000859,VISCOSIDAD CINEMÁTICA,material,Precios Reajustados con el Dólar,UND,120.22,120.22,120.22,PEN,,
0223000860,VISCOSIDAD ABSOLUTA,material,Precios Reajustados con el Dólar,UND,128.32,128.32,128.32,PEN,,
0223000861,ENSAYO DE PELÍCULA DELGADA EN HORNO (TFOT),material,Precios Reajustados con el Dólar,UND,117.58,117.58,117.58,PEN,,
0223000862,"GRAVEDAD ESPECÍFICA APARENTE A 15,6/15,6 ºC (MÉTODO DEL HIDRÓMETRO)",material,Precios Reajustados con el Dólar,UND,65.48,65.48,65.48,PEN,,
0223000863,PUNTO DE INFLAMACIÓN DE ASFALTOS CUPBACK - MÉTODO TAG OPEN CUP.,material,Precios Reajustados con el Dólar,UND,119.17,119.17,119.17,PEN,,
0223000864,PRUEBA DE LA MANCHA (SPOT TEST U OLIENSIS),material,Precios Reajustados con el Dólar,UND,123.32,123.32,123.32,PEN,,
0223000865,ENSAYO DE LA ESPUMA,material,Precios Reajustados con el Dólar,UND,125.35,125.35,125.35,PEN,,
0223000866,CÁLCULO DEL INDICE DE PENETRACIÓN (MÉTODO HEUKELOM)-(SUSCEPTIBILIDAD TÉRMICA),material,Precios Reajustados con el Dólar,UND,357.26,357.26,357.26,PEN,,
0223000867,RECUPERACIÓN ELÁSTICA (25 °C) (DUCTILÍMETRO),material,Precios Reajustados con el Dólar,UND,124.86,124.86,124.86,PEN,,
0223000868,RECUPERACIÓN ELÁSTICA (DUCTILÍMETRO MODIFICADO) (4 °C),material,Precios Reajustados con el Dólar,UND,125.01,125.01,125.01,PEN,,
0223000869,RECUPERACIÓN ELÁSTICA (DUCTILÍMETRO MODIFICADO) (5 °C),material,Precios Reajustados con el Dólar,UND,124.67,124.67,124.67,PEN,,
0223000870,DENSIDAD DE BREA Y ASFALTO (POR DESPLAZAMIENTO),material,Precios Reajustados con el Dólar,UND,30.12,30.12,30.12,PEN,,
0223000871,ANÁLISIS DE LOS AGREGADOS EXTRAÍDOS DE LAS MEZCLAS (GRANULOMETRIA),material,Precios Reajustados con el Dólar,UND,93.07,93.07,93.07,PEN,,
0223000872,RESISTENCIA A LA COMPRESIÓN SIMPLE DE MEZCLAS ASFÁLTICAS,material,Precios Reajustados con el Dólar,UND,205.93,205.93,205.93,PEN,,
0223000873,EFECTO DEL AGUA SOBRE LA COHESIÓN DE LAS MEZCLAS ASFÁLTICAS COMPACTADAS (INMERSIÓN COMPRESIÓN),material,Precios Reajustados con el Dólar,UND,250.10,250.10,250.10,PEN,,
0223000874,PESO ESPECÍFICO APARENTE Y DENSIDAD DE MEZCLAS ASFÁLTICAS COMPACTADAS EMPLEANDO ESPECÍMENES PARAFINADOS,material,Precios Reajustados con el Dólar,UND,72.73,72.73,72.73,PEN,,
0223000875,DISEÑO DE MEZCLAS ASFÁLTICAS - MÉTODO MARSHALL,material,Precios Reajustados con el Dólar,UND,1515.79,1515.79,1515.79,PEN,,
0223000876,ESTABILIDAD Y FLUJO DE MEZCLAS ASFÁLTICAS COMPACTADAS EN LABORATORIO Y NUCLEOS EXTRAIDOS CON DIAMANTINA,material,Precios Reajustados con el Dólar,UND,125.64,125.64,125.64,PEN,,
0223000877,PESO ESPECÍFICO TEÓRICO MÁXIMO DE MEZCLAS ASFÁLTICAS,material,Precios Reajustados con el Dólar,UND,107.69,107.69,107.69,PEN,,
0223000878,DETERMINACIÓN DEL PORCENTAJE DE ASFALTO EN MEZCLAS PARA PAVIMENTOS (LAVADO ASFALTICO),material,Precios Reajustados con el Dólar,UND,350.01,350.01,350.01,PEN,,
0223000879,ADHERENCIA DEL BITUMEN - AGREGADO (ADHERENCIA PIEDRA),material,Precios Reajustados con el Dólar,UND,115.18,115.18,115.18,PEN,,
0223000880,PESO ESPECÍFICO APARENTE Y DENSIDAD DE MEZCLAS ASFÁLTICAS COMPACTADAS NO ABSORVENTES,material,Precios Reajustados con el Dólar,UND,62.76,62.76,62.76,PEN,,
0223000881,PORCENTAJE DE VACÍOS DE AIRE VMA Y VFA EN MEZCLAS ASFÁLTICAS COMPACTADAS DENSAS Y ABIERTAS,material,Precios Reajustados con el Dólar,UND,60.96,60.96,60.96,PEN,,
0223000882,ESPESOR O ALTURA DE ESPECÍMENES COMPACTADOS DE MEZCLAS ASFÁLTICAS,material,Precios Reajustados con el Dólar,UND,20.21,20.21,20.21,PEN,,
0223000883,ENSAYO PARA EVALUAR EFECTO DEL AGUA SOBRE AGREGADOS CON RECUBRIMIENTO BITUMINOSO USANDO AGUA HERVIDA,material,Precios Reajustados con el Dólar,UND,156.33,156.33,156.33,PEN,,
0223000884,CÁLCULO DEL PORCENTAJE DE ASFALTO QUE ABSORBE UN AGREGADO,material,Precios Reajustados con el Dólar,UND,32.00,32.00,32.00,PEN,,
0223000885,TOMA DE MUESTRAS DE MEZCLAS ASFÁLTICAS PARA PAVIMENTOS,material,Precios Reajustados con el Dólar,UND,31.71,31.71,31.71,PEN,,
0223000886,DETERMINACIÓN DEL GRADO DE COMPACTACIÓN DE UNA MEZCLA BITUMINOSA - ÍNDICE DE COMPACTIBILIDAD,material,Precios Reajustados con el Dólar,UND,470.23,470.23,470.23,PEN,,
0223000887,ADHESIVIDAD DE LOS LIGANTES BITUMINOSOS A LOS ÁRIDOS FINOS (RIEDEL - WEBER),material,Precios Reajustados con el Dólar,UND,132.29,132.29,132.29,PEN,,
0223000888,ADHERENCIA EN BANDEJA,material,Precios Reajustados con el Dólar,UND,121.70,121.70,121.70,PEN,,
0223000889,RECUPERACIÓN DE ASFALTO POR EL MÉTODO DE ABSON,material,Precios Reajustados con el Dólar,UND,183.40,183.40,183.40,PEN,,
0223000890,EFECTO DE LA HUMEDAD EN MEZCLAS DE CONCRETO ASFÁLTICO PARA PAVIMENTOS (LOTTMAN),material,Precios Reajustados con el Dólar,UND,2192.57,2192.57,2192.57,PEN,,
0223000891,EFECTO DE LA HUMEDAD EN MEZCLAS DE CONCRETO ASFÁLTICO PARA PAVIMENTOS (LOTTMAN) - (CURADO A 60ºC),material,Precios Reajustados con el Dólar,UND,2009.89,2009.89,2009.89,PEN,,
0223000892,EFECTO DE LA HUMEDAD EN MEZCLAS DE CONCRETO ASFÁLTICO PARA PAVIMENTOS (LOTTMAN) - (CURADO A 60ºC Y 0ºC),material,Precios Reajustados con el Dólar,UND,2547.18,2547.18,2547.18,PEN,,
0223000893,CONTRACCIÓN DEL SUELO MEDIANTE EL MÉTODO DEL MERCURIO,material,Precios Reajustados con el Dólar,UND,77.67,77.67,77.67,PEN,,
0223000894,OBTENCIÓN EN LABORATORIO DE MUESTRAS REPRESENTATIVAS (CUARTEO MANUAL),material,Precios Reajustados con el Dólar,UND,34.62,34.62,34.62,PEN,,
0223000895,CONTENIDO DE HUMEDAD DE UN SUELO,material,Precios Reajustados con el Dólar,UND,28.12,28.12,28.12,PEN,,
0223000896,ANÁLISIS GRANULOMÉTRICO DE SUELOS POR TAMIZADO,material,Precios Reajustados con el Dólar,UND,100.03,100.03,100.03,PEN,,
0223000897,ANÁLISIS GRANULOMÉTRICO DE SUELOS (POR TAMIZADO Y SEDIMENTACION),material,Precios Reajustados con el Dólar,UND,136.29,136.29,136.29,PEN,,
0223000898,LÍMITE LÍQUIDO (MALLA Nº 40),material,Precios Reajustados con el Dólar,UND,40.35,40.35,40.35,PEN,,
0223000899,LÍMITE LÍQUIDO (MALLA Nº 200),material,Precios Reajustados con el Dólar,UND,43.26,43.26,43.26,PEN,,
0223000900,LÍMITE PLÁSTICO (MALLA Nº 40),material,Precios Reajustados con el Dólar,UND,39.62,39.62,39.62,PEN,,
0223000901,LÍMITE PLÁSTICO (MALLA Nº 200),material,Precios Reajustados con el Dólar,UND,41.09,41.09,41.09,PEN,,
0223000902,PESO ESPECÍFICO RELATIVO DE LAS PARTÍCULAS SÓLIDAS DE UN SUELO,material,Precios Reajustados con el Dólar,UND,67.59,67.59,67.59,PEN,,
0223000903,DETERMINACIÓN DEL MATERIAL QUE PASA EL TAMIZ Nº 200,material,Precios Reajustados con el Dólar,UND,71.00,71.00,71.00,PEN,,
0223000904,CLASIFICACIÓN DE SUELOS PARA PROPÓSITOS DE INGENIERÍA (SUCS),material,Precios Reajustados con el Dólar,UND,31.56,31.56,31.56,PEN,,
0223000905,CLASIFICACIÓN DE SUELOS PARA EL USO EN VÍAS DE TRANSPORTE (AASHTO),material,Precios Reajustados con el Dólar,UND,31.45,31.45,31.45,PEN,,
0223000906,DETERMINACIÓN DEL ÍNDICE DE DENSIDAD Y PESO UNITARIO MÍNIMO DE SUELOS YCÁLCULO DE LA DENSIDAD RELATIVA (PUS),material,Precios Reajustados con el Dólar,UND,65.77,65.77,65.77,PEN,,
0223000907,PESO VOLUMÉTRICO DE SUELOS COHESIVOS,material,Precios Reajustados con el Dólar,UND,59.59,59.59,59.59,PEN,,
0223000908,EQUIVALENTE DE ARENA DE SUELOS Y AGREGADO FINO,material,Precios Reajustados con el Dólar,UND,91.26,91.26,91.26,PEN,,
0223000909,"ANÁLISIS GRANULOMÉTRICO DE AGREGADOS (GRUESO, FINO Y GLOBAL)",material,Precios Reajustados con el Dólar,UND,97.27,97.27,97.27,PEN,,
0223000910,TERRONES DE ARCILLA Y PARTÍCULAS DESMENUZABLES EN LOS AGREGADOS,material,Precios Reajustados con el Dólar,UND,102.04,102.04,102.04,PEN,,
0223000911,INALTERABILIDAD DE LOS AGREGADOS FINOS POR MEDIO DEL SULFATO DE SODIO O MAGNESIO (DURABILIDAD),material,Precios Reajustados con el Dólar,UND,142.87,142.87,142.87,PEN,,
0223000912,INALTERABILIDAD DE LOS AGREGADOS GRUESOS POR MEDIO DEL SULFATO DE SODIO O MAGNESIO (DURABILIDAD),material,Precios Reajustados con el Dólar,UND,145.91,145.91,145.91,PEN,,
0223000913,PESO UNITARIO SUELTO DE LOS AGREGADOS,material,Precios Reajustados con el Dólar,UND,68.14,68.14,68.14,PEN,,
0223000914,PESO UNITARIO VARILLADO DE LOS AGREGADOS,material,Precios Reajustados con el Dólar,UND,73.28,73.28,73.28,PEN,,
0223000915,"DETERMINACIÓN DE MATERIAL MÁS FINO QUE PASAN TAMIZ Nº 200 (0,75 MM) POR LAVADO EN AGREGADOS",material,Precios Reajustados con el Dólar,UND,62.14,62.14,62.14,PEN,,
0223000916,RESISTENCIA AGREGADOS GRUESOS DE TAMAÑOS MENORES POR ABRASIÓN E IMPACTO EN LA MÁQUINA DE LOS ÁNGELES,material,Precios Reajustados con el Dólar,UND,114.55,114.55,114.55,PEN,,
0223000917,RESISTENCIA AGREGADOS GRUESOS DE TAMAÑO GRANDE POR ABRASIÓN E IMPACTO EN LA MÁQUINA DE LOS ÁNGELES,material,Precios Reajustados con el Dólar,UND,191.44,191.44,191.44,PEN,,
0223000918,PESO ESPECÍFICO Y ABSORCIÓN DEL AGREGADO GRUESO,material,Precios Reajustados con el Dólar,UND,87.84,87.84,87.84,PEN,,
0223000919,PESO ESPECÍFICO Y ABSORCIÓN DEL AGREGADO FINO,material,Precios Reajustados con el Dólar,UND,106.59,106.59,106.59,PEN,,
0223000920,IMPUREZAS ORGÁNICAS EN ARENAS (CUALITATIVO),material,Precios Reajustados con el Dólar,UND,55.80,55.80,55.80,PEN,,
0223000921,PARTÍCULAS CHATAS Y ALARGADAS DEL AGREGADO GRUESO,material,Precios Reajustados con el Dólar,UND,76.76,76.76,76.76,PEN,,
0223000922,ÍNDICE DE APLANAMIENTO Y ALARGAMIENTO,material,Precios Reajustados con el Dólar,UND,75.81,75.81,75.81,PEN,,
0223000923,HUMEDAD SUPERFICIAL EN EL AGREGADO FINO,material,Precios Reajustados con el Dólar,UND,26.50,26.50,26.50,PEN,,
0223000924,CARBÓN Y LIGNITO O PARTÍCULAS LIVIANAS EN EL AGREGADO,material,Precios Reajustados con el Dólar,UND,107.01,107.01,107.01,PEN,,
0223000925,CÁLCULO DEL MÓDULO DE FINEZA DEL AGREGADO FINO,material,Precios Reajustados con el Dólar,UND,50.52,50.52,50.52,PEN,,
0223000926,CONTENIDO DE HUMEDAD TOTAL DE LOS AGREGADOS POR SECADO,material,Precios Reajustados con el Dólar,UND,33.88,33.88,33.88,PEN,,
0223000927,PORCENTAJE DE CARAS DE FRACTURA EN EL AGREGADO GRUESO (01 A MÁS),material,Precios Reajustados con el Dólar,UND,42.00,42.00,42.00,PEN,,
0223000928,PORCENTAJE DE CARAS DE FRACTURA EN EL AGREGADO GRUESO (02 A MÁS),material,Precios Reajustados con el Dólar,UND,42.00,42.00,42.00,PEN,,
0223000929,GRAVEDAD ESPECÍFICA CON FRASCO LE CHATELIER,material,Precios Reajustados con el Dólar,UND,72.48,72.48,72.48,PEN,,
0223000930,"FINEZA DE CAL HIDRATADA (MALLA 6, 10, 30 Y 100)",material,Precios Reajustados con el Dólar,UND,125.09,125.09,125.09,PEN,,
0223000931,"FINEZA DE CAL VIVA (MALLA 1"")",material,Precios Reajustados con el Dólar,UND,60.73,60.73,60.73,PEN,,
0223000932,"COMPACTACIÓN DEL SUELO EN LAB. UTILIZANDO UNA ENERGÍA MODIFICADA , 2700 KN-M/M3, 56000PIE-LBF/PIE3",material,Precios Reajustados con el Dólar,UND,164.14,164.14,164.14,PEN,,
0223000933,"COMPACTACIÓN DEL SUELO EN LAB. UTILIZANDO UNA ENERGÍA ESTÁNDAR , 600 KN-M/M3, 12400 PIE-LBF/PIE3)",material,Precios Reajustados con el Dólar,UND,129.23,129.23,129.23,PEN,,
0223000934,DENSIDAD Y PESO UNITARIO DEL SUELO IN-SITU MEDIANTE EL CONO DE ARENA,material,Precios Reajustados con el Dólar,UND,63.68,63.68,63.68,PEN,,
0223000935,CBR (RELACIÓN DE SOPORTE DE CALIFORNIA) DE SUELOS COMPACTADOS EN LABORATORIO (NO INCLUYE PROCTOR),material,Precios Reajustados con el Dólar,UND,387.17,387.17,387.17,PEN,,
0223000936,ANALISIS QUIMICO DEL CEMENTO,material,Precios Reajustados con el Dólar,UND,531.02,531.02,531.02,PEN,,
0223000937,RESIDUO SOLIDO EN EL AGUA USADA PARA ELABORAR MORTEROS Y HORMIGONES,material,Precios Reajustados con el Dólar,UND,50.80,50.80,50.80,PEN,,
0223000938,CONTENIDO DE MATERIA ORGANICA EN EL AGUA USADA PARA LA ELABORACION DE HORMIGONES Y OTROS,material,Precios Reajustados con el Dólar,UND,72.93,72.93,72.93,PEN,,
0223000939,DETERMINACION DEL POTENCIAL DE HIDROGENO (PH) EN EL AGUA USADA PARA LA ELABORACION DE HORMIGONES,material,Precios Reajustados con el Dólar,UND,41.03,41.03,41.03,PEN,,
0223000940,"CONTENIDO DE SULFATOS EN EL AGUA USADA, PARA LA ELABORACION DE HORMIGONES Y MORTEROS",material,Precios Reajustados con el Dólar,UND,126.34,126.34,126.34,PEN,,
0223000941,CONTENIDO DE CEMENTO EN LE CEMENTO ENDURECIDO,material,Precios Reajustados con el Dólar,UND,835.42,835.42,835.42,PEN,,
0223000942,SALES SOLUBLES EN AGREGADOS PARA PAVIMENTOS FLEXIBLES,material,Precios Reajustados con el Dólar,UND,67.95,67.95,67.95,PEN,,
0223000943,CONSOLIDACIÓN UNIDIMENSIONAL DE SUELOS,material,Precios Reajustados con el Dólar,UND,732.37,732.37,732.37,PEN,,
0223000944,RESISTENCIA A LA COMPRESIÓN NO CONFINADA DE SUELOS CON QUÍMICOS,material,Precios Reajustados con el Dólar,UND,260.08,260.08,260.08,PEN,,
0223000945,COMPRESIÓN TRIAXIAL NO CONSOLIDADO NO DRENADO PARA SUELOS COHESIVOS (UU),material,Precios Reajustados con el Dólar,UND,1205.00,1205.00,1205.00,PEN,,
0223000946,CORTE DIRECTO DE SUELOS BAJO CONDICIONES CONSOLIDADAS DRENADAS.,material,Precios Reajustados con el Dólar,UND,312.22,312.22,312.22,PEN,,
0223000947,RESISTENCIA A LA COMPRESIÓN NO CONFINADA DE SUELOS COHESIVOS,material,Precios Reajustados con el Dólar,UND,256.32,256.32,256.32,PEN,,
0223000948,MÉTODO DE ENSAYO NORMALIZADO PARA RELACIONES DE HUMEDAD DENSIDAD EN MEZCLAS DE SUELO-CEMENTO,material,Precios Reajustados con el Dólar,UND,156.14,156.14,156.14,PEN,,
0223000949,"COMPACTADAS-""STANDARD TEST METHOD FOR WETTING AND DRYING COMPACTED SOIL-CEMENT MIXTURE""",material,Precios Reajustados con el Dólar,UND,1603.56,1603.56,1603.56,PEN,,
0223000950,ENSAYO DE CONGELAMIENTO Y DESHIELO PARA MEZCLAS DE SUELO-CEMENTO COMPACTADAS,material,Precios Reajustados con el Dólar,UND,156.74,156.74,156.74,PEN,,
0223000951,RESISTENCIA A LA COMPRESIÓN DE PROBETAS DE SUELO-CEMENTO,material,Precios Reajustados con el Dólar,UND,45.65,45.65,45.65,PEN,,
0223000952,COMPRESIÓN TRIAXIAL CONSOLIDADO NO DRENADO PARA SUELOS COHESIVOS (CD) - ARENAS,material,Precios Reajustados con el Dólar,UND,1258.31,1258.31,1258.31,PEN,,
0223000953,COMPRESIÓN TRIAXIAL CONSOLIDADO NO DRENADO PARA SUELOS COHESIVOS (CU),material,Precios Reajustados con el Dólar,UND,2457.23,2457.23,2457.23,PEN,,
0223000954,COMPRESIÓN TRIAXIAL CONSOLIDADO DRENADO PARA SUELOS COHESIVOS (CD) - LIMOS Y ARCILLAS,material,Precios Reajustados con el Dólar,UND,4138.80,4138.80,4138.80,PEN,,
0223000955,DESTILACIÓN,material,Precios Reajustados con el Dólar,UND,115.03,115.03,115.03,PEN,,
0223000956,CONTENIDO DE AGUA,material,Precios Reajustados con el Dólar,UND,109.57,109.57,109.57,PEN,,
0223000957,VISCOSIDAD SAYBOLT FUROL,material,Precios Reajustados con el Dólar,UND,123.72,123.72,123.72,PEN,,
0223000958,SEDIMENTACIÓN (5 DÍAS),material,Precios Reajustados con el Dólar,UND,181.33,181.33,181.33,PEN,,
0223000959,TAMIZ (MALLA Nº 20),material,Precios Reajustados con el Dólar,UND,68.69,68.69,68.69,PEN,,
0223000960,CARGA DE PARTÍCULAS,material,Precios Reajustados con el Dólar,UND,122.83,122.83,122.83,PEN,,
0223000961,POTENCIAL DE HIDRÓGENO PH,material,Precios Reajustados con el Dólar,UND,40.99,40.99,40.99,PEN,,
0223000962,RESIDUO POR EVAPORACIÓN A 163 ºC,material,Precios Reajustados con el Dólar,UND,81.00,81.00,81.00,PEN,,
0223000963,RECUBRIMIENTO DEL AGREGADO,material,Precios Reajustados con el Dólar,UND,144.92,144.92,144.92,PEN,,
0223000964,RECUPERACIÓN ELÁSTICA (25 °C) (DUCTILÍMETRO),material,Precios Reajustados con el Dólar,UND,124.99,124.99,124.99,PEN,,
0223000965,RECUPERACIÓN ELÁSTICA (DUCTILÍMETRO MODIFICADO) (4 °C),material,Precios Reajustados con el Dólar,UND,124.99,124.99,124.99,PEN,,
0223000966,RECUPERACIÓN ELÁSTICA (DUCTILÍMETRO MODIFICADO) (5 °C),material,Precios Reajustados con el Dólar,UND,124.80,124.80,124.80,PEN,,
0223000967,ESTABILIDAD DE ALMACENAMIENTO (24H),material,Precios Reajustados con el Dólar,UND,134.82,134.82,134.82,PEN,,
0223000968,CUBRIMIENTO Y RESISTENCIA AL DESPLAZAMIENTO POR EL AGUA,material,Precios Reajustados con el Dólar,UND,159.33,159.33,159.33,PEN,,
0223000969,DENSIDAD A 25°C (KG/L),material,Precios Reajustados con el Dólar,UND,66.34,66.34,66.34,PEN,,
0223000970,CONTENIDO DE PIGMENTO (%) (VEHICULO),material,Precios Reajustados con el Dólar,UND,115.73,115.73,115.73,PEN,,
0223000971,VISCOCIDAD A 25°C (KU),material,Precios Reajustados con el Dólar,UND,125.07,125.07,125.07,PEN,,
0223000972,MATERIAL NO VOLATIL Y VOLATIL,material,Precios Reajustados con el Dólar,UND,110.71,110.71,110.71,PEN,,
0223000973,"FLEXIBILIDAD (MANDRIL CÓNICO 1/2"")",material,Precios Reajustados con el Dólar,UND,85.73,85.73,85.73,PEN,,
0223000974,TIEMPO DE SECADO PICK-UP (6MILS HÚMEDO A 25 °C),material,Precios Reajustados con el Dólar,UND,89.44,89.44,89.44,PEN,,
0223000975,RESISTENCIA AL AGUA (LÁMINA HUMEDA POR 18 HORAS),material,Precios Reajustados con el Dólar,UND,100.94,100.94,100.94,PEN,,
0223000976,"SOLDADURA CELLOCORD P 3/32"" E6010",material,Precios Reajustados con el Dólar,KG,16.92,16.92,16.92,PEN,,
0223000977,"SOLDADURA CELLOCORD P 1/8"" E6010",material,Precios Reajustados con el Dólar,KG,15.28,15.28,15.28,PEN,,
0223000978,"SOLDADURA CELLOCORD P 3/32"" E6011 - INDURA",material,Precios Reajustados con el Dólar,KG,13.63,13.63,13.63,PEN,,
0223000979,"SOLDADURA CELLOCORD P 1/8"" E6011 - AWS",material,Precios Reajustados con el Dólar,KG,14.20,14.20,14.20,PEN,,
0223000980,"SOLDADURA CELLOCORD P 1/8"" E6011 - INDURA",material,Precios Reajustados con el Dólar,KG,14.73,14.73,14.73,PEN,,
0223000981,"PROMASEALA Ax310ml, Blanco",material,Precios Reajustados con el Dólar,PZA,598.29,598.29,598.29,PEN,,
0223000982,"PROMASEALA AGx310ml, Gris",material,Precios Reajustados con el Dólar,PZA,1181.99,1181.99,1181.99,PEN,,
0223000983,"PROMASEALA Sx310ml, Gris",material,Precios Reajustados con el Dólar,PZA,798.94,798.94,798.94,PEN,,
0223000984,TABLERO ELECTRICO DE POLICARBONATO 8 POLOS,material,Precios Reajustados con el Dólar,PZA,38.00,38.00,38.00,PEN,,
0223000985,TABLERO ELECTRICO DE POLICARBONATO 12 POLOS,material,Precios Reajustados con el Dólar,PZA,50.16,50.16,50.16,PEN,,
0223000986,TABLERO ELECTRICO DE POLICARBONATO 18 POLOS,material,Precios Reajustados con el Dólar,PZA,71.44,71.44,71.44,PEN,,
0223000987,TABLERO ELECTRICO DE POLICARBONATO 24 POLOS,material,Precios Reajustados con el Dólar,PZA,85.12,85.12,85.12,PEN,,
0223000988,TABLERO ELECTRICO DE POLICARBONATO 36 POLOS,material,Precios Reajustados con el Dólar,PZA,124.64,124.64,124.64,PEN,,
0223000989,"TABLERO ELECTRICO RIEL DIN - TRIFASICO 100A, 12 POLOS",material,Precios Reajustados con el Dólar,PZA,345.05,345.05,345.05,PEN,,
0223000990,"TABLERO ELECTRICO RIEL DIN - TRIFASICO 100A, 18 POLOS",material,Precios Reajustados con el Dólar,PZA,410.41,410.41,410.41,PEN,,
0223000991,"TABLERO ELECTRICO RIEL DIN - TRIFASICO 100A, 24 POLOS",material,Precios Reajustados con el Dólar,PZA,477.29,477.29,477.29,PEN,,
0223000992,"TABLERO ELECTRICO RIEL DIN - TRIFASICO 100A, 30 POLOS",material,Precios Reajustados con el Dólar,PZA,551.78,551.78,551.78,PEN,,
0223000993,"TABLERO ELECTRICO RIEL DIN - TRIFASICO 100A, 36 POLOS",material,Precios Reajustados con el Dólar,PZA,618.66,618.66,618.66,PEN,,
0223000994,"TABLERO ELECTRICO GABINETE METAL BARRA COBRE TRIFASICO, 12 POLOS",material,Precios Reajustados con el Dólar,PZA,345.05,345.05,345.05,PEN,,
0223000995,"TABLERO ELECTRICO GABINETE METAL BARRA COBRE TRIFASICO, 18 POLOS",material,Precios Reajustados con el Dólar,PZA,410.41,410.41,410.41,PEN,,
0223000996,"TABLERO ELECTRICO GABINETE METAL BARRA COBRE TRIFASICO, 24 POLOS",material,Precios Reajustados con el Dólar,PZA,477.29,477.29,477.29,PEN,,
0223000997,"TABLERO ELECTRICO GABINETE METAL BARRA COBRE TRIFASICO, 30 POLOS",material,Precios Reajustados con el Dólar,PZA,551.78,551.78,551.78,PEN,,
0223000998,"TABLERO ELECTRICO GABINETE METAL BARRA COBRE TRIFASICO, 36 POLOS",material,Precios Reajustados con el Dólar,PZA,618.66,618.66,618.66,PEN,,
0223000999,"TABLERO ELECTRICO GABINETE METAL BARRA COBRE TRIFASICO, 42 POLOS",material,Precios Reajustados con el Dólar,PZA,536.58,536.58,536.58,PEN,,
0223001000,"TABLERO ELECTRICO GABINETE METAL BARRA COBRE TRIFASICO, 48 POLOS",material,Precios Reajustados con el Dólar,PZA,760.02,760.02,760.02,PEN,,
0223001001,"TABLERO ELECTRICO GABINETE METAL BARRA COBRE TRIFASICO, 54 POLOS",material,Precios Reajustados con el Dólar,PZA,825.38,825.38,825.38,PEN,,
0223001002,"TABLERO ELECTRICO GABINETE METAL BARRA COBRE TRIFASICO, 60 POLOS",material,Precios Reajustados con el Dólar,PZA,912.03,912.03,912.03,PEN,,
0223001003,"TUBO COBRE 1/2"" D.N. - 5/8"", D. EXTERNO x 6.00m",material,Precios Reajustados con el Dólar,PZA,75.05,75.05,75.05,PEN,,
0223001004,"TUBO COBRE 3/4"" D.N. - 7/8"", D. EXTERNO x 6.00m",material,Precios Reajustados con el Dólar,PZA,124.22,124.22,124.22,PEN,,
0223001005,"TUBO COBRE 1/2"" D.N. - 5/8"", D. EXTERNO x 6.00m",material,Precios Reajustados con el Dólar,PZA,100.93,100.93,100.93,PEN,,
0223001006,"TUBO COBRE 3/4"" D.N. - 7/8"", D. EXTERNO x 6.00m",material,Precios Reajustados con el Dólar,PZA,163.04,163.04,163.04,PEN,,
0223001007,"TUBO COBRE 1"" D.N. - 1 1/8"", D. EXTERNO x 6.00m",material,Precios Reajustados con el Dólar,PZA,243.26,243.26,243.26,PEN,,
0223001008,"TUBO COBRE 1 1/4"" D.N. - 1 3/8"", D. EXTERNO x 6.00m",material,Precios Reajustados con el Dólar,PZA,341.60,341.60,341.60,PEN,,
0223001009,"TUBO COBRE 1 1/2"" D.N. - 1 5/8"", D. EXTERNO x 6.00m",material,Precios Reajustados con el Dólar,PZA,450.29,450.29,450.29,PEN,,
0223001010,"TUBO COBRE 2"" D.N. - 2 1/8"", D. EXTERNO x 6.00m",material,Precios Reajustados con el Dólar,PZA,703.90,703.90,703.90,PEN,,
0223001011,"TUBO COBRE 1/2"" D.N. - 5/8"", D. EXTERNO x 6.00m",material,Precios Reajustados con el Dólar,PZA,129.39,129.39,129.39,PEN,,
0223001012,"TUBO COBRE 3/4"" D.N. - 7/8"", D. EXTERNO x 6.00m",material,Precios Reajustados con el Dólar,PZA,248.44,248.44,248.44,PEN,,
0223001013,"TUBO COBRE 1"" D.N. - 1 1/8"", D. EXTERNO x 6.00m",material,Precios Reajustados con el Dólar,PZA,326.07,326.07,326.07,PEN,,
0223001014,"TUBO COBRE 1 1/4"" D.N. - 1 3/8"", D. EXTERNO x 6.00m",material,Precios Reajustados con el Dólar,PZA,496.87,496.87,496.87,PEN,,
0223001015,"TUBO COBRE 1 1/2"" D.N. - 1 5/8"", D. EXTERNO x 6.00m",material,Precios Reajustados con el Dólar,PZA,641.79,641.79,641.79,PEN,,
0223001016,"TUBO COBRE 2"" D.N. - 2 1/8"", D. EXTERNO x 6.00m",material,Precios Reajustados con el Dólar,PZA,983.39,983.39,983.39,PEN,,
0223001017,"VENTILADOR EOLICO ALUMIIO TURBINA DE 17"", CUELLO DE 14""",material,Precios Reajustados con el Dólar,PZA,866.43,866.43,866.43,PEN,,
0223001018,"VENTILADOR EOLICO ALUMIIO TURBINA DE 17"", CUELLO DE 22""",material,Precios Reajustados con el Dólar,PZA,1459.24,1459.24,1459.24,PEN,,
0223001019,"EXTRACTOR AXIAL C/PERSIANA DE APERTURA AUTOMATICA DE 20W, MOTOR MONOFASICO",material,Precios Reajustados con el Dólar,PZA,291.85,291.85,291.85,PEN,,
0223001020,"EXTRACTOR AXIAL C/PERSIANA DE APERTURA AUTOMATICA DE 35W, MOTOR MONOFASICO",material,Precios Reajustados con el Dólar,PZA,431.69,431.69,431.69,PEN,,
0223001021,"EXTRACTOR AXIAL C/PERSIANA DE APERTURA AUTOMATICA DE 35W, MOTOR MONOFASICO 74 DB",material,Precios Reajustados con el Dólar,PZA,253.85,253.85,253.85,PEN,,
0223001022,"EXTRACTOR AXIAL C/PERSIANA DE APERTURA AUTOMATICA DE 40W, MOTOR MONOFASICO 40DB",material,Precios Reajustados con el Dólar,PZA,221.93,221.93,221.93,PEN,,
0223001023,"EXTRACTOR AXIAL C/PERSIANA DE APERTURA AUTOMATICA DE 65W, MOTOR MONOFASICO 42 DB",material,Precios Reajustados con el Dólar,PZA,246.25,246.25,246.25,PEN,,
0223001024,"EXTRACTOR AXIAL C/PERSIANA DE APERTURA AUTOMATICA DE 110W, MOTOR MONOFASICO 45 DB",material,Precios Reajustados con el Dólar,PZA,267.53,267.53,267.53,PEN,,
0224000001,GASOLINA 97 SP - ( PLANTA),material,Gasolina,GLN,18.03,18.03,18.03,PEN,,
0224000002,GASOLINA 95 SP - (PLANTA),material,Gasolina,GLN,17.26,17.26,17.26,PEN,,
0224000003,GASOLINA 90 SP - ( PLANTA),material,Gasolina,GLN,16.87,16.87,16.87,PEN,,
0224000004,GASOLINA 84 OCTANOS - ( PLANTA),material,Gasolina,GLN,15.03,15.03,15.03,PEN,,
0225000001,HORMIGON,material,Hormigón,M3,50.52,50.52,50.52,PEN,,
0226000001,"PARQUET BALSAMO OSCURO, 10mm",material,"Maderas en Tiras p/Piso, Pared, Zócalo, Listones",M2,40.85,40.85,40.85,PEN,,
0226000002,"PARQUET ALMENDRO (ANAASPI), OSCURO",material,"Maderas en Tiras p/Piso, Pared, Zócalo, Listones",M2,34.40,34.40,34.40,PEN,,
0226000003,"PARQUET ALMENDRO (ANAASPI), VETEADO",material,"Maderas en Tiras p/Piso, Pared, Zócalo, Listones",M2,34.40,34.40,34.40,PEN,,
0226000004,"PARQUET BALSAMO VETEADO, 10mm",material,"Maderas en Tiras p/Piso, Pared, Zócalo, Listones",M2,38.70,38.70,38.70,PEN,,
0226000005,"PARQUET QUILLOBORDON, 10mm",material,"Maderas en Tiras p/Piso, Pared, Zócalo, Listones",M2,31.18,31.18,31.18,PEN,,
0226000006,"PARQUET CAPIRONA, 10mm",material,"Maderas en Tiras p/Piso, Pared, Zócalo, Listones",M2,32.25,32.25,32.25,PEN,,
0226000007,"PARQUET CORI CASPI OSCURO, 10mm",material,"Maderas en Tiras p/Piso, Pared, Zócalo, Listones",M2,43.00,43.00,43.00,PEN,,
0226000008,"PARQUET CORI CASPI BLANCO, 10mm",material,"Maderas en Tiras p/Piso, Pared, Zócalo, Listones",M2,27.95,27.95,27.95,PEN,,
0226000009,"PARQUET CORI CASPI VETEADO, 10mm",material,"Maderas en Tiras p/Piso, Pared, Zócalo, Listones",M2,40.85,40.85,40.85,PEN,,
0226000010,"PARQUET GUAYACAN OSCURO ORIENTE, 10mm",material,"Maderas en Tiras p/Piso, Pared, Zócalo, Listones",M2,43.00,43.00,43.00,PEN,,
0226000011,"PARQUET GUAYACAN VETEADO ORIENTE, 10mm",material,"Maderas en Tiras p/Piso, Pared, Zócalo, Listones",M2,40.85,40.85,40.85,PEN,,
0226000012,"PARQUET PUMAQUIRO, 10mm",material,"Maderas en Tiras p/Piso, Pared, Zócalo, Listones",M2,47.30,47.30,47.30,PEN,,
0226000013,"PARQUET QUINILLA CANELO OSCURO, 10mm",material,"Maderas en Tiras p/Piso, Pared, Zócalo, Listones",M2,34.40,34.40,34.40,PEN,,
0226000014,"PARQUET QUINILLA CANELO VETEADO, 10mm",material,"Maderas en Tiras p/Piso, Pared, Zócalo, Listones",M2,34.40,34.40,34.40,PEN,,
0226000015,"PARQUET SHIHUAHUACO, 10mm",material,"Maderas en Tiras p/Piso, Pared, Zócalo, Listones",M2,30.10,30.10,30.10,PEN,,
0226000016,"ZOCALO DE MADERA PUMAQUIRO, 1/2""x 3"" C/RODON, 1/2""x 1/2""",material,"Maderas en Tiras p/Piso, Pared, Zócalo, Listones",M,13.98,13.98,13.98,PEN,,
0226000017,"ZOCALO DE MADERA PUMAQUIRO, 1/2""x 4"" C/RODON, 3/4""x 3/4""",material,"Maderas en Tiras p/Piso, Pared, Zócalo, Listones",M,17.20,17.20,17.20,PEN,,
0226000018,"ZOCALO DE MADERA PUMAQUIRO, 3/4""x 4"" C/RODON, 3/4""x 3/4""",material,"Maderas en Tiras p/Piso, Pared, Zócalo, Listones",M,23.65,23.65,23.65,PEN,,
0226000019,"ZOCALO DE MADERA CAPIRONA, 1/2""x 3"" C/RODON, 1/2""x1/2""",material,"Maderas en Tiras p/Piso, Pared, Zócalo, Listones",M,9.68,9.68,9.68,PEN,,
0226000020,"ZOCALO DE MADERA CAPIRONA, 1/2""x 4"" C/RODON, 3/4""x 3/4""",material,"Maderas en Tiras p/Piso, Pared, Zócalo, Listones",M,11.83,11.83,11.83,PEN,,
0226000021,"ZOCALO DE MADERA CAPIRONA, 3/4""x 4"" C/RODON, 3/4""x 3/4""",material,"Maderas en Tiras p/Piso, Pared, Zócalo, Listones",M,15.05,15.05,15.05,PEN,,
0226000022,"MADERA MACHIEMBRADO SHIHUAHUACO, 19mmX4""",material,"Maderas en Tiras p/Piso, Pared, Zócalo, Listones",M2,263.57,263.57,263.57,PEN,,
0226000023,"MADERA MACHIEMBRADO CAPIRONA, 19mmX4""",material,"Maderas en Tiras p/Piso, Pared, Zócalo, Listones",M2,278.21,278.21,278.21,PEN,,
0226000024,"MADERA MACHIEMBRADO PUMAQUIRO, 19mmX4""",material,"Maderas en Tiras p/Piso, Pared, Zócalo, Listones",M2,292.86,292.86,292.86,PEN,,
0226000025,"LISTONES SECO AL HORNO ALMENDRO (ANC) OSC 7x35, 7x42, 7x45",material,"Maderas en Tiras p/Piso, Pared, Zócalo, Listones",M2,62.36,62.36,62.36,PEN,,
0226000026,LISTONES SECO AL HORNO ALMENDRO (ANC) OSC 10x60,material,"Maderas en Tiras p/Piso, Pared, Zócalo, Listones",M2,77.41,77.41,77.41,PEN,,
0226000027,"LISTONES SECO AL HORNO BALSAMO OSCURO 7x35, 7x42, 7x45",material,"Maderas en Tiras p/Piso, Pared, Zócalo, Listones",M2,75.26,75.26,75.26,PEN,,
0226000028,LISTONES SECO AL HORNO BALSAMO OSCURO 10x60,material,"Maderas en Tiras p/Piso, Pared, Zócalo, Listones",M2,92.46,92.46,92.46,PEN,,
0226000029,LISTONES SECO AL HORNO BALSAMO OSCURO 10x90,material,"Maderas en Tiras p/Piso, Pared, Zócalo, Listones",M2,96.76,96.76,96.76,PEN,,
0226000030,"LISTONES SECO AL HORNO CAPIRONA 7x35, 7x42, 7x45",material,"Maderas en Tiras p/Piso, Pared, Zócalo, Listones",M2,58.06,58.06,58.06,PEN,,
0226000031,LISTONES SECO AL HORNO CAPIRONA 10x60,material,"Maderas en Tiras p/Piso, Pared, Zócalo, Listones",M2,77.41,77.41,77.41,PEN,,
0226000032,LISTONES SECO AL HORNO CAPIRONA 10x90,material,"Maderas en Tiras p/Piso, Pared, Zócalo, Listones",M2,83.86,83.86,83.86,PEN,,
0226000033,"LISTONES SECO AL HORNO CORICASPI BLANCO 7x35, 7x42, 7x45",material,"Maderas en Tiras p/Piso, Pared, Zócalo, Listones",M2,30.10,30.10,30.10,PEN,,
0226000034,"LISTONES SECO AL HORNO CORICASPI OSCURO 7x35, 7x42, 7x45",material,"Maderas en Tiras p/Piso, Pared, Zócalo, Listones",M2,68.81,68.81,68.81,PEN,,
0226000035,LISTONES SECO AL HORNO CORICASPI OSCURO 10x60,material,"Maderas en Tiras p/Piso, Pared, Zócalo, Listones",M2,92.46,92.46,92.46,PEN,,
0226000036,LISTONES SECO AL HORNO CORICASPI OSCURO 10x90,material,"Maderas en Tiras p/Piso, Pared, Zócalo, Listones",M2,96.76,96.76,96.76,PEN,,
0226000037,"LISTONES SECO AL HORNO PUMAQUIRO 7x35, 7x42, 7x45",material,"Maderas en Tiras p/Piso, Pared, Zócalo, Listones",M2,75.26,75.26,75.26,PEN,,
0226000038,LISTONES SECO AL HORNO PUMAQUIRO 10x60,material,"Maderas en Tiras p/Piso, Pared, Zócalo, Listones",M2,103.21,103.21,103.21,PEN,,
0226000039,LISTONES SECO AL HORNO PUMAQUIRO 10x90,material,"Maderas en Tiras p/Piso, Pared, Zócalo, Listones",M2,107.51,107.51,107.51,PEN,,
0226000040,"LISTONES SECO AL HORNO SHIHUAHUACO 7x35, 7x42, 7x45",material,"Maderas en Tiras p/Piso, Pared, Zócalo, Listones",M2,49.45,49.45,49.45,PEN,,
0226000041,LISTONES SECO AL HORNO SHIHUAHUACO 10x60,material,"Maderas en Tiras p/Piso, Pared, Zócalo, Listones",M2,77.41,77.41,77.41,PEN,,
0226000042,LISTONES SECO AL HORNO SHIHUAHUACO 10x90,material,"Maderas en Tiras p/Piso, Pared, Zócalo, Listones",M2,81.71,81.71,81.71,PEN,,
0227000001,MADERA TORNILLO SELECTO HASTA 12' DE LONGITUD,material,Madera Nacional Enc/Carpintería y Acabados,PIE2,8.92,8.92,8.92,PEN,,
0227000002,MADERA TORNILLO DE 16' A MAS DE LONGITUD - (Habilitado),material,Madera Nacional Enc/Carpintería y Acabados,PIE2,10.81,10.81,10.81,PEN,,
0227000003,MADERA CACHIMBO DE 13' A MAS (Habilitado),material,Madera Nacional Enc/Carpintería y Acabados,PIE2,6.31,6.31,6.31,PEN,,
0227000004,MADERA CACHIMBO 8' -10' - 12' - (Habilitado),material,Madera Nacional Enc/Carpintería y Acabados,PIE2,9.91,9.91,9.91,PEN,,
0227000005,MADERA TORNILLO SELECTO 13' - 14' - 15' - (Habilitado),material,Madera Nacional Enc/Carpintería y Acabados,PIE2,6.85,6.85,6.85,PEN,,
0227000006,MADERA TORNILLO 11' A MAS - (Habilitado),material,Madera Nacional Enc/Carpintería y Acabados,PIE2,9.73,9.73,9.73,PEN,,
0227000007,"TACOS DE MADERA DURA DE 6""x 6"" - 12""x 12""",material,Madera Nacional Enc/Carpintería y Acabados,PIE2,8.65,8.65,8.65,PEN,,
0227000008,"DURMIENTES DE MADERA DE 6"" x8""",material,Madera Nacional Enc/Carpintería y Acabados,PIE2,6.85,6.85,6.85,PEN,,
0227000009,"TRIPLAY LUPUNA 4"" x 8"" x 4mm/IND",material,Madera Nacional Enc/Carpintería y Acabados,PZA,37.04,37.04,37.04,PEN,,
0227000010,"TRIPLAY LUPUNA 4"" x 8"" x 4mm/CC",material,Madera Nacional Enc/Carpintería y Acabados,PZA,37.04,37.04,37.04,PEN,,
0227000011,"TRIPLAY LUPUNA 4"" x 8"" x 6mm/CC",material,Madera Nacional Enc/Carpintería y Acabados,PZA,52.80,52.80,52.80,PEN,,
0227000012,"TRIPLAY LUPUNA 4"" x 8"" x 8mm/CC",material,Madera Nacional Enc/Carpintería y Acabados,PZA,67.78,67.78,67.78,PEN,,
0227000013,"TRIPLAY LUPUNA 4"" x 8"" x 9mm/CC",material,Madera Nacional Enc/Carpintería y Acabados,PZA,73.29,73.29,73.29,PEN,,
0227000014,"TRIPLAY LUPUNA 4"" x 8"" x 10mm/CC",material,Madera Nacional Enc/Carpintería y Acabados,PZA,81.96,81.96,81.96,PEN,,
0227000015,"TRIPLAY LUPUNA 4"" x 8"" x 12mm/CC",material,Madera Nacional Enc/Carpintería y Acabados,PZA,94.57,94.57,94.57,PEN,,
0227000016,"TRIPLAY LUPUNA 4"" x 8"" x 15mm/CC",material,Madera Nacional Enc/Carpintería y Acabados,PZA,115.85,115.85,115.85,PEN,,
0227000017,"TRIPLAY LUPUNA 4"" x 8"" x 18mm/CC",material,Madera Nacional Enc/Carpintería y Acabados,PZA,130.82,130.82,130.82,PEN,,
0227000018,"TRIPLAY PINO FENOLICO 4"" x 8"" x 4mm",material,Madera Nacional Enc/Carpintería y Acabados,PZA,140.28,140.28,140.28,PEN,,
0227000019,"TRIPLAY FILM 02 CARAS FENOLICO 4"" x 8"" x 4mm",material,Madera Nacional Enc/Carpintería y Acabados,PZA,148.16,148.16,148.16,PEN,,
0227000020,"TRIPLAY OKUME 4"" x 8"" x 2.5mm",material,Madera Nacional Enc/Carpintería y Acabados,PZA,29.95,29.95,29.95,PEN,,
0227000021,"TRIPLAY OKUME 4"" x 8"" x 3mm",material,Madera Nacional Enc/Carpintería y Acabados,PZA,31.52,31.52,31.52,PEN,,
0227000022,"TRIPLAY CAPINURI 4"" x 8"" x 4mm/IND",material,Madera Nacional Enc/Carpintería y Acabados,PZA,34.68,34.68,34.68,PEN,,
0227000023,"TRIPLAY CAPINURI 4"" x 8"" x 4mm/CC",material,Madera Nacional Enc/Carpintería y Acabados,PZA,36.25,36.25,36.25,PEN,,
0227000024,"PISOS ESTRUCTURADOS, 10mm x 150mm x 1.8m",material,Madera Nacional Enc/Carpintería y Acabados,PZA,134.17,134.17,134.17,PEN,,
0227000025,"COLOCACION DE PISOS , SECADO Y TRASLAPADO",material,Madera Nacional Enc/Carpintería y Acabados,PIE2,1.10,1.10,1.10,PEN,,
0227000026,"VIGAS H20, 1.80m",material,Madera Nacional Enc/Carpintería y Acabados,PZA,47.29,47.29,47.29,PEN,,
0227000027,"VIGAS H20, 3.60m",material,Madera Nacional Enc/Carpintería y Acabados,PZA,48.86,48.86,48.86,PEN,,
0227000028,"VIGAS H20, 4.20m",material,Madera Nacional Enc/Carpintería y Acabados,PZA,50.44,50.44,50.44,PEN,,
0227000029,"VIGAS H20, 4.80m",material,Madera Nacional Enc/Carpintería y Acabados,PZA,52.01,52.01,52.01,PEN,,
0228000001,ARO Fo.Fdo. P/TAPA DE CONCRETO BUZON,material,Marco y Tapa Fierro Fundido,UND,169.86,169.86,169.86,PEN,,
0228000002,"MARCO Y TAPA DE FIERRO FUNDIDO 8""x 8""",material,Marco y Tapa Fierro Fundido,UND,12.36,12.36,12.36,PEN,,
0228000003,"MARCO Y TAPA DE FIERRO FUNDIDO 8""x 10""",material,Marco y Tapa Fierro Fundido,UND,15.04,15.04,15.04,PEN,,
0228000004,"MARCO Y TAPA DE FIERRO FUNDIDO 8""x 12""",material,Marco y Tapa Fierro Fundido,UND,17.14,17.14,17.14,PEN,,
0228000005,"MARCO Y TAPA DE FIERRO FUNDIDO 8""x 16""",material,Marco y Tapa Fierro Fundido,UND,20.41,20.41,20.41,PEN,,
0228000006,"MARCO Y TAPA DE FIERRO FUNDIDO 10""x 20""",material,Marco y Tapa Fierro Fundido,UND,29.83,29.83,29.83,PEN,,
0228000007,"MARCO Y TAPA DE FIERRO FUNDIDO 12""x 24""",material,Marco y Tapa Fierro Fundido,UND,35.27,35.27,35.27,PEN,,
0228000008,"MARCO Y TAPA DE FIERRO FUNDIDO 18""x 21""",material,Marco y Tapa Fierro Fundido,UND,116.20,116.20,116.20,PEN,,
0228000009,"MARCO Y TAPA DE FIERRO FUNDIDO 24""x 24""",material,Marco y Tapa Fierro Fundido,UND,203.22,203.22,203.22,PEN,,
0228000010,MARCO Y TAPA Fo.Fdo. P/MED.TIPO SEDAPAL,material,Marco y Tapa Fierro Fundido,UND,28.46,28.46,28.46,PEN,,
0228000011,MARCO Y TAPA Fo.Fdo. P/CAJA DE VALVULA,material,Marco y Tapa Fierro Fundido,UND,25.84,25.84,25.84,PEN,,
0228000012,MARCO Y TAPA Fo.Fdo. PARA DESAGUE,material,Marco y Tapa Fierro Fundido,UND,35.13,35.13,35.13,PEN,,
0228000013,"MARC.C/ T. Fo.Fdo. P/BUZ. 125 KG.x 0,60 CM",material,Marco y Tapa Fierro Fundido,UND,313.44,313.44,313.44,PEN,,
0228000014,"MARC. Fo.Fdo.C/TAPA CONCRETO P/BUZON 0,60 CM",material,Marco y Tapa Fierro Fundido,UND,326.49,326.49,326.49,PEN,,
0228000015,"MARC.Y TAPA DE Fo. Fdo. 12""x24"" ESPECIAL",material,Marco y Tapa Fierro Fundido,UND,98.80,98.80,98.80,PEN,,
0228000016,TAPA DE CONCRETO PARA BUZON DE 60CM,material,Marco y Tapa Fierro Fundido,UND,156.81,156.81,156.81,PEN,,
0229000001,"CANAL ""U"" ACERO ESTRUCTURAL A36 2""x 1"" E=2.0 mm x L=6m",material,Perfiles de Acero Liviano,PZA,20.52,20.52,20.52,PEN,,
0229000002,"CANAL ""U"" ACERO ESTRUCTURAL A36 2""x 1"" E=3.0 mm x L=6m",material,Perfiles de Acero Liviano,PZA,30.09,30.09,30.09,PEN,,
0229000003,"CANAL ""U"" ACERO ESTRUCTURAL A36 3""x1 1/2"" E=2.0 mm x L=6m",material,Perfiles de Acero Liviano,PZA,31.64,31.64,31.64,PEN,,
0229000004,"CANAL ""U"" ACERO ESTRUCTURAL A36 3""x1 1/2"" E=3.0 mm x L=6m",material,Perfiles de Acero Liviano,PZA,46.73,46.73,46.73,PEN,,
0229000005,"CANAL ""U"" ACERO ESTRUCTURAL A36 3""x1 1/2"" E=4.5 mm x L=6m",material,Perfiles de Acero Liviano,PZA,68.07,68.07,68.07,PEN,,
0229000006,"CANAL ""U"" ACERO ESTRUCTURAL A36 6""x 3"" E=4.5 mm x L=6m",material,Perfiles de Acero Liviano,PZA,144.03,144.03,144.03,PEN,,
0229000007,TUBO RECTANGULAR ACERO ESTRUCTURAL A36 80x40mm E=1.50mm L=6m,material,Perfiles de Acero Liviano,PZA,46.92,46.92,46.92,PEN,,
0229000008,TUBO RECTANGULAR ACERO ESTRUCTURAL A36 80x40mm E=2.00mm L=6m,material,Perfiles de Acero Liviano,PZA,46.58,46.58,46.58,PEN,,
0229000009,TUBO RECTANGULAR ACERO ESTRUCTURAL A36 80x40mm E=2.50mm L=6m,material,Perfiles de Acero Liviano,PZA,63.43,63.43,63.43,PEN,,
0229000010,TUBO RECTANGULAR ACERO ESTRUCTURAL A36 80x40mm E=3.00mm L=6m,material,Perfiles de Acero Liviano,PZA,70.49,70.49,70.49,PEN,,
0229000011,TUBO RECTANGULAR ACERO ESTRUCTURAL A36 100x50mm E=2.00mm L=6m,material,Perfiles de Acero Liviano,PZA,62.80,62.80,62.80,PEN,,
0229000012,TUBO RECTANGULAR ACERO ESTRUCTURAL A36 100x50mm E=2.50mm L=6m,material,Perfiles de Acero Liviano,PZA,74.57,74.57,74.57,PEN,,
0229000013,TUBO RECTANGULAR ACERO ESTRUCTURAL A36 100x50mm E=3.00mm L=6m,material,Perfiles de Acero Liviano,PZA,88.51,88.51,88.51,PEN,,
0229000014,TUBO RECTANGULAR ACERO ESTRUCTURAL A36 150x50mm E=2.00mm L=6m,material,Perfiles de Acero Liviano,PZA,83.39,83.39,83.39,PEN,,
0229000015,TUBO RECTANGULAR ACERO ESTRUCTURAL A36 150x50mm E=2.50mm L=6m,material,Perfiles de Acero Liviano,PZA,103.11,103.11,103.11,PEN,,
0229000016,TUBO RECTANGULAR ACERO ESTRUCTURAL A36 150x50mm E=3.00mm L=6m,material,Perfiles de Acero Liviano,PZA,123.11,123.11,123.11,PEN,,
0229000017,TUBO RECTANGULAR ACERO ESTRUCTURAL A36 50x25mm E=1.50mm L=6m,material,Perfiles de Acero Liviano,PZA,29.81,29.81,29.81,PEN,,
0229000018,TUBO RECTANGULAR ACERO ESTRUCTURAL A36 50x25mm E=2.00mm L=6m,material,Perfiles de Acero Liviano,PZA,32.83,32.83,32.83,PEN,,
0229000019,TUBO RECTANGULAR ACERO ESTRUCTURAL A36 50x25mm E=2.50mm L=6m,material,Perfiles de Acero Liviano,PZA,38.95,38.95,38.95,PEN,,
0229000020,TUBO RECTANGULAR ACERO ESTRUCTURAL A36 50x25mm E=3.00mm L=6m,material,Perfiles de Acero Liviano,PZA,38.38,38.38,38.38,PEN,,
0229000021,"TUBO CUADRADO ACERO ESTRUCTURAL A36 1 1/2"" ( 38mm) E=1.50mm L=6m",material,Perfiles de Acero Liviano,PZA,29.81,29.81,29.81,PEN,,
0229000022,"TUBO CUADRADO ACERO ESTRUCTURAL A36 1 1/2"" ( 38mm) E=2.00mm L=6m",material,Perfiles de Acero Liviano,PZA,29.49,29.49,29.49,PEN,,
0229000023,"TUBO CUADRADO ACERO ESTRUCTURAL A36 1 1/2"" ( 38mm) E=2.50mm L=6m",material,Perfiles de Acero Liviano,PZA,40.76,40.76,40.76,PEN,,
0229000024,"TUBO CUADRADO ACERO ESTRUCTURAL A36 1 1/2"" ( 38mm) E=3.00mm L=6m",material,Perfiles de Acero Liviano,PZA,45.79,45.79,45.79,PEN,,
0229000025,"TUBO CUADRADO ACERO ESTRUCTURAL A36 2"" (50mm) E=1.50mm L=6m",material,Perfiles de Acero Liviano,PZA,38.74,38.74,38.74,PEN,,
0229000026,"TUBO CUADRADO ACERO ESTRUCTURAL A36 2"" (50mm) E=2.00mm L=6m",material,Perfiles de Acero Liviano,PZA,40.39,40.39,40.39,PEN,,
0229000027,"TUBO CUADRADO ACERO ESTRUCTURAL A36 2"" (50mm) E=2.50mm L=6m",material,Perfiles de Acero Liviano,PZA,53.19,53.19,53.19,PEN,,
0229000028,"TUBO CUADRADO ACERO ESTRUCTURAL A36 2"" (50mm) E=3.00mm L=6m",material,Perfiles de Acero Liviano,PZA,62.90,62.90,62.90,PEN,,
0229000029,"TUBO CUADRADO ACERO ESTRUCTURAL A36 3"" (75mm) E=2.00mm L=6m",material,Perfiles de Acero Liviano,PZA,62.65,62.65,62.65,PEN,,
0229000030,"TUBO CUADRADO ACERO ESTRUCTURAL A36 3"" (75mm) E=2.50mm L=6m",material,Perfiles de Acero Liviano,PZA,77.35,77.35,77.35,PEN,,
0229000031,"TUBO CUADRADO ACERO ESTRUCTURAL A36 3"" (75mm) E=3.00mm L=6m",material,Perfiles de Acero Liviano,PZA,91.83,91.83,91.83,PEN,,
0229000032,"TUBO CUADRADO ACERO ESTRUCTURAL A36 4"" (100mm) E=2.00mm L=6m",material,Perfiles de Acero Liviano,PZA,84.41,84.41,84.41,PEN,,
0229000033,"TUBO CUADRADO ACERO ESTRUCTURAL A36 4"" (100mm) E=2.50mm L=6m",material,Perfiles de Acero Liviano,PZA,104.62,104.62,104.62,PEN,,
0229000034,"TUBO CUADRADO ACERO ESTRUCTURAL A36 4"" (100mm) E=3.00mm L=6m",material,Perfiles de Acero Liviano,PZA,124.62,124.62,124.62,PEN,,
0229000035,"TUBO REDONDO ACERO ESTRUCTURAL A36 1 1/2""x 48mm E=41.50mm L=6m",material,Perfiles de Acero Liviano,PZA,29.81,29.81,29.81,PEN,,
0229000036,"TUBO REDONDO ACERO ESTRUCTURAL A36 1 1/2""x 48mm E=2.00mm L=6m",material,Perfiles de Acero Liviano,PZA,29.51,29.51,29.51,PEN,,
0229000037,"TUBO REDONDO ACERO ESTRUCTURAL A36 1 1/2""x 48mm E=2.50mm L=6m",material,Perfiles de Acero Liviano,PZA,22.75,22.75,22.75,PEN,,
0229000038,"TUBO REDONDO ACERO ESTRUCTURAL A36 1 1/2""x 48mm E=3.00mm L=6m",material,Perfiles de Acero Liviano,PZA,37.36,37.36,37.36,PEN,,
0229000039,"TUBO REDONDO ACERO ESTRUCTURAL A36 2""x 60mm E=2.00mm L=6m",material,Perfiles de Acero Liviano,PZA,35.40,35.40,35.40,PEN,,
0229000040,"TUBO REDONDO ACERO ESTRUCTURAL A36 2""x 60mm E=2.50mm L=6m",material,Perfiles de Acero Liviano,PZA,47.15,47.15,47.15,PEN,,
0229000041,"TUBO REDONDO ACERO ESTRUCTURAL A36 2""x 60mm E=3.00mm L=6m",material,Perfiles de Acero Liviano,PZA,54.74,54.74,54.74,PEN,,
0229000042,"TUBO REDONDO ACERO ESTRUCTURAL A36 2 1/2""x 76mm E=2.00mm L=6m",material,Perfiles de Acero Liviano,PZA,45.18,45.18,45.18,PEN,,
0229000043,"TUBO REDONDO ACERO ESTRUCTURAL A36 2 1/2""x 76mm E=2.50mm L=6m",material,Perfiles de Acero Liviano,PZA,55.65,55.65,55.65,PEN,,
0229000044,"TUBO REDONDO ACERO ESTRUCTURAL A36 2 1/2""x 76mm E=3.00mm L=6m",material,Perfiles de Acero Liviano,PZA,65.39,65.39,65.39,PEN,,
0229000045,"TUBO REDONDO ACERO ESTRUCTURAL A36 3""x 88mm E=2.00mm L=6m",material,Perfiles de Acero Liviano,PZA,53.25,53.25,53.25,PEN,,
0229000046,"TUBO REDONDO ACERO ESTRUCTURAL A36 3""x 88mm E=2.50mm L=6m",material,Perfiles de Acero Liviano,PZA,67.41,67.41,67.41,PEN,,
0229000047,"TUBO REDONDO ACERO ESTRUCTURAL A36 3""x 88mm E=3.00mm L=6m",material,Perfiles de Acero Liviano,PZA,80.48,80.48,80.48,PEN,,
0229000048,"TUBO REDONDO ACERO ESTRUCTURAL A36 4""x114mm E=2.50mm L=6m",material,Perfiles de Acero Liviano,PZA,71.53,71.53,71.53,PEN,,
0229000049,"TUBO REDONDO ACERO ESTRUCTURAL A36 4""x114mm E=3.00mm L=6m",material,Perfiles de Acero Liviano,PZA,88.92,88.92,88.92,PEN,,
0229000050,"TUBO REDONDO ACERO ESTRUCTURAL A36 4""x114mm E=4.50mm L=6m",material,Perfiles de Acero Liviano,PZA,106.20,106.20,106.20,PEN,,
0229000051,"CANAL ""U"" ACERO ESTRUCTURAL A36 2""x 1"" E=2.5 mm x L=6m",material,Perfiles de Acero Liviano,PZA,25.37,25.37,25.37,PEN,,
0229000052,"CANAL ""U"" ACERO ESTRUCTURAL A36 3""x1.1/2"" E=2.5 mm x L=6m",material,Perfiles de Acero Liviano,PZA,36.38,36.38,36.38,PEN,,
0229000053,"CANAL ""U"" ACERO ESTRUCTURAL A36 4""x 2"" E=2.0 mm x L=6m",material,Perfiles de Acero Liviano,PZA,42.75,42.75,42.75,PEN,,
0229000054,"CANAL ""U"" ACERO ESTRUCTURAL A36 4""x 2"" E=2.5 mm x L=6m",material,Perfiles de Acero Liviano,PZA,53.13,53.13,53.13,PEN,,
0229000055,"CANAL ""U"" ACERO ESTRUCTURAL A36 4""x 2"" E=3.0 mm x L=6m",material,Perfiles de Acero Liviano,PZA,63.37,63.37,63.37,PEN,,
0229000056,"CANAL ""U"" ACERO ESTRUCTURAL A36 4""x 2"" E=4.5 mm x L=6m",material,Perfiles de Acero Liviano,PZA,93.04,93.04,93.04,PEN,,
0229000057,"CANAL ""U"" ACERO ESTRUCTURAL A36 6""x 2"" E=2.0 mm x L=6m",material,Perfiles de Acero Liviano,PZA,54.06,54.06,54.06,PEN,,
0229000058,"CANAL ""U"" ACERO ESTRUCTURAL A36 6""x 2"" E=2.5 mm x L=6m",material,Perfiles de Acero Liviano,PZA,66.73,66.73,66.73,PEN,,
0229000059,"CANAL ""U"" ACERO ESTRUCTURAL A36 6""x 2"" E=3.0 mm x L=6m",material,Perfiles de Acero Liviano,PZA,80.37,80.37,80.37,PEN,,
0229000060,"CANAL ""U"" ACERO ESTRUCTURAL A36 6""x 2"" E=4.5 mm x L=6m",material,Perfiles de Acero Liviano,PZA,118.08,118.08,118.08,PEN,,
0229000061,"CANAL ""U"" ACERO ESTRUCTURAL A36 6""x 3"" E=2.0 mm x L=6m",material,Perfiles de Acero Liviano,PZA,65.39,65.39,65.39,PEN,,
0229000062,"CANAL ""U"" ACERO ESTRUCTURAL A36 6""x 3"" E=2.5 mm x L=6m",material,Perfiles de Acero Liviano,PZA,81.46,81.46,81.46,PEN,,
0229000063,"CANAL ""U"" ACERO ESTRUCTURAL A36 6""x 3"" E=3.0 mm x L=6m",material,Perfiles de Acero Liviano,PZA,97.06,97.06,97.06,PEN,,
0229000064,"CANAL ""U"" ACERO ESTRUCTURAL A36 8""x 2"" E=3.0 mm x L=6m",material,Perfiles de Acero Liviano,PZA,97.06,97.06,97.06,PEN,,
0229000065,"CANAL ""U"" ACERO ESTRUCTURAL A36 8""x 2"" E=4.5 mm x L=6m",material,Perfiles de Acero Liviano,PZA,142.75,142.75,142.75,PEN,,
0229000066,"CANAL ""U"" ACERO ESTRUCTURAL A36 10""x 2"" E=3.0 mm x L=6m",material,Perfiles de Acero Liviano,PZA,114.04,114.04,114.04,PEN,,
0229000067,"CANAL ""U"" ACERO ESTRUCTURAL A36 10""x 2"" E=4.5 mm x L=6m",material,Perfiles de Acero Liviano,PZA,172.53,172.53,172.53,PEN,,
0229000068,"CANAL ""U"" ACERO ESTRUCTURAL A36 12""x 2"" E=3.0 mm x L=6m",material,Perfiles de Acero Liviano,PZA,131.04,131.04,131.04,PEN,,
0229000069,"CANAL ""U"" ACERO ESTRUCTURAL A36 12""x 2"" E=4.5 mm x L=6m",material,Perfiles de Acero Liviano,PZA,194.53,194.53,194.53,PEN,,
0229000070,"TUBO REDONDO ACERO ESTRUCTURAL A36 2""x 60mm E=1.50mm L=6m",material,Perfiles de Acero Liviano,PZA,37.19,37.19,37.19,PEN,,
0229000071,"PLANCHA , PLACA GYPLAC ST 1220x2440x9.5mm",material,Perfiles de Acero Liviano,PZA,37.23,37.23,37.23,PEN,,
0229000072,"PLANCHA , PLACA GYPLAC ST 1220x2440x12.7mm",material,Perfiles de Acero Liviano,PZA,38.93,38.93,38.93,PEN,,
0229000073,"PLANCHA , PLACA GYPLAC ST 1220x2440x15.9mm",material,Perfiles de Acero Liviano,PZA,54.89,54.89,54.89,PEN,,
0229000074,"PLANCHA , PLACA GYPLAC RH 1220x2440x12.7mm",material,Perfiles de Acero Liviano,PZA,52.94,52.94,52.94,PEN,,
0229000075,"PLANCHA , PLACA GYPLAC RH 1220x2440x15.9mm",material,Perfiles de Acero Liviano,PZA,57.05,57.05,57.05,PEN,,
0229000076,"PLANCHA , PLACA GYPLAC RF 1220x2440x12.7mm",material,Perfiles de Acero Liviano,PZA,52.66,52.66,52.66,PEN,,
0229000077,"PLANCHA , PLACA GYPLAC RF 1220x2440x15.9mm",material,Perfiles de Acero Liviano,PZA,57.38,57.38,57.38,PEN,,
0229000078,"LANA DE VIDRIO, 50mm x 1.20m x 12m, 2""",material,Perfiles de Acero Liviano,RLL,113.97,113.97,113.97,PEN,,
0229000079,"LANA DE VIDRIO, 65mm x 1.20m x 12m, 2 1/2""",material,Perfiles de Acero Liviano,RLL,148.16,148.16,148.16,PEN,,
0229000080,"LANA DE VIDRIO, 90mm x 1.20m x 12m, 3 1/2""",material,Perfiles de Acero Liviano,RLL,170.99,170.99,170.99,PEN,,
0229000081,"LANA DE VIDRIO, 90mm x 1.20m x 12m, 3 1/2""",material,Perfiles de Acero Liviano,RLL,74.71,74.71,74.71,PEN,,
0229000082,"PARANTES 89X38 E= 0.90, L= 1.00",material,Perfiles de Acero Liviano,UND,29.70,29.70,29.70,PEN,,
0229000083,"PARANTES 89X38 E= 0.90, L= 2.44",material,Perfiles de Acero Liviano,UND,24.27,24.27,24.27,PEN,,
0229000084,"PARANTES 89X38 E= 0.90, L= 3.00",material,Perfiles de Acero Liviano,UND,58.75,58.75,58.75,PEN,,
0229000085,"PARANTES 89X38 E= 0.45, L= 1.00",material,Perfiles de Acero Liviano,UND,23.91,23.91,23.91,PEN,,
0229000086,"PARANTES 89X38 E= 0.45, L= 2.44",material,Perfiles de Acero Liviano,UND,23.91,23.91,23.91,PEN,,
0229000087,"PARANTES 89X38 E= 0.45, L= 3.00",material,Perfiles de Acero Liviano,UND,23.91,23.91,23.91,PEN,,
0229000088,"PARANTES 38X38 E= 0.90, L= 1.00",material,Perfiles de Acero Liviano,UND,21.04,21.04,21.04,PEN,,
0229000089,"PARANTES 38X38 E= 0.90, L= 2.44",material,Perfiles de Acero Liviano,UND,21.04,21.04,21.04,PEN,,
0229000090,"PARANTES 38X38 E= 0.90, L= 3.00",material,Perfiles de Acero Liviano,UND,21.04,21.04,21.04,PEN,,
0229000091,"PARANTES 38X38 E= 0.45, L= 1.00",material,Perfiles de Acero Liviano,UND,21.04,21.04,21.04,PEN,,
0229000092,"PARANTES 38X38 E= 0.45, L= 2.44",material,Perfiles de Acero Liviano,UND,21.04,21.04,21.04,PEN,,
0229000093,"PARANTES 38X38 E= 0.45, L= 3.00",material,Perfiles de Acero Liviano,UND,21.04,21.04,21.04,PEN,,
0229000094,"PARANTES 64X38 E= 0.90, L= 1.00",material,Perfiles de Acero Liviano,UND,25.34,25.34,25.34,PEN,,
0229000095,"PARANTES 64X38 E= 0.90, L= 2.44",material,Perfiles de Acero Liviano,UND,23.07,23.07,23.07,PEN,,
0229000096,"PARANTES 64X38 E= 0.90, L= 3.00",material,Perfiles de Acero Liviano,UND,51.16,51.16,51.16,PEN,,
0229000097,"PARANTES 64X38 E= 0.45, L= 1.00",material,Perfiles de Acero Liviano,UND,51.16,51.16,51.16,PEN,,
0229000098,"PARANTES 64X38 E= 0.45, L= 2.44",material,Perfiles de Acero Liviano,UND,51.16,51.16,51.16,PEN,,
0229000099,"PARANTES 64X38 E= 0.45, L= 3.00",material,Perfiles de Acero Liviano,UND,51.16,51.16,51.16,PEN,,
0229000100,"PARANTES 64X38 E= 1.09, L= 1.00",material,Perfiles de Acero Liviano,UND,51.16,51.16,51.16,PEN,,
0229000101,"RIELES 38X25 E= 0.45, L= 3.00",material,Perfiles de Acero Liviano,UND,14.76,14.76,14.76,PEN,,
0229000102,"RIELES 38X25 E= 0.90, L= 3.00",material,Perfiles de Acero Liviano,UND,14.76,14.76,14.76,PEN,,
0229000103,"RIELES 38X25 E= 0.90, L= 2.44",material,Perfiles de Acero Liviano,UND,14.76,14.76,14.76,PEN,,
0229000104,"RIELES 38X25 E= 0.90, L= 1.00",material,Perfiles de Acero Liviano,UND,14.76,14.76,14.76,PEN,,
0229000105,"RIELES 65X25 E= 0.45, L= 3.00",material,Perfiles de Acero Liviano,UND,19.13,19.13,19.13,PEN,,
0229000106,"RIELES 65X25 E= 0.45, L= 2.44",material,Perfiles de Acero Liviano,UND,19.13,19.13,19.13,PEN,,
0229000107,"RIELES 65X25 E= 0.45, L= 1.00",material,Perfiles de Acero Liviano,UND,19.13,19.13,19.13,PEN,,
0229000108,"RIELES 65X25 E= 0.90, L= 3.00",material,Perfiles de Acero Liviano,UND,19.13,19.13,19.13,PEN,,
0229000109,"RIELES 65X25 E= 0.90, L= 2.44",material,Perfiles de Acero Liviano,UND,19.13,19.13,19.13,PEN,,
0229000110,"RIELES 65X25 E= 0.90, L= 1.00",material,Perfiles de Acero Liviano,UND,19.13,19.13,19.13,PEN,,
0229000111,"RIELES 90X25 E= 0.45, L= 3.00",material,Perfiles de Acero Liviano,UND,23.43,23.43,23.43,PEN,,
0229000112,"RIELES 90X25 E= 0.90, L= 3.00",material,Perfiles de Acero Liviano,UND,23.43,23.43,23.43,PEN,,
0229000113,"RIELES 90X25 E= 0.90, L= 2.44",material,Perfiles de Acero Liviano,UND,23.43,23.43,23.43,PEN,,
0229000114,"RIELES 90X25 E= 0.90, L= 1.00",material,Perfiles de Acero Liviano,UND,23.43,23.43,23.43,PEN,,
0229000115,"RIELES 90X50 E= 0.90, L= 3.00",material,Perfiles de Acero Liviano,UND,38.67,38.67,38.67,PEN,,
0229000116,"RIELES 90X50* E= 0.90, L= 2.44",material,Perfiles de Acero Liviano,UND,38.67,38.67,38.67,PEN,,
0229000117,"RIELES 90X50* E= 0.90, L= 1.00",material,Perfiles de Acero Liviano,UND,38.67,38.67,38.67,PEN,,
0229000118,"RIELES 102X25* E= 0.90, L= 1.00",material,Perfiles de Acero Liviano,UND,46.56,46.56,46.56,PEN,,
0229000119,"RIELES 102X25* E= 0.90, L= 3.00",material,Perfiles de Acero Liviano,UND,46.56,46.56,46.56,PEN,,
0229000120,"ESQUINERO 30x30mm, E= 0.30mm, L= 2.44m",material,Perfiles de Acero Liviano,UND,8.85,8.85,8.85,PEN,,
0229000121,"ESQUINERO 30x30mm, E= 0.30mm, L= 3.00m",material,Perfiles de Acero Liviano,UND,12.55,12.55,12.55,PEN,,
0229000122,"CINTA DE PAPEL CONSTRUTEK 2""x250'",material,Perfiles de Acero Liviano,RLL,9.56,9.56,9.56,PEN,,
0229000123,"CINTA DE PAPEL CONSTRUTEK 2""x500'",material,Perfiles de Acero Liviano,RLL,17.33,17.33,17.33,PEN,,
0229000124,"CINTA DE MALLA CONSTRUTEK 2 1/2""x300'",material,Perfiles de Acero Liviano,RLL,21.04,21.04,21.04,PEN,,
0229000125,"CINTA DE MALLA CONSTRUTEK 2 1/16""x100'",material,Perfiles de Acero Liviano,RLL,32.27,32.27,32.27,PEN,,
0229000126,MASILLA CONSTRUTEK BALDE - (27kg),material,Perfiles de Acero Liviano,BLD,102.50,102.50,102.50,PEN,,
0229000127,MASILLA CONSTRUTEK CAJA - (20kg),material,Perfiles de Acero Liviano,CJA,56.36,56.36,56.36,PEN,,
0229000128,MASILLA CONSTRUTEK BOLSA - (5kg),material,Perfiles de Acero Liviano,BLS,17.27,17.27,17.27,PEN,,
0230000001,"TAMBOR PERA 60mm, CR30-301 NIKELADO, MARCA HERRAYMA",material,Acero Galvanizado,PZA,45.32,45.32,45.32,PEN,,
0230000002,"TAMBOR PERA 60mm, ALTA SEGURIDAD 30-301 NIKELADO, MARCA HERRAYMA",material,Acero Galvanizado,PZA,27.78,27.78,27.78,PEN,,
0230000003,"TAMBOR PERA 60mm, 9500.60 BRONCE MATE, MARCA HERRAYMA",material,Acero Galvanizado,PZA,32.14,32.14,32.14,PEN,,
0230000004,"TAMBOR PERA 70mm, ALTA SEGURIDAD 9850-70 BRONCE MATE, MARCA HERRAYMA",material,Acero Galvanizado,PZA,57.62,57.62,57.62,PEN,,
0230000005,"TAMBOR PERA 70mm, ALTA SEGURIDAD 9850-70 CROMO MATE, MARCA HERRAYMA",material,Acero Galvanizado,PZA,56.28,56.28,56.28,PEN,,
0230000006,"TAMBOR PERA 100mm, ALTA SEGURIDAD 9850-100 BRONCE MATE, MARCA HERRAYMA",material,Acero Galvanizado,PZA,72.79,72.79,72.79,PEN,,
0230000007,"TAMBOR PERA 62mm, CR1052 CROMO MATE, MARCA YALE",material,Acero Galvanizado,PZA,35.62,35.62,35.62,PEN,,
0230000008,"ALAMBRE DE ACERO GALVANIZADO N° 8, MARCA PRODAC",material,Acero Galvanizado,KG,6.37,6.37,6.37,PEN,,
0230000009,"ALAMBRE DE ACERO GALVANIZADO N° 10, MARCA PRODAC",material,Acero Galvanizado,KG,6.37,6.37,6.37,PEN,,
0230000010,"ALAMBRE DE ACERO GALVANIZADO N° 12, MARCA PRODAC",material,Acero Galvanizado,KG,6.50,6.50,6.50,PEN,,
0230000011,"ALAMBRE DE ACERO GALVANIZADO N° 14, MARCA PRODAC",material,Acero Galvanizado,KG,6.88,6.88,6.88,PEN,,
0230000012,"ALAMBRE DE ACERO GALVANIZADO N° 16, MARCA PRODAC",material,Acero Galvanizado,KG,7.75,7.75,7.75,PEN,,
0230000013,"ALAMBRE DE ACERO GALVANIZADO N° 18, MARCA PRODAC",material,Acero Galvanizado,KG,8.29,8.29,8.29,PEN,,
0230000014,"ALAMBRE DE ACERO GALVANIZADO N° 16 CON PUAS, MARCA PRODAC - (Rollo 200m)",material,Acero Galvanizado,UND,57.47,57.47,57.47,PEN,,
0230000015,"TUBO ACERO GALVANIZADO STANDART TIPO ISO, 1/2"" x 6.40m",material,Acero Galvanizado,PZA,41.65,41.65,41.65,PEN,,
0230000016,"TUBO ACERO GALVANIZADO STANDART TIPO ISO, 3/4"" x 6.40m",material,Acero Galvanizado,PZA,52.08,52.08,52.08,PEN,,
0230000017,"TUBO ACERO GALVANIZADO STANDART TIPO ISO, 1"" x 6.40m",material,Acero Galvanizado,PZA,65.80,65.80,65.80,PEN,,
0230000018,"TUBO ACERO GALVANIZADO STANDART TIPO ISO, 1 1/2"" x 6.40m",material,Acero Galvanizado,PZA,124.77,124.77,124.77,PEN,,
0230000019,"TUBO ACERO GALVANIZADO STANDART TIPO ISO, 2"" x 6.40m",material,Acero Galvanizado,PZA,174.42,174.42,174.42,PEN,,
0230000020,"TUBO ACERO GALVANIZADO STANDART TIPO ISO, 2 1/2"" x 6.40m",material,Acero Galvanizado,PZA,187.43,187.43,187.43,PEN,,
0230000021,"TUBO ACERO GALVANIZADO STANDART TIPO ISO, 3"" x 6.40m",material,Acero Galvanizado,PZA,325.10,325.10,325.10,PEN,,
0230000022,"NIPLE ACERO GALVANIZADO TIPO ISO, 1"" x 1 1/2""",material,Acero Galvanizado,PZA,2.03,2.03,2.03,PEN,,
0230000023,"NIPLE ACERO GALVANIZADO TIPO ISO, 1 1/4"" x 1 1/2""",material,Acero Galvanizado,PZA,2.88,2.88,2.88,PEN,,
0230000024,"NIPLE ACERO GALVANIZADO TIPO ISO, 1"" x 2""",material,Acero Galvanizado,PZA,2.62,2.62,2.62,PEN,,
0230000025,"NIPLE ACERO GALVANIZADO TIPO ISO, 2"" x 2 1/2""",material,Acero Galvanizado,PZA,5.98,5.98,5.98,PEN,,
0230000026,"NIPLE ACERO GALVANIZADO TIPO ISO, 2 1/2"" x 3""",material,Acero Galvanizado,PZA,13.66,13.66,13.66,PEN,,
0230000027,"CODO ACERO GALVANIZADO TIPO ISO, 1/2"" x 45°",material,Acero Galvanizado,PZA,2.69,2.69,2.69,PEN,,
0230000028,"CODO ACERO GALVANIZADO TIPO ISO, 1 1/2"" x 45°",material,Acero Galvanizado,PZA,13.66,13.66,13.66,PEN,,
0230000029,"CODO ACERO GALVANIZADO TIPO ISO, 2"" x 45°",material,Acero Galvanizado,PZA,19.71,19.71,19.71,PEN,,
0230000030,"CODO ACERO GALVANIZADO TIPO ISO, 1/2"" x 90°",material,Acero Galvanizado,PZA,2.38,2.38,2.38,PEN,,
0230000031,"CODO ACERO GALVANIZADO TIPO ISO, 3/4"" x 90°",material,Acero Galvanizado,PZA,3.26,3.26,3.26,PEN,,
0230000032,"CODO ACERO GALVANIZADO TIPO ISO, 1"" x 90°",material,Acero Galvanizado,PZA,5.64,5.64,5.64,PEN,,
0230000033,"CODO ACERO GALVANIZADO TIPO ISO, 1 1/4"" x 90°",material,Acero Galvanizado,PZA,8.65,8.65,8.65,PEN,,
0230000034,"CODO ACERO GALVANIZADO TIPO ISO, 1 1/2"" x 90°",material,Acero Galvanizado,PZA,11.78,11.78,11.78,PEN,,
0230000035,"CODO ACERO GALVANIZADO TIPO ISO, 2"" x 90°",material,Acero Galvanizado,PZA,17.55,17.55,17.55,PEN,,
0230000036,"CODO ACERO GALVANIZADO TIPO ISO, 2 1/2"" x 90°",material,Acero Galvanizado,PZA,32.97,32.97,32.97,PEN,,
0230000037,"CODO ACERO GALVANIZADO TIPO ISO, 3"" x 90°",material,Acero Galvanizado,PZA,49.14,49.14,49.14,PEN,,
0230000038,"TEE ACERO GALVANIZADO TIPO ISO, 1/2""",material,Acero Galvanizado,PZA,2.95,2.95,2.95,PEN,,
0230000039,"TEE ACERO GALVANIZADO TIPO ISO, 3/4""",material,Acero Galvanizado,PZA,4.45,4.45,4.45,PEN,,
0230000040,"TEE ACERO GALVANIZADO TIPO ISO, 1""",material,Acero Galvanizado,PZA,8.27,8.27,8.27,PEN,,
0230000041,"TEE ACERO GALVANIZADO TIPO ISO, 1 1/4""",material,Acero Galvanizado,PZA,13.91,13.91,13.91,PEN,,
0230000042,"TEE ACERO GALVANIZADO TIPO ISO, 2""",material,Acero Galvanizado,PZA,26.95,26.95,26.95,PEN,,
0230000043,"TEE ACERO GALVANIZADO TIPO ISO, 2 1/2""",material,Acero Galvanizado,PZA,42.03,42.03,42.03,PEN,,
0230000044,"UNION SIMPLE ACERO GALVANIZADO TIPO ISO, 1/2""",material,Acero Galvanizado,PZA,2.54,2.54,2.54,PEN,,
0230000045,"UNION SIMPLE ACERO GALVANIZADO TIPO ISO, 3/4""",material,Acero Galvanizado,PZA,3.10,3.10,3.10,PEN,,
0230000046,"UNION SIMPLE ACERO GALVANIZADO TIPO ISO, 1""",material,Acero Galvanizado,PZA,4.26,4.26,4.26,PEN,,
0230000047,"UNION SIMPLE ACERO GALVANIZADO TIPO ISO, 1 1/4""",material,Acero Galvanizado,PZA,5.03,5.03,5.03,PEN,,
0230000048,"UNION SIMPLE ACERO GALVANIZADO TIPO ISO, 1 1/2""",material,Acero Galvanizado,PZA,7.46,7.46,7.46,PEN,,
0230000049,"UNION SIMPLE ACERO GALVANIZADO TIPO ISO, 2""",material,Acero Galvanizado,PZA,11.22,11.22,11.22,PEN,,
0230000050,"UNION UNIVERSAL ACERO GALVANIZADO TIPO ISO, 1/2""",material,Acero Galvanizado,PZA,11.78,11.78,11.78,PEN,,
0230000051,"UNION UNIVERSAL ACERO GALVANIZADO TIPO ISO, 3/4""",material,Acero Galvanizado,PZA,11.40,11.40,11.40,PEN,,
0230000052,"UNION UNIVERSAL ACERO GALVANIZADO TIPO ISO, 1""",material,Acero Galvanizado,PZA,17.68,17.68,17.68,PEN,,
0230000053,"UNION UNIVERSAL ACERO GALVANIZADO TIPO ISO, 1 1/4""",material,Acero Galvanizado,PZA,24.62,24.62,24.62,PEN,,
0230000054,"UNION UNIVERSAL ACERO GALVANIZADO TIPO ISO, 1 1/2""",material,Acero Galvanizado,PZA,31.39,31.39,31.39,PEN,,
0230000055,"UNION UNIVERSAL ACERO GALVANIZADO TIPO ISO, 2""",material,Acero Galvanizado,PZA,47.01,47.01,47.01,PEN,,
0230000056,"UNION UNIVERSAL ACERO GALVANIZADO TIPO ISO, 2 1/2""",material,Acero Galvanizado,PZA,92.37,92.37,92.37,PEN,,
0230000057,"UNION UNIVERSAL ACERO GALVANIZADO TIPO ISO, 3""",material,Acero Galvanizado,PZA,109.08,109.08,109.08,PEN,,
0231000001,DIESEL B5,material,Petróleo,GLN,12.94,12.94,12.94,PEN,,
0231000002,PET. INDUSTRIAL 6,material,Petróleo,GLN,9.03,9.03,9.03,PEN,,
0231000003,PETROLEO INDUSTRIAL 500,material,Petróleo,GLN,9.27,9.27,9.27,PEN,,
0232000001,PINTURA ESMALTE SINTETICO STANDART,material,Pinturas,GLN,60.46,60.46,60.46,PEN,,
0232000002,"PINTURA OLEO, OLEMATE BLANCO STANDART",material,Pinturas,GLN,60.96,60.96,60.96,PEN,,
0232000003,PINTURA LATEX VINILICA,material,Pinturas,GLN,57.36,57.36,57.36,PEN,,
0232000004,PINTURA LATEX ARQUITEX,material,Pinturas,GLN,54.63,54.63,54.63,PEN,,
0232000005,PINTURA LATEX ADVANCE,material,Pinturas,GLN,59.43,59.43,59.43,PEN,,
0232000006,PINTURA LATEX PIZARRA,material,Pinturas,GLN,60.96,60.96,60.96,PEN,,
0232000007,PINTURA LATEX KEM,material,Pinturas,GLN,34.33,34.33,34.33,PEN,,
0232000008,PINTURA LATEX EXCELLO,material,Pinturas,GLN,26.60,26.60,26.60,PEN,,
0232000009,PINTURA LATEX DURA-VINIL,material,Pinturas,GLN,17.16,17.16,17.16,PEN,,
0232000010,"PINTURA ANTICORROSIVO STANDART ( Negro, Gris, Rojo, Oxido)",material,Pinturas,GLN,53.34,53.34,53.34,PEN,,
0232000011,PINTURA BARNIZ TRANSPARENTE,material,Pinturas,GLN,64.00,64.00,64.00,PEN,,
0232000012,PINTURA TRAFICO DARCOLOR AMARILLA,material,Pinturas,GLN,84.61,84.61,84.61,PEN,,
0232000013,PINTURA TRAFICO DARCOLOR BLANCA,material,Pinturas,GLN,84.61,84.61,84.61,PEN,,
0232000014,PINTURA TRAFICO VENCEDOR BLANCA/VERDE,material,Pinturas,GLN,102.67,102.67,102.67,PEN,,
0232000015,PINTURA TRAFICO VENCEDOR NEGRA,material,Pinturas,GLN,80.05,80.05,80.05,PEN,,
0232000016,PINTURA TRAFICO ESP.BLANCA TTP-115E,material,Pinturas,GLN,109.70,109.70,109.70,PEN,,
0232000017,PINTURA TRAFICO ESP.AMARILLA TTP-115E,material,Pinturas,GLN,109.70,109.70,109.70,PEN,,
0232000018,PASTA MURAL,material,Pinturas,GLN,35.82,35.82,35.82,PEN,,
0232000019,SELLADOR DE MUROS,material,Pinturas,GLN,32.01,32.01,32.01,PEN,,
0232000020,LACA SELLADORA P/MADERA ACABADA C/LACA,material,Pinturas,GLN,67.06,67.06,67.06,PEN,,
0232000021,LACA ALA PIROXILINA OPEX L-3,material,Pinturas,GLN,68.59,68.59,68.59,PEN,,
0232000022,LACA CRYSTAL,material,Pinturas,GLN,72.38,72.38,72.38,PEN,,
0232000023,LACA SEALER MATE,material,Pinturas,GLN,72.38,72.38,72.38,PEN,,
0232000024,MASILLA PARA MADERA,material,Pinturas,GLN,64.00,64.00,64.00,PEN,,
0232000025,BASE PARA MADERA,material,Pinturas,GLN,64.00,64.00,64.00,PEN,,
0233000001,"CALAMINA 0,22x830x1800mm",material,Plancha de Acero LAC,T.M.,2351.59,2351.59,2351.59,PEN,,
0233000002,"CALAMINA 0,22x830x3600mm",material,Plancha de Acero LAC,T.M.,2351.59,2351.59,2351.59,PEN,,
0233000003,"CALAMINA 0,25x830x1800mm",material,Plancha de Acero LAC,T.M.,2351.59,2351.59,2351.59,PEN,,
0233000004,"CALAMINA 0,25x830x3600mm",material,Plancha de Acero LAC,T.M.,2351.59,2351.59,2351.59,PEN,,
0233000005,"CALAMINA 0,27x830x1800mm",material,Plancha de Acero LAC,T.M.,2307.22,2307.22,2307.22,PEN,,
0233000006,"CALAMINA 0,30x830x1800mm",material,Plancha de Acero LAC,T.M.,2307.22,2307.22,2307.22,PEN,,
0233000007,"CALAMINA 0,60x830x3600mm",material,Plancha de Acero LAC,T.M.,2307.22,2307.22,2307.22,PEN,,
0233000008,"BARRAS CUADRADAS LAC 9,00M",material,Plancha de Acero LAC,T.M.,879.72,879.72,879.72,PEN,,
0233000009,"BARRAS CUADRADAS LAC 12,00M",material,Plancha de Acero LAC,T.M.,879.72,879.72,879.72,PEN,,
0233000010,"BARRAS CUADRADAS LAC 15,00M",material,Plancha de Acero LAC,T.M.,879.72,879.72,879.72,PEN,,
0233000011,"BARRAS CUADRADAS LAC 3/4""",material,Plancha de Acero LAC,T.M.,879.72,879.72,879.72,PEN,,
0233000012,"BARRAS CUADRADAS LAC 1""",material,Plancha de Acero LAC,T.M.,879.72,879.72,879.72,PEN,,
0234000001,"TEJA PIZARRA CLS, 4mmx0.20x0.40m (Azul, Barro, Negra)",material,Plancha Fibrocemento,M2,44.08,44.08,44.08,PEN,,
0234000002,"TEJA PIZARRA FLR, 4mmx0.20x0.40m (Azul, Barro, Negra)",material,Plancha Fibrocemento,M2,44.08,44.08,44.08,PEN,,
0234000003,"PLACA GRAN ONDA, 1.83x1.10m - GRIS",material,Plancha Fibrocemento,PZA,35.30,35.30,35.30,PEN,,
0234000004,"PLACA GRAN ONDA, 2.44x1.10m - GRIS",material,Plancha Fibrocemento,PZA,38.28,38.28,38.28,PEN,,
0234000005,"PLACA GRAN ONDA, 3.05x1.10m - GRIS",material,Plancha Fibrocemento,PZA,53.24,53.24,53.24,PEN,,
0234000006,"SUPERBOARD S.Q, 1.22x2.44mx6mm",material,Plancha Fibrocemento,PZA,48.25,48.25,48.25,PEN,,
0234000007,"SUPERBOARD S.Q, 1.22x2.44mx8mm",material,Plancha Fibrocemento,PZA,63.50,63.50,63.50,PEN,,
0234000008,"SUPERBOARD S.Q, 1.22x2.44mx10mm",material,Plancha Fibrocemento,PZA,80.74,80.74,80.74,PEN,,
0234000009,"SUPERBOARD S.Q, 1.22x2.44mx12mm",material,Plancha Fibrocemento,PZA,99.30,99.30,99.30,PEN,,
0234000010,"SUPERBOARD S.T, 1.22x2.44mx6mm",material,Plancha Fibrocemento,PZA,42.68,42.68,42.68,PEN,,
0234000011,"SUPERBOARD S.T, 1.22x2.44mx8mm",material,Plancha Fibrocemento,PZA,57.75,57.75,57.75,PEN,,
0234000012,"SUPERBOARD S.T, 1.22x2.44mx10mm",material,Plancha Fibrocemento,PZA,75.46,75.46,75.46,PEN,,
0234000013,"SUPERBOARD S.T, 1.22x2.44mx12mm",material,Plancha Fibrocemento,PZA,92.80,92.80,92.80,PEN,,
0234000014,"SUPERBOARD E.P, 1.22x2.44mx17mm",material,Plancha Fibrocemento,PZA,131.48,131.48,131.48,PEN,,
0234000015,"SUPERBOARD E.P, 1.22x2.44mx20mm",material,Plancha Fibrocemento,PZA,154.29,154.29,154.29,PEN,,
0235000001,PLANCHA POLICARBONATO TRASLUCIDO CLEAR 2.90m x 2.10m x 4.0mm,material,Plancha de Poliuretano,PZA,270.11,270.11,270.11,PEN,,
0235000002,PLANCHA POLICARBONATO TRASLUCIDO CLEAR 2.90m x 2.10m x 6.0mm,material,Plancha de Poliuretano,PZA,331.72,331.72,331.72,PEN,,
0235000003,PLANCHA POLICARBONATO TRASLUCIDO CLEAR 2.90m x 2.10m x 8.0mm,material,Plancha de Poliuretano,PZA,423.33,423.33,423.33,PEN,,
0235000004,PLANCHA POLICARBONATO TRASLUCIDO CLEAR 2.90m x 2.10m x 10.0mm,material,Plancha de Poliuretano,PZA,481.78,481.78,481.78,PEN,,
0235000005,PLANCHA POLICARBONATO TRASLUCIDO PRIMALITE COLOR 2.95m x 2.10m x 8.0mm,material,Plancha de Poliuretano,PZA,578.13,578.13,578.13,PEN,,
0235000006,PLANCHA POLICARBONATO TRASLUCIDO PRIMALITE COLOR 2.95m x 2.10m x 16.0mm,material,Plancha de Poliuretano,PZA,1124.68,1124.68,1124.68,PEN,,
0235000007,PLANCHA POLICARBONATO TRASLUCIDO PLYSHADE GRIS COLOR 2.95m x 2.10m x 6.0mm,material,Plancha de Poliuretano,PZA,445.45,445.45,445.45,PEN,,
0235000008,PLANCHA POLICARBONATO TRASLUCIDO PLYSHADE GRIS COLOR 2.95m x 2.10m x 8.0mm,material,Plancha de Poliuretano,PZA,538.64,538.64,538.64,PEN,,
0235000009,"PERFIL DE POLICARBONATO P/UNIONES UP L=2.10m, E=4.0mm",material,Plancha de Poliuretano,PZA,16.25,16.25,16.25,PEN,,
0235000010,"PERFIL DE POLICARBONATO P/UNIONES UP L=2.10m, E=6.0mm",material,Plancha de Poliuretano,PZA,16.25,16.25,16.25,PEN,,
0235000011,"PERFIL DE POLICARBONATO P/UNIONES UP L=2.10m, E=10.0mm",material,Plancha de Poliuretano,PZA,17.91,17.91,17.91,PEN,,
0235000012,"PERFIL DE POLICARBONATO P/UNIONES UP L=2.10m, E=16.0mm",material,Plancha de Poliuretano,PZA,33.17,33.17,33.17,PEN,,
0235000013,"PERFIL DE POLICARBONATO P/UNIONES HCP L=2.95m, E=6.0mm",material,Plancha de Poliuretano,PZA,83.88,83.88,83.88,PEN,,
0235000014,"PERFIL DE POLICARBONATO P/UNIONES HCP L=2.95m, E=8.0mm",material,Plancha de Poliuretano,PZA,83.88,83.88,83.88,PEN,,
0235000015,"PERFIL DE POLICARBONATO P/UNIONES HCP L=2.95m, E=10.0mm",material,Plancha de Poliuretano,PZA,83.88,83.88,83.88,PEN,,
0235000016,"PERFIL DE ALUMINIO P/UNION TIPO AL 6-16, L=6.00m, E=6.0mm",material,Plancha de Poliuretano,PZA,360.15,360.15,360.15,PEN,,
0235000017,"PERFIL DE ALUMINIO P/UNION TIPO AL 6-16, L=6.00m, E=8.0mm",material,Plancha de Poliuretano,PZA,360.15,360.15,360.15,PEN,,
0235000018,"PERFIL DE ALUMINIO P/UNION TIPO AL 6-16, L=6.00m, E=10.0mm",material,Plancha de Poliuretano,PZA,360.15,360.15,360.15,PEN,,
0235000019,"PERFIL DE ALUMINIO P/UNION TIPO AL 6-16, L=6.00m, E=16.0mm",material,Plancha de Poliuretano,PZA,360.15,360.15,360.15,PEN,,
0235000020,"PLANCHA POLICARBONATO CORRUGADO EXTRALITE CLEAR, 1mm (0.83x5.80m)",material,Plancha de Poliuretano,PZA,241.68,241.68,241.68,PEN,,
0235000021,"PLANCHA POLICARBONATO CORRUGADO IRON OPAL, 0.8mm (0.81x5.00m)",material,Plancha de Poliuretano,PZA,224.30,224.30,224.30,PEN,,
0235000022,"PLANCHA POLICARBONATO CORRUGADO IRON OPAL, 0.8mm (0.81x2.50m)",material,Plancha de Poliuretano,PZA,112.15,112.15,112.15,PEN,,
0235000023,"PLANCHA POLICARBONATO CORRUGADO SUNTOPO ROJO, GRIS Y VERDE, 1.6mm (0.81x5.00m)",material,Plancha de Poliuretano,PZA,255.90,255.90,255.90,PEN,,
0235000024,"PLANCHA POLICARBONATO CORRUGADO SUNTOPO ROJO, GRIS Y VERDE, 1.6mm (0.81x2.50m)",material,Plancha de Poliuretano,PZA,127.95,127.95,127.95,PEN,,
0235000025,"PERNO DE ANCLAJE CLEAR, 6 - 8mm",material,Plancha de Poliuretano,PZA,3.10,3.10,3.10,PEN,,
0235000026,"PERNO DE ANCLAJE CLEAR, 10mm",material,Plancha de Poliuretano,PZA,3.10,3.10,3.10,PEN,,
0235000027,"PERNO DE ANCLAJE CLEAR, 16mm",material,Plancha de Poliuretano,PZA,3.10,3.10,3.10,PEN,,
0235000028,"CINTA PERFORADA DE ALUMINIO CLEAR, 4,6,8mm",material,Plancha de Poliuretano,PZA,173.76,173.76,173.76,PEN,,
0235000029,"CINTA PERFORADA DE ALUMINIO CLEAR, 10, 12, 16mm",material,Plancha de Poliuretano,PZA,205.35,205.35,205.35,PEN,,
0235000030,"CINTA LLENA DE ALUMINIO, 4,6,8mm",material,Plancha de Poliuretano,PZA,110.57,110.57,110.57,PEN,,
0235000031,CINTA BUTIL,material,Plancha de Poliuretano,PZA,91.62,91.62,91.62,PEN,,
0235000032,CINTAEPDM,material,Plancha de Poliuretano,PZA,4.98,4.98,4.98,PEN,,
0235000033,"LAMINAS ASFALTICAS CLIMATIZADAS TRAPEZOIDAL, 0.87x5.00m, CINDURIB",material,Plancha de Poliuretano,PZA,203.55,203.55,203.55,PEN,,
0235000034,"LAMINAS ASFALTICAS CLIMATIZADAS TRAPEZOIDAL, 0.80x5.00m, CINDULIT",material,Plancha de Poliuretano,PZA,150.44,150.44,150.44,PEN,,
0235000035,"LAMINAS ASFALTICAS CLIMATIZADAS TRAPEZOIDAL, 0.94x4.60m, CINDUTEJA",material,Plancha de Poliuretano,PZA,181.26,181.26,181.26,PEN,,
0235000036,"LAMINAS TRANSLUCIDAS TRAPEZOIDAL, 0.80x5.00m, CINDULIT",material,Plancha de Poliuretano,PZA,231.48,231.48,231.48,PEN,,
0235000037,"LAMINAS TRANSLUCIDAS TRAPEZOIDAL, 0.87x5.00m, CINDURIB",material,Plancha de Poliuretano,PZA,254.62,254.62,254.62,PEN,,
0235000038,"PLANCHA DE POLICARBONATO ALVEOLAR, 6mm (11.90x2.10m)",material,Plancha de Poliuretano,PZA,748.59,748.59,748.59,PEN,,
0235000039,"PLANCHA DE POLICARBONATO ALVEOLAR, 8mm (11.90x2.10m)",material,Plancha de Poliuretano,PZA,863.78,863.78,863.78,PEN,,
0235000040,"PLANCHA DE POLICARBONATO ALVEOLAR, 10mm (11.90x2.10m)",material,Plancha de Poliuretano,PZA,978.97,978.97,978.97,PEN,,
0235000041,"PLANCHA DE POLICARBONATO SOLIDO, 2mm (2.05x3.05m)",material,Plancha de Poliuretano,PZA,385.62,385.62,385.62,PEN,,
0235000042,"PLANCHA DE POLICARBONATO SOLIDO, 4mm (2.05x3.05m)",material,Plancha de Poliuretano,PZA,759.27,759.27,759.27,PEN,,
0235000043,"PLANCHA DE POLICARBONATO SOLIDO, 6mm (2.05x3.05m)",material,Plancha de Poliuretano,PZA,1139.38,1139.38,1139.38,PEN,,
0235000044,"PLANCHA DE POLICARBONATO SOLIDO, 8mm (1.85x1.50m)",material,Plancha de Poliuretano,PZA,673.95,673.95,673.95,PEN,,
0235000045,"PLANCHA DE POLICARBONATO SOLIDO, 8mm (1.35x2.30m)",material,Plancha de Poliuretano,PZA,754.15,754.15,754.15,PEN,,
0235000046,"PLANCHA DE POLICARBONATO SOLIDO, 8mm (2.05x2.20m)",material,Plancha de Poliuretano,PZA,1095.33,1095.33,1095.33,PEN,,
0235000047,"PLANCHA DE POLICARBONATO SOLIDO, 8mm (1.55x2.85m)",material,Plancha de Poliuretano,PZA,1072.71,1072.71,1072.71,PEN,,
0235000048,CUMBRERA LISA (3.05m),material,Plancha de Poliuretano,PZA,142.86,142.86,142.86,PEN,,
0235000049,CUMBRERA TRAPEZOIDAL (3.05m),material,Plancha de Poliuretano,PZA,61.45,61.45,61.45,PEN,,
0235000050,CUMBRERA CINDURIB (0.90m),material,Plancha de Poliuretano,PZA,61.45,61.45,61.45,PEN,,
0235000051,CUMBRERA CINDULIT (0.80m),material,Plancha de Poliuretano,PZA,34.14,34.14,34.14,PEN,,
0235000052,CUMBRERA TIPO TEJA (0.50m),material,Plancha de Poliuretano,PZA,61.45,61.45,61.45,PEN,,
0235000053,CUMBRERA C/FALDON (0.90m),material,Plancha de Poliuretano,PZA,61.45,61.45,61.45,PEN,,
0236000001,"POSTE DE CONCRETO P/CERCOS, PUNTA QUEBRADA, 3.00x0.12x0.12m",material,"Elementos de Concreto, Postes, Cajas, Buzón",UND,68.98,68.98,68.98,PEN,,
0236000002,"POSTE DE CONCRETO P/CERCOS, RECTO, 3.0x0.12x0.12m",material,"Elementos de Concreto, Postes, Cajas, Buzón",UND,81.52,81.52,81.52,PEN,,
0236000003,"POSTE DE CONCRETO P/CERCOS, RECTO, 3.0x0.10x0.10m",material,"Elementos de Concreto, Postes, Cajas, Buzón",UND,62.71,62.71,62.71,PEN,,
0236000004,"POSTE DE CONCRETO P/CERCOS, RECTO, 3.0x0.10x0.10m",material,"Elementos de Concreto, Postes, Cajas, Buzón",UND,51.78,51.78,51.78,PEN,,
0236000005,"POSTE DE CONCRETO P/CERCOS, PUNTA QUEBRADA, 3.00x0.12x0.12m",material,"Elementos de Concreto, Postes, Cajas, Buzón",UND,51.78,51.78,51.78,PEN,,
0236000006,"CAJA DE CONCRETO PORTA MEDIDOR DE 1/2""",material,"Elementos de Concreto, Postes, Cajas, Buzón",UND,17.56,17.56,17.56,PEN,,
0236000007,"SOLADO PARA CAJA CONCRETO PORTAMEDIDOR 1/2""",material,"Elementos de Concreto, Postes, Cajas, Buzón",UND,6.27,6.27,6.27,PEN,,
0236000008,"CAJA DE CONCRETO PORTA MEDIDOR DE 1""",material,"Elementos de Concreto, Postes, Cajas, Buzón",UND,21.32,21.32,21.32,PEN,,
0236000009,"SOLADO PARA CAJA CONCRETO PORTAMEDIDOR 1""",material,"Elementos de Concreto, Postes, Cajas, Buzón",UND,7.53,7.53,7.53,PEN,,
0236000010,"CAJA Y TAPA DE CONCRETO PUESTA A TIERRA, 0.40x0.40m",material,"Elementos de Concreto, Postes, Cajas, Buzón",UND,35.12,35.12,35.12,PEN,,
0236000011,"CAJA DE CONCRETO P/DESAGUE 12""x24"", BASE",material,"Elementos de Concreto, Postes, Cajas, Buzón",UND,16.30,16.30,16.30,PEN,,
0236000012,"CAJA DE CONCRETO P/DESAGUE 12""x24"", INTERMEDIO",material,"Elementos de Concreto, Postes, Cajas, Buzón",UND,13.80,13.80,13.80,PEN,,
0236000013,"CAJA DE CONCRETO P/DESAGUE 12""x24"", PESTAÑA",material,"Elementos de Concreto, Postes, Cajas, Buzón",UND,11.29,11.29,11.29,PEN,,
0236000014,"CAJA DE CONCRETO P/DESAGUE 24""x24"", BASE",material,"Elementos de Concreto, Postes, Cajas, Buzón",UND,56.44,56.44,56.44,PEN,,
0236000015,"CAJA DE CONCRETO P/DESAGUE 24""x24"", INTERMEDIO",material,"Elementos de Concreto, Postes, Cajas, Buzón",UND,37.63,37.63,37.63,PEN,,
0236000016,"CAJA DE CONCRETO P/DESAGUE 24""x24"", PESTAÑA",material,"Elementos de Concreto, Postes, Cajas, Buzón",UND,37.63,37.63,37.63,PEN,,
0236000017,"TAPA DE CONCRETO P/DESAGUE 12""x24"", REGISTRO",material,"Elementos de Concreto, Postes, Cajas, Buzón",UND,18.81,18.81,18.81,PEN,,
0236000018,"TAPA DE CONCRETO P/DESAGUE 24""x24"", REGISTRO",material,"Elementos de Concreto, Postes, Cajas, Buzón",UND,50.17,50.17,50.17,PEN,,
0236000019,SARDINEL DE CONCRETO 0.80x0.50x0.20m,material,"Elementos de Concreto, Postes, Cajas, Buzón",UND,26.34,26.34,26.34,PEN,,
0236000020,TOPELLANTAS DE CONCRETO 1.80x0.3x0.30m,material,"Elementos de Concreto, Postes, Cajas, Buzón",UND,47.66,47.66,47.66,PEN,,
0236000021,"JERSEY/SEPARADOR VIAL DE CONCRETO, H= 0.80m",material,"Elementos de Concreto, Postes, Cajas, Buzón",UND,313.54,313.54,313.54,PEN,,
0236000022,"JERSEY/SEPARADOR VIAL DE CONCRETO, H= 1.80m",material,"Elementos de Concreto, Postes, Cajas, Buzón",UND,438.96,438.96,438.96,PEN,,
0236000023,"BUZON PREFABRICADO DE CONCRETO, D=1.20m, H=1.20m",material,"Elementos de Concreto, Postes, Cajas, Buzón",UND,1367.05,1367.05,1367.05,PEN,,
0236000024,"BUZON PREFABRICADO DE CONCRETO, D=1.50m, H=3.00m",material,"Elementos de Concreto, Postes, Cajas, Buzón",UND,3637.11,3637.11,3637.11,PEN,,
0236000025,"TAPA DE CONCRETO CON MARCO F°F°, PARA BUZON D=0.60m",material,"Elementos de Concreto, Postes, Cajas, Buzón",UND,307.27,307.27,307.27,PEN,,
0236000026,"DUCTO DE CONCRETO P/CABLEADO, 2 VIAS SIMPLE, 1.00x0.25x0.15m, D=90mm",material,"Elementos de Concreto, Postes, Cajas, Buzón",M,17.56,17.56,17.56,PEN,,
0236000027,"DUCTO DE CONCRETO P/CABLEADO, 4 VIAS SIMPLE, 1.00x0.25x0.25m, D=90mm",material,"Elementos de Concreto, Postes, Cajas, Buzón",M,23.83,23.83,23.83,PEN,,
0236000028,"BLOCK GRASS DE CONCRETO P/ESTACIONAMIENTOS, 0.35x0.35x0.10m",material,"Elementos de Concreto, Postes, Cajas, Buzón",M2,22.58,22.58,22.58,PEN,,
0236000029,"BLOCK GRASS DE CONCRETO P/ESTACIONAMIENTOS, 0.35x0.35x0.08m",material,"Elementos de Concreto, Postes, Cajas, Buzón",M2,22.58,22.58,22.58,PEN,,
0236000030,"CERCO PREFABRICADO DE CONCRETO UNIVERSAL, 2.40x0.28x0.15m; M+0.35; ANCLAJE FE 8mm",material,"Elementos de Concreto, Postes, Cajas, Buzón",UND,70.23,70.23,70.23,PEN,,
0236000031,"CERCO PREFABRICADO DE CONCRETO PERSIANA, 3.20x0.35x0.05m",material,"Elementos de Concreto, Postes, Cajas, Buzón",UND,81.52,81.52,81.52,PEN,,
0236000032,"CERCO PREFABRICADO DE CONCRETO AEROPUERTO, 2.70x0.45x0.10m",material,"Elementos de Concreto, Postes, Cajas, Buzón",UND,99.08,99.08,99.08,PEN,,
0237000001,ANGULO ACERO NEGRO 2.5mmx20mmx6m (F.N.),material,Tubo Acero Negro,PZA,12.15,12.15,12.15,PEN,,
0237000002,ANGULO ACERO NEGRO 2.5mmx25mmx6m (F.N.),material,Tubo Acero Negro,PZA,15.34,15.34,15.34,PEN,,
0237000003,"ANGULO ACERO NEGRO 1 1/4"" x 1 1/4"" x 1/8"" x 6m (F.N.)",material,Tubo Acero Negro,PZA,20.04,20.04,20.04,PEN,,
0237000004,"ANGULO ACERO NEGRO 1/8"" x 1 1/2"" x 1 1/4"" x 6m (F.N.)",material,Tubo Acero Negro,PZA,23.86,23.86,23.86,PEN,,
0237000005,ANGULO ACERO NEGRO 3.0mmx20mmx6m (F.N.),material,Tubo Acero Negro,PZA,14.59,14.59,14.59,PEN,,
0237000006,ANGULO ACERO NEGRO 3.0mmx25mmx6m (F.N.),material,Tubo Acero Negro,PZA,19.94,19.94,19.94,PEN,,
0237000007,"ANGULO ACERO NEGRO 1 1/4"" x 1 1/4"" x 1/8"" x 6m (N.)",material,Tubo Acero Negro,PZA,24.34,24.34,24.34,PEN,,
0237000008,"ANGULO ACERO NEGRO 1 1/2"" x 1 1/2"" x 1/8"" x 6m (N.)",material,Tubo Acero Negro,PZA,30.80,30.80,30.80,PEN,,
0237000009,"ANGULO ACERO NEGRO 1"" x 1"" x 3/16"" x 6m",material,Tubo Acero Negro,PZA,31.81,31.81,31.81,PEN,,
0237000010,"ANGULO ACERO NEGRO 1 1/2"" x 1 1/2"" x 3/16"" x 6m",material,Tubo Acero Negro,PZA,45.44,45.44,45.44,PEN,,
0237000011,"ANGULO ACERO NEGRO 1 1/2"" x 1 1/2"" x 1/4"" x 6m",material,Tubo Acero Negro,PZA,61.95,61.95,61.95,PEN,,
0237000012,"ANGULO ACERO NEGRO 2"" x 2"" x 1/8"" x 6m",material,Tubo Acero Negro,PZA,45.66,45.66,45.66,PEN,,
0237000013,"ANGULO ACERO NEGRO 2"" x 2"" x 3/16"" x 6m",material,Tubo Acero Negro,PZA,69.00,69.00,69.00,PEN,,
0237000014,"ANGULO ACERO NEGRO 2"" x 2"" x 1/4"" x 6m",material,Tubo Acero Negro,PZA,82.52,82.52,82.52,PEN,,
0237000015,"ANGULO ACERO NEGRO 2 1/2"" x 2 1/2"" x 3/16"" x 6m",material,Tubo Acero Negro,PZA,73.96,73.96,73.96,PEN,,
0237000016,"ANGULO ACERO NEGRO 2 1/2"" x 2 1/2"" x 1/4"" x 6m",material,Tubo Acero Negro,PZA,113.48,113.48,113.48,PEN,,
0237000017,"ANGULO ACERO NEGRO 3"" x 3"" x 1/4"" x 6m",material,Tubo Acero Negro,PZA,140.95,140.95,140.95,PEN,,
0237000018,"ANGULO ACERO NEGRO 4"" x 4"" x 1/4"" x 6m",material,Tubo Acero Negro,PZA,177.31,177.31,177.31,PEN,,
0237000019,"PLATINA 1/8"" X 1/2"" X 6Mt.",material,Tubo Acero Negro,PZA,5.74,5.74,5.74,PEN,,
0237000020,"PLATINA 1/8"" X 3/4"" X 6Mt.",material,Tubo Acero Negro,PZA,9.18,9.18,9.18,PEN,,
0237000021,"PLATINA 1/8"" X 1"" X 6Mt.",material,Tubo Acero Negro,PZA,10.30,10.30,10.30,PEN,,
0237000022,"PLATINA 1/8"" X 1.1/2"" X 6Mt.",material,Tubo Acero Negro,PZA,15.88,15.88,15.88,PEN,,
0237000023,"PLATINA 1/8"" X 2"" X 6Mt.",material,Tubo Acero Negro,PZA,23.58,23.58,23.58,PEN,,
0237000024,"PLATINA 3/16"" X 1/2"" X 6Mt.",material,Tubo Acero Negro,PZA,8.57,8.57,8.57,PEN,,
0237000025,"PLATINA 3/16"" X 3/4"" X 6Mt.",material,Tubo Acero Negro,PZA,12.85,12.85,12.85,PEN,,
0237000026,"PLATINA 3/16"" X 1"" X 6Mt.",material,Tubo Acero Negro,PZA,16.94,16.94,16.94,PEN,,
0237000027,"PLATINA 3/16"" X 1.1/2"" X 6Mt.",material,Tubo Acero Negro,PZA,25.60,25.60,25.60,PEN,,
0237000028,"PLATINA 3/16"" X 2"" X 6Mt.",material,Tubo Acero Negro,PZA,33.91,33.91,33.91,PEN,,
0237000029,"PLATINA 3/16"" X 2.1/2"" X 6Mt.",material,Tubo Acero Negro,PZA,40.36,40.36,40.36,PEN,,
0237000030,"PLATINA 1/4"" X 1/2"" X 6Mt.",material,Tubo Acero Negro,PZA,11.59,11.59,11.59,PEN,,
0237000031,"PLATINA 1/4"" X 3/4"" X 6Mt.",material,Tubo Acero Negro,PZA,17.48,17.48,17.48,PEN,,
0237000032,"PLATINA 1/4"" X 1"" X 6Mt.",material,Tubo Acero Negro,PZA,22.24,22.24,22.24,PEN,,
0237000033,"PLATINA 1/4"" X 1.1/2"" X 6Mt.",material,Tubo Acero Negro,PZA,33.52,33.52,33.52,PEN,,
0237000034,"PLATINA 1/4"" X 2"" X 6Mt.",material,Tubo Acero Negro,PZA,44.84,44.84,44.84,PEN,,
0237000035,"PLATINA 1/4"" X 2.1/2"" X 6Mt.",material,Tubo Acero Negro,PZA,57.47,57.47,57.47,PEN,,
0237000036,"PLATINA 1/4"" X 3 X 6Mt.",material,Tubo Acero Negro,PZA,64.24,64.24,64.24,PEN,,
0237000037,"PLATINA 1/4"" X 4"" X 6Mt.",material,Tubo Acero Negro,PZA,89.05,89.05,89.05,PEN,,
0237000038,"PLATINA 3/8"" X 1"" X 6Mt.",material,Tubo Acero Negro,PZA,34.17,34.17,34.17,PEN,,
0237000039,"PLATINA 3/8"" X 1.1/2"" X 6Mt.",material,Tubo Acero Negro,PZA,51.59,51.59,51.59,PEN,,
0237000040,"PLATINA 3/8"" X 2"" X 6Mt.",material,Tubo Acero Negro,PZA,68.76,68.76,68.76,PEN,,
0237000041,"PLATINA 3/8"" X 2.1/2"" X 6Mt.",material,Tubo Acero Negro,PZA,85.05,85.05,85.05,PEN,,
0237000042,"PLATINA 3/8"" X 3"" X 6Mt.",material,Tubo Acero Negro,PZA,102.48,102.48,102.48,PEN,,
0237000043,"PLATINA 3/8"" X 4"" X 6Mt.",material,Tubo Acero Negro,PZA,135.35,135.35,135.35,PEN,,
0237000044,"PLATINA 1/2"" X 1"" X 6Mt.",material,Tubo Acero Negro,PZA,45.92,45.92,45.92,PEN,,
0237000045,"PLATINA 1/2"" X 1.1/2"" X 6Mt.",material,Tubo Acero Negro,PZA,68.53,68.53,68.53,PEN,,
0237000046,"PLATINA 1/2"" X 2"" X 6Mt.",material,Tubo Acero Negro,PZA,94.25,94.25,94.25,PEN,,
0237000047,"PLATINA 1/2"" X 2.1/2"" X 6Mt.",material,Tubo Acero Negro,PZA,124.74,124.74,124.74,PEN,,
0237000048,"PLATINA 1/2"" X 3"" X 6Mt.",material,Tubo Acero Negro,PZA,134.33,134.33,134.33,PEN,,
0237000049,"PLATINA 1/2"" X 4"" X 6Mt.",material,Tubo Acero Negro,PZA,181.16,181.16,181.16,PEN,,
0237000050,"TUBO ACERO NEGRO ELECTROSOLDADO CUADRADO 3/4"" x 1.5mm x 6m",material,Tubo Acero Negro,PZA,17.73,17.73,17.73,PEN,,
0237000051,"TUBO ACERO NEGRO ELECTROSOLDADO CUADRADO 1"" x 1.5mm x 6m",material,Tubo Acero Negro,PZA,24.42,24.42,24.42,PEN,,
0237000052,"TUBO ACERO NEGRO ELECTROSOLDADO CUADRADO 1 1/4"" x 1.5mm x 6m",material,Tubo Acero Negro,PZA,32.03,32.03,32.03,PEN,,
0237000053,"TUBO ACERO NEGRO ELECTROSOLDADO CUADRADO 1 1/2"" x 1.5mm x 6m",material,Tubo Acero Negro,PZA,37.29,37.29,37.29,PEN,,
0237000054,"TUBO ACERO NEGRO ELECTROSOLDADO CUADRADO 2"" x 2.0mm x 6m",material,Tubo Acero Negro,PZA,63.03,63.03,63.03,PEN,,
0237000055,"TUBO ACERO NEGRO ELECTROSOLDADO REDONDO 3/4"" x 1.5mm x 6m",material,Tubo Acero Negro,PZA,16.88,16.88,16.88,PEN,,
0237000056,"TUBO ACERO NEGRO ELECTROSOLDADO REDONDO 1"" x 1.5mm x 6m",material,Tubo Acero Negro,PZA,20.19,20.19,20.19,PEN,,
0237000057,"TUBO ACERO NEGRO ELECTROSOLDADO REDONDO 1 1/4"" x 1.5mm x 6m",material,Tubo Acero Negro,PZA,24.37,24.37,24.37,PEN,,
0237000058,"TUBO ACERO NEGRO ELECTROSOLDADO REDONDO 1 1/2"" x 1.5mm x 6m",material,Tubo Acero Negro,PZA,29.90,29.90,29.90,PEN,,
0237000059,"TUBO ACERO NEGRO ELECTROSOLDADO REDONDO 1 3/4"" x 1.5mm x 6m",material,Tubo Acero Negro,PZA,36.67,36.67,36.67,PEN,,
0237000060,"TUBO ACERO NEGRO ELECTROSOLDADO REDONDO 2"" x 2.0mm x 6m",material,Tubo Acero Negro,PZA,64.23,64.23,64.23,PEN,,
0237000061,PLANCHA 0.90x1200x2400mm (1/27),material,Tubo Acero Negro,PZA,53.06,53.06,53.06,PEN,,
0237000062,PLANCHA 1.20x1200x2400mm (1/20),material,Tubo Acero Negro,PZA,66.33,66.33,66.33,PEN,,
0237000063,PLANCHA 1.50x1200x2400mm (1/16),material,Tubo Acero Negro,PZA,84.34,84.34,84.34,PEN,,
0237000064,PLANCHA 2.00x1200x2400mm (5/64),material,Tubo Acero Negro,PZA,110.33,110.33,110.33,PEN,,
0237000065,PLANCHA 2.5x1200x2400mm (3/32),material,Tubo Acero Negro,PZA,117.22,117.22,117.22,PEN,,
0237000066,PLANCHA 3.0x1200x2400mm (1/8),material,Tubo Acero Negro,PZA,156.50,156.50,156.50,PEN,,
0237000067,PLANCHA 4.5x1200x2400mm (3/16),material,Tubo Acero Negro,PZA,233.82,233.82,233.82,PEN,,
0237000068,PLANCHA 6.0x1200x2400mm (1/4),material,Tubo Acero Negro,PZA,297.85,297.85,297.85,PEN,,
0237000069,PLANCHA 8.0x1200x2400mm (5/16),material,Tubo Acero Negro,PZA,352.70,352.70,352.70,PEN,,
0237000070,PLANCHA 9.5x1200x2400mm (3/8),material,Tubo Acero Negro,PZA,503.34,503.34,503.34,PEN,,
0237000071,PLANCHA 12.5x1200x2400mm (1/2),material,Tubo Acero Negro,PZA,624.12,624.12,624.12,PEN,,
0237000072,PLANCHA 16.0x1200x2400mm (5/8),material,Tubo Acero Negro,PZA,971.62,971.62,971.62,PEN,,
0237000073,PLANCHA 20.0x1200x2400mm (3/4),material,Tubo Acero Negro,PZA,1131.49,1131.49,1131.49,PEN,,
0237000074,PLANCHA 25.0x1200x2400mm (1),material,Tubo Acero Negro,PZA,1422.78,1422.78,1422.78,PEN,,
0237000075,PLANCHA 32.0x1200x2400mm (1 1/4),material,Tubo Acero Negro,PZA,2349.65,2349.65,2349.65,PEN,,
0237000076,PLANCHA 38.0x1200x2400mm (1 1/2),material,Tubo Acero Negro,PZA,2906.42,2906.42,2906.42,PEN,,
0237000077,PLANCHA 50.0x1200x2400mm (2),material,Tubo Acero Negro,PZA,3632.77,3632.77,3632.77,PEN,,
0238000001,"TUBERIA URS25, 160mmx6m",material,Tubo de Concreto Simple,UND,129.91,129.91,129.91,PEN,,
0238000002,"TUBERIA URS25, 200mmx6m",material,Tubo de Concreto Simple,UND,179.92,179.92,179.92,PEN,,
0238000003,"TUBERIA DE C. R. TIPO B 1.50 MT./ C-I / DIAMETRO 12""",material,Tubo de Concreto Simple,M,94.30,94.30,94.30,PEN,,
0238000004,"TUBERIA DE C. R. TIPO B 1.50 MT./ C-I / DIAMETRO 14""",material,Tubo de Concreto Simple,M,132.37,132.37,132.37,PEN,,
0238000005,"TUBERIA DE C. R. TIPO B 1.50 MT./ C-I / DIAMETRO 16""",material,Tubo de Concreto Simple,M,139.34,139.34,139.34,PEN,,
0238000006,"TUBERIA DE C. R. TIPO B 2.00 MT./ C-I / DIAMETRO 18""",material,Tubo de Concreto Simple,M,153.27,153.27,153.27,PEN,,
0238000007,"TUBERIA DE C. R. TIPO B 2.00 MT./ C-I / DIAMETRO 20""",material,Tubo de Concreto Simple,M,177.52,177.52,177.52,PEN,,
0238000008,"TUBERIA DE C. R. TIPO B 1.50 MT./ C-II / DIAMETRO 12""",material,Tubo de Concreto Simple,M,104.54,104.54,104.54,PEN,,
0238000009,"TUBERIA DE C. R. TIPO B 1.50 MT./ C-II / DIAMETRO 14""",material,Tubo de Concreto Simple,M,146.38,146.38,146.38,PEN,,
0238000010,"TUBERIA DE C. R. TIPO B 1.50 MT./ C-II / DIAMETRO 16""",material,Tubo de Concreto Simple,M,160.53,160.53,160.53,PEN,,
0238000011,"TUBERIA DE C. R. TIPO B 2.00 MT./ C-II / DIAMETRO 18""",material,Tubo de Concreto Simple,M,174.17,174.17,174.17,PEN,,
0238000012,"TUBERIA DE C. R. TIPO B 2.00 MT./ C-II / DIAMETRO 20""",material,Tubo de Concreto Simple,M,208.96,208.96,208.96,PEN,,
0238000013,"TUBERIA DE C. R. TIPO B 1.50 MT./ C-III / DIAMETRO 12""",material,Tubo de Concreto Simple,M,122.96,122.96,122.96,PEN,,
0238000014,"TUBERIA DE C. R. TIPO B 1.50 MT./ C-III / DIAMETRO 14""",material,Tubo de Concreto Simple,M,166.98,166.98,166.98,PEN,,
0238000015,"TUBERIA DE C. R. TIPO B 1.50 MT./ C-III / DIAMETRO 16""",material,Tubo de Concreto Simple,M,184.56,184.56,184.56,PEN,,
0238000016,"TUBERIA DE C. R. TIPO B 2.00 MT./ C-III / DIAMETRO 18""",material,Tubo de Concreto Simple,M,201.96,201.96,201.96,PEN,,
0239000001,TEE HE DUCTIL LUFLEX Ø 63 x 63 mm,material,Tubería de Fierro Fundido,UND,95.01,95.01,95.01,PEN,,
0239000002,TEE HE DUCTIL LUFLEX Ø 75 x 75 mm,material,Tubería de Fierro Fundido,UND,122.74,122.74,122.74,PEN,,
0239000003,TEE HE DUCTIL LUFLEX Ø 110 x 75 mm,material,Tubería de Fierro Fundido,UND,145.15,145.15,145.15,PEN,,
0239000004,TEE HE DUCTIL LUFLEX Ø 110 x 110 mm,material,Tubería de Fierro Fundido,UND,154.28,154.28,154.28,PEN,,
0239000005,TEE HE DUCTIL LUFLEX Ø 160 x 75 mm,material,Tubería de Fierro Fundido,UND,267.25,267.25,267.25,PEN,,
0239000006,TEE HE DUCTIL LUFLEX Ø 160 x 110 mm,material,Tubería de Fierro Fundido,UND,243.91,243.91,243.91,PEN,,
0239000007,TEE HE DUCTIL LUFLEX Ø 160 x 160 mm,material,Tubería de Fierro Fundido,UND,267.64,267.64,267.64,PEN,,
0239000008,TEE HE DUCTIL LUFLEX Ø 200 x 75 mm,material,Tubería de Fierro Fundido,UND,351.22,351.22,351.22,PEN,,
0239000009,TEE HE DUCTIL LUFLEX Ø 200 x 110 mm,material,Tubería de Fierro Fundido,UND,351.85,351.85,351.85,PEN,,
0239000010,TEE HE DUCTIL LUFLEX Ø 200 x 160 mm,material,Tubería de Fierro Fundido,UND,411.72,411.72,411.72,PEN,,
0239000011,TEE HE DUCTIL LUFLEX Ø 200 x 200 mm,material,Tubería de Fierro Fundido,UND,465.47,465.47,465.47,PEN,,
0239000012,TEE HE DUCTIL LUFLEX Ø 250 x 110 mm,material,Tubería de Fierro Fundido,UND,534.06,534.06,534.06,PEN,,
0239000013,TEE HE DUCTIL LUFLEX Ø 250 x 200 mm,material,Tubería de Fierro Fundido,UND,646.88,646.88,646.88,PEN,,
0239000014,TEE HE DUCTIL LUFLEX Ø 250 x 250 mm,material,Tubería de Fierro Fundido,UND,739.45,739.45,739.45,PEN,,
0239000015,CRUZ HE DUCTIL LUFLEX Ø 63 x 63 mm,material,Tubería de Fierro Fundido,UND,107.13,107.13,107.13,PEN,,
0239000016,CRUZ HE DUCTIL LUFLEX Ø 75 x 75 mm,material,Tubería de Fierro Fundido,UND,144.49,144.49,144.49,PEN,,
0239000017,CRUZ HE DUCTIL LUFLEX Ø 110 x 75 mm,material,Tubería de Fierro Fundido,UND,182.34,182.34,182.34,PEN,,
0239000018,CRUZ HE DUCTIL LUFLEX Ø 110 x 110 mm,material,Tubería de Fierro Fundido,UND,188.62,188.62,188.62,PEN,,
0239000019,CRUZ HE DUCTIL LUFLEX Ø 160 x 75 mm,material,Tubería de Fierro Fundido,UND,280.11,280.11,280.11,PEN,,
0239000020,CRUZ HE DUCTIL LUFLEX Ø 160 x 110 mm,material,Tubería de Fierro Fundido,UND,314.02,314.02,314.02,PEN,,
0239000021,CRUZ HE DUCTIL LUFLEX Ø 160 x 160 mm,material,Tubería de Fierro Fundido,UND,363.08,363.08,363.08,PEN,,
0239000022,CRUZ HE DUCTIL LUFLEX Ø 200 x 75 mm,material,Tubería de Fierro Fundido,UND,380.34,380.34,380.34,PEN,,
0239000023,CRUZ HE DUCTIL LUFLEX Ø 200 x 110 mm,material,Tubería de Fierro Fundido,UND,412.26,412.26,412.26,PEN,,
0239000024,CRUZ HE DUCTIL LUFLEX Ø 200 x 160 mm,material,Tubería de Fierro Fundido,UND,425.34,425.34,425.34,PEN,,
0239000025,CRUZ HE DUCTIL LUFLEX Ø 200 x 200 mm,material,Tubería de Fierro Fundido,UND,518.30,518.30,518.30,PEN,,
0239000026,CRUZ HE DUCTIL LUFLEX Ø 250 x 110 mm,material,Tubería de Fierro Fundido,UND,675.24,675.24,675.24,PEN,,
0239000027,CRUZ HE DUCTIL LUFLEX Ø 250 x 200 mm,material,Tubería de Fierro Fundido,UND,735.87,735.87,735.87,PEN,,
0239000028,CRUZ HE DUCTIL LUFLEX Ø 250 x 250 mm,material,Tubería de Fierro Fundido,UND,944.61,944.61,944.61,PEN,,
0239000029,TEE HE DUCTIL Ø 80 x 80 mm,material,Tubería de Fierro Fundido,UND,290.66,290.66,290.66,PEN,,
0239000030,TEE HE DUCTIL Ø 100 x 80 mm,material,Tubería de Fierro Fundido,UND,370.86,370.86,370.86,PEN,,
0239000031,TEE HE DUCTIL Ø 100 x 100 mm,material,Tubería de Fierro Fundido,UND,376.15,376.15,376.15,PEN,,
0239000032,TEE HE DUCTIL Ø 150 x 80 mm,material,Tubería de Fierro Fundido,UND,451.05,451.05,451.05,PEN,,
0239000033,TEE HE DUCTIL Ø 150 x 100 mm,material,Tubería de Fierro Fundido,UND,531.26,531.26,531.26,PEN,,
0239000034,TEE HE DUCTIL Ø 150 x 150 mm,material,Tubería de Fierro Fundido,UND,611.46,611.46,611.46,PEN,,
0239000035,TEE HE DUCTIL Ø 200 x 80 mm,material,Tubería de Fierro Fundido,UND,625.37,625.37,625.37,PEN,,
0239000036,TEE HE DUCTIL Ø 200 x 100 mm,material,Tubería de Fierro Fundido,UND,678.00,678.00,678.00,PEN,,
0239000037,TEE HE DUCTIL Ø 200 x 150 mm,material,Tubería de Fierro Fundido,UND,786.62,786.62,786.62,PEN,,
0239000038,TEE HE DUCTIL Ø 200 x 200 mm,material,Tubería de Fierro Fundido,UND,865.84,865.84,865.84,PEN,,
0239000039,TEE HE DUCTIL Ø 250 x 150 mm,material,Tubería de Fierro Fundido,UND,1040.99,1040.99,1040.99,PEN,,
0239000040,TEE HE DUCTIL Ø 250 x 250 mm,material,Tubería de Fierro Fundido,UND,1320.83,1320.83,1320.83,PEN,,
0239000041,TEE HE DUCTIL Ø 300 x 150 mm,material,Tubería de Fierro Fundido,UND,1393.46,1393.46,1393.46,PEN,,
0239000042,TEE HE DUCTIL Ø 300 x 300 mm,material,Tubería de Fierro Fundido,UND,1854.02,1854.02,1854.02,PEN,,
0239000043,TEE HE DUCTIL Ø 350 x 200 mm,material,Tubería de Fierro Fundido,UND,1900.70,1900.70,1900.70,PEN,,
0239000044,REDUCCION HE PUSH ON Ø 80 x 50 mm,material,Tubería de Fierro Fundido,UND,117.58,117.58,117.58,PEN,,
0239000045,REDUCCION HE PUSH ON Ø 100 x 80 mm,material,Tubería de Fierro Fundido,UND,147.98,147.98,147.98,PEN,,
0239000046,REDUCCION HE PUSH ON Ø 150 x 80 mm,material,Tubería de Fierro Fundido,UND,206.90,206.90,206.90,PEN,,
0239000047,REDUCCION HE PUSH ON Ø 150 x 100 mm,material,Tubería de Fierro Fundido,UND,220.68,220.68,220.68,PEN,,
0239000048,REDUCCION HE PUSH ON Ø 200 x 150 mm,material,Tubería de Fierro Fundido,UND,321.15,321.15,321.15,PEN,,
0239000049,REDUCCION HE PUSH ON Ø 250 x 150 mm,material,Tubería de Fierro Fundido,UND,441.96,441.96,441.96,PEN,,
0239000050,REDUCCION HE PUSH ON Ø 250 x 200 mm,material,Tubería de Fierro Fundido,UND,458.44,458.44,458.44,PEN,,
0239000051,"UNION FLEXIBLE HIERRO DUCTIL 2""",material,Tubería de Fierro Fundido,UND,113.62,113.62,113.62,PEN,,
0239000052,"UNION FLEXIBLE HIERRO DUCTIL 3""",material,Tubería de Fierro Fundido,UND,114.74,114.74,114.74,PEN,,
0239000053,"UNION FLEXIBLE HIERRO DUCTIL 4""",material,Tubería de Fierro Fundido,UND,121.85,121.85,121.85,PEN,,
0239000054,"UNION FLEXIBLE HIERRO DUCTIL 6""",material,Tubería de Fierro Fundido,UND,206.64,206.64,206.64,PEN,,
0239000055,"UNION FLEXIBLE HIERRO DUCTIL 8""",material,Tubería de Fierro Fundido,UND,304.62,304.62,304.62,PEN,,
0239000056,"UNION FLEXIBLE HIERRO DUCTIL 10""",material,Tubería de Fierro Fundido,UND,397.23,397.23,397.23,PEN,,
0239000057,"UNION FLEXIBLE HIERRO DUCTIL 12""",material,Tubería de Fierro Fundido,UND,572.38,572.38,572.38,PEN,,
0239000058,"UNION FLEXIBLE HIERRO DUCTIL 14""",material,Tubería de Fierro Fundido,UND,896.49,896.49,896.49,PEN,,
0239000059,"UNION FLEXIBLE HIERRO DUCTIL 16""",material,Tubería de Fierro Fundido,UND,1512.94,1512.94,1512.94,PEN,,
0240000001,"TUBO PVC KINPLAST 60 (2"")C-5 GO",material,Tubería de PVC,UND,15.94,15.94,15.94,PEN,,
0240000002,"TUBO PVC KINPLAST 73 (2 1/2"")C-5 GO",material,Tubería de PVC,UND,19.48,19.48,19.48,PEN,,
0240000003,"TUBO PVC KINPLAST 88.5 (3"")C-5 GO",material,Tubería de PVC,UND,28.84,28.84,28.84,PEN,,
0240000004,"TUBO PVC KINPLAST 114 (4"")C-5 GO",material,Tubería de PVC,UND,47.32,47.32,47.32,PEN,,
0240000005,"TUBO PVC KINPLAST 168 (6"")C-5 GO",material,Tubería de PVC,UND,102.06,102.06,102.06,PEN,,
0240000006,"TUBO PVC KINPLAST 219 (8"")C-5 GO",material,Tubería de PVC,UND,172.02,172.02,172.02,PEN,,
0240000007,"TUBO PVC KINPLAST 48 (11/2"")C-7.5 GO",material,Tubería de PVC,UND,12.67,12.67,12.67,PEN,,
0240000008,"TUBO PVC KINPLAST 60 (2"")C-7.5 GO",material,Tubería de PVC,UND,19.33,19.33,19.33,PEN,,
0240000009,"TUBO PVC KINPLAST 73 (2 1/2"")C-7.5 GO",material,Tubería de PVC,UND,27.80,27.80,27.80,PEN,,
0240000010,"TUBO PVC KINPLAST 88.5 (3"")C-7.5 GO",material,Tubería de PVC,UND,41.46,41.46,41.46,PEN,,
0240000011,"TUBO PVC KINPLAST 114 (4"")C-7.5 GO",material,Tubería de PVC,UND,68.45,68.45,68.45,PEN,,
0240000012,"TUBO PVC KINPLAST 168 (6"")C-7.5 GO",material,Tubería de PVC,UND,150.00,150.00,150.00,PEN,,
0240000013,"TUBO PVC KINPLAST 219 (8"")C-7.5 GO",material,Tubería de PVC,UND,261.65,261.65,261.65,PEN,,
0240000014,"TUBO PVC KINPLAST 21 (1/2"")C-10 GO",material,Tubería de PVC,UND,5.27,5.27,5.27,PEN,,
0240000015,"TUBO PVC KINPLAST 26.5 (3/4"")C-10 GO",material,Tubería de PVC,UND,6.78,6.78,6.78,PEN,,
0240000016,"TUBO PVC KINPLAST 33 (1"")C-10 GO",material,Tubería de PVC,UND,8.55,8.55,8.55,PEN,,
0240000017,"TUBO PVC KINPLAST 42 (11/4"")C-10 GO",material,Tubería de PVC,UND,12.17,12.17,12.17,PEN,,
0240000018,"TUBO PVC KINPLAST 48 (11/2"")C-10 GO",material,Tubería de PVC,UND,15.98,15.98,15.98,PEN,,
0240000019,"TUBO PVC KINPLAST 60 (2"")C-10 GO",material,Tubería de PVC,UND,25.18,25.18,25.18,PEN,,
0240000020,"TUBO PVC KINPLAST 73 (2 1/2"")C-10 GO",material,Tubería de PVC,UND,36.96,36.96,36.96,PEN,,
0240000021,"TUBO PVC KINPLAST 88.5 (3"")C-10 GO",material,Tubería de PVC,UND,53.78,53.78,53.78,PEN,,
0240000022,"TUBO PVC KINPLAST 114 (4"")C-10 GO",material,Tubería de PVC,UND,89.09,89.09,89.09,PEN,,
0240000023,"TUBO PVC KINPLAST 168 (6"")C-10 GO",material,Tubería de PVC,UND,194.43,194.43,194.43,PEN,,
0240000024,"TUBO PVC KINPLAST 219 (8"")C-10 GO",material,Tubería de PVC,UND,340.38,340.38,340.38,PEN,,
0240000025,"TUBO PVC KINPLAST 48 (11/2"")C-15 GO",material,Tubería de PVC,UND,23.14,23.14,23.14,PEN,,
0240000026,"TUBO PVC KINPLAST 60 (2"")C-15 GO",material,Tubería de PVC,UND,36.77,36.77,36.77,PEN,,
0240000027,"TUBO PVC KINPLAST 73 (2 1/2"")C-15 GO",material,Tubería de PVC,UND,54.36,54.36,54.36,PEN,,
0240000028,"TUBO PVC KINPLAST 114 (4"")C-15 GO",material,Tubería de PVC,UND,133.06,133.06,133.06,PEN,,
0240000029,"TUBO PVC KINPLAST 168 (6"")C-15 GO",material,Tubería de PVC,UND,286.90,286.90,286.90,PEN,,
0240000030,"TUBO PVC KINPLAST 219 (8"")C-15 GO",material,Tubería de PVC,UND,504.58,504.58,504.58,PEN,,
0240000031,"TUBO PVC KINPLAST 21 (1/2"")C.R GO",material,Tubería de PVC,UND,8.24,8.24,8.24,PEN,,
0240000032,"TUBO PVC KINPLAST 26.5 (3/4"")C.R GO",material,Tubería de PVC,UND,10.70,10.70,10.70,PEN,,
0240000033,"TUBO PVC KINPLAST 33 (1"")C.R GO",material,Tubería de PVC,UND,15.75,15.75,15.75,PEN,,
0240000034,"TUBO PVC KINPLAST 42 (11/4"")C.R GO",material,Tubería de PVC,UND,21.64,21.64,21.64,PEN,,
0240000035,"TUBO PVC KINPLAST 48 (11/2"")C.R GO",material,Tubería de PVC,UND,25.64,25.64,25.64,PEN,,
0240000036,"TUBO PVC KINPLAST 60 (2"")C.R GOTU",material,Tubería de PVC,UND,34.23,34.23,34.23,PEN,,
0240000037,"TUBO PVC KINPLAST P 21 (1/2"")",material,Tubería de PVC,UND,3.16,3.16,3.16,PEN,,
0240000038,"TUBO PVC KINPLAST P 26.5 (3/4"")",material,Tubería de PVC,UND,4.08,4.08,4.08,PEN,,
0240000039,"TUBO PVC KINPLAST P 33 (1"")",material,Tubería de PVC,UND,5.12,5.12,5.12,PEN,,
0240000040,"TUBO PVC KINPLAST P 42 (11/4"")",material,Tubería de PVC,UND,7.32,7.32,7.32,PEN,,
0240000041,"TUBO PVC KINPLAST P 48 (11/2"")",material,Tubería de PVC,UND,9.59,9.59,9.59,PEN,,
0240000042,"TUBO PVC KINPLAST P 60 (2"")",material,Tubería de PVC,UND,14.63,14.63,14.63,PEN,,
0240000043,"TUBO PVC KINPLAST P 73 (2 1/2"")",material,Tubería de PVC,UND,22.18,22.18,22.18,PEN,,
0240000044,"TUBO PVC KINPLAST P 88.5 (3"")",material,Tubería de PVC,UND,29.34,29.34,29.34,PEN,,
0240000045,"TUBO PVC KINPLAST P 114 (4"")",material,Tubería de PVC,UND,40.12,40.12,40.12,PEN,,
0240000046,"TUBO PVC KINPLAST 41 (11/2"")",material,Tubería de PVC,UND,4.74,4.74,4.74,PEN,,
0240000047,"TUBO PVC KINPLAST 54 (2"")",material,Tubería de PVC,UND,6.28,6.28,6.28,PEN,,
0240000048,"TUBO PVC KINPLAST 80 (3"")",material,Tubería de PVC,UND,10.05,10.05,10.05,PEN,,
0240000049,"TUBO PVC KINPLAST 105 (4"")",material,Tubería de PVC,UND,16.02,16.02,16.02,PEN,,
0240000050,"TUBO PVC KINPLAST 168 (6"")",material,Tubería de PVC,UND,70.26,70.26,70.26,PEN,,
0240000051,"TUBO PVC KINPLAST 219 (8"")",material,Tubería de PVC,UND,114.58,114.58,114.58,PEN,,
0240000052,"TUBO PVC KINPLAST 63 (2"")C-5 GO",material,Tubería de PVC,UND,18.44,18.44,18.44,PEN,,
0240000053,"TUBO PVC KINPLAST 75 (2 1/2"")C-5 GO",material,Tubería de PVC,UND,26.06,26.06,26.06,PEN,,
0240000054,"TUBO PVC KINPLAST 90 (3"")C-5 GO",material,Tubería de PVC,UND,35.23,35.23,35.23,PEN,,
0240000055,"TUBO PVC KINPLAST 110 (4"")C-5 GO",material,Tubería de PVC,UND,52.82,52.82,52.82,PEN,,
0240000056,"TUBO PVC KINPLAST 140 (5"")C-5 GO",material,Tubería de PVC,UND,87.09,87.09,87.09,PEN,,
0240000057,"TUBO PVC KINPLAST 160 (6"")C-5 GO",material,Tubería de PVC,UND,113.73,113.73,113.73,PEN,,
0240000058,"TUBO PVC KINPLAST 200 (8"")C-5 GO",material,Tubería de PVC,UND,174.25,174.25,174.25,PEN,,
0240000059,"TUBO PVC KINPLAST 250 (10"")C-5 GO",material,Tubería de PVC,UND,284.59,284.59,284.59,PEN,,
0240000060,"TUBO PVC KINPLAST 315 (12"")C-5 GO",material,Tubería de PVC,UND,445.48,445.48,445.48,PEN,,
0240000061,"TUBO PVC KINPLAST 355 (14"")C-5 GO",material,Tubería de PVC,UND,567.22,567.22,567.22,PEN,,
0240000062,"TUBO PVC KINPLAST 400 (16"")C-5 GO",material,Tubería de PVC,UND,719.91,719.91,719.91,PEN,,
0240000063,"TUBO PVC KINPLAST 63 (2"")C-7.5 GO",material,Tubería de PVC,UND,26.22,26.22,26.22,PEN,,
0240000064,"TUBO PVC KINPLAST 75 (2 1/2"")C-7.5 GO",material,Tubería de PVC,UND,37.96,37.96,37.96,PEN,,
0240000065,"TUBO PVC KINPLAST 90 (3"")C-7.5 GO",material,Tubería de PVC,UND,52.17,52.17,52.17,PEN,,
0240000066,"TUBO PVC KINPLAST 110 (4"")C-7.5 GO",material,Tubería de PVC,UND,77.31,77.31,77.31,PEN,,
0240000067,"TUBO PVC KINPLAST 140 (5"")C-7.5 GO",material,Tubería de PVC,UND,125.39,125.39,125.39,PEN,,
0240000068,"TUBO PVC KINPLAST 160 (6"")C-7.5 GO",material,Tubería de PVC,UND,163.01,163.01,163.01,PEN,,
0240000069,"TUBO PVC KINPLAST 200 (8"")C-7.5 GO",material,Tubería de PVC,UND,256.41,256.41,256.41,PEN,,
0240000070,"TUBO PVC KINPLAST 250 (10"")C-7.5 GO",material,Tubería de PVC,UND,412.72,412.72,412.72,PEN,,
0240000071,"TUBO PVC KINPLAST 315 (12"")C-7.5 GO",material,Tubería de PVC,UND,651.61,651.61,651.61,PEN,,
0240000072,"TUBO PVC KINPLAST 355 (14"")C-7.5 GO",material,Tubería de PVC,UND,830.83,830.83,830.83,PEN,,
0240000073,"TUBO PVC KINPLAST 400 (16"")C-7.5 GO",material,Tubería de PVC,UND,1085.93,1085.93,1085.93,PEN,,
0240000074,"TUBO PVC KINPLAST 63 (2"")C-10 GO",material,Tubería de PVC,UND,33.80,33.80,33.80,PEN,,
0240000075,"TUBO PVC KINPLAST 75 (2 1/2"")C-10 GO",material,Tubería de PVC,UND,48.24,48.24,48.24,PEN,,
0240000076,"TUBO PVC KINPLAST 90 (3"")C-10 GO",material,Tubería de PVC,UND,67.18,67.18,67.18,PEN,,
0240000077,"TUBO PVC KINPLAST 110 (4"")C-10 GO",material,Tubería de PVC,UND,101.14,101.14,101.14,PEN,,
0240000078,"TUBO PVC KINPLAST 140 (5"")C-10 GO",material,Tubería de PVC,UND,162.78,162.78,162.78,PEN,,
0240000079,"TUBO PVC KINPLAST 160 (6"")C-10 GO",material,Tubería de PVC,UND,213.75,213.75,213.75,PEN,,
0240000080,"TUBO PVC KINPLAST 200 (8"")C-10 GO",material,Tubería de PVC,UND,333.14,333.14,333.14,PEN,,
0240000081,"TUBO PVC KINPLAST 250 (10"")C-10 GO",material,Tubería de PVC,UND,533.46,533.46,533.46,PEN,,
0240000082,"TUBO PVC KINPLAST 315 (12"")C-10 GO",material,Tubería de PVC,UND,874.22,874.22,874.22,PEN,,
0240000083,"TUBO PVC KINPLAST 63 (2"")C-15 GO",material,Tubería de PVC,UND,49.97,49.97,49.97,PEN,,
0240000084,"TUBO PVC KINPLAST 110 (4"")C-15 GO",material,Tubería de PVC,UND,148.30,148.30,148.30,PEN,,
0240000085,"TUBO PVC KINPLAST 160 (6"")C-15 GO",material,Tubería de PVC,UND,313.78,313.78,313.78,PEN,,
0240000086,"TUBO PVC KINPLAST 200 (8"")C-15 GO",material,Tubería de PVC,UND,505.89,505.89,505.89,PEN,,
0240000087,"TUBO PVC KINPLAST 250 (10"")C-15 GO",material,Tubería de PVC,UND,790.44,790.44,790.44,PEN,,
0240000088,"TUBO PVC KINPLAST 110 (4"")S-20",material,Tubería de PVC,UND,62.29,62.29,62.29,PEN,,
0240000089,"TUBO PVC KINPLAST 160 (6"")S-20",material,Tubería de PVC,UND,117.50,117.50,117.50,PEN,,
0240000090,"TUBO PVC KINPLAST 200 (8"")S-20",material,Tubería de PVC,UND,174.25,174.25,174.25,PEN,,
0240000091,"TUBO PVC KINPLAST 250 (10"")S-20",material,Tubería de PVC,UND,275.51,275.51,275.51,PEN,,
0240000092,"TUBO PVC KINPLAST 315 (12"")S-20",material,Tubería de PVC,UND,431.28,431.28,431.28,PEN,,
0240000093,"TUBO PVC KINPLAST 355 (14"")S-20",material,Tubería de PVC,UND,567.22,567.22,567.22,PEN,,
0240000094,"TUBO PVC KINPLAST 400 (16"")S-20",material,Tubería de PVC,UND,719.91,719.91,719.91,PEN,,
0240000095,"TUBO PVC KINPLAST 160 (6"")S-25",material,Tubería de PVC,UND,91.48,91.48,91.48,PEN,,
0240000096,"TUBO PVC KINPLAST 200 (8"")S-25",material,Tubería de PVC,UND,139.41,139.41,139.41,PEN,,
0240000097,"TUBO PVC KINPLAST 250 (10"")S-25",material,Tubería de PVC,UND,218.91,218.91,218.91,PEN,,
0240000098,"TUBO PVC KINPLAST 315 (12"")S-25",material,Tubería de PVC,UND,348.96,348.96,348.96,PEN,,
0240000099,"TUBO PVC KINPLAST 355 (14"")S-25",material,Tubería de PVC,UND,458.61,458.61,458.61,PEN,,
0240000100,"TUBO PVC KINPLAST 400 (16"")S-25",material,Tubería de PVC,UND,583.16,583.16,583.16,PEN,,
0240000101,"TUBO PVC KINPLAST 110 (4"")S-16.7",material,Tubería de PVC,UND,64.37,64.37,64.37,PEN,,
0240000102,"TUBO PVC KINPLAST 200 (6"")S-16.7",material,Tubería de PVC,UND,215.60,215.60,215.60,PEN,,
0241000001,"VALVULA FLOTADORA CON BOLLA COBRE 150 LB DE 3/4""",material,Válvula Bronce Nacional,UND,57.93,57.93,57.93,PEN,,
0241000002,"VALVULA FLOTADORA CON BOLLA COBRE 150 LB DE 1""",material,Válvula Bronce Nacional,UND,86.97,86.97,86.97,PEN,,
0241000003,"VALVULA FLOTADORA CON BOLLA COBRE 150 LB DE 1 1/4""",material,Válvula Bronce Nacional,UND,187.14,187.14,187.14,PEN,,
0241000004,"VALVULA FLOTADORA CON BOLLA COBRE 150 LB DE 1 1/2""",material,Válvula Bronce Nacional,UND,250.76,250.76,250.76,PEN,,
0241000005,"VALVULA FLOTADORA CON BOLLA COBRE 150 LB DE 2""",material,Válvula Bronce Nacional,UND,330.07,330.07,330.07,PEN,,
0241000006,"VALVULA FLOTADORA CON BOLLA P.V.C . DE 3/4""",material,Válvula Bronce Nacional,UND,38.08,38.08,38.08,PEN,,
0241000007,"VALVULA FLOTADORA CON BOLLA P.V.C . DE 1""",material,Válvula Bronce Nacional,UND,54.33,54.33,54.33,PEN,,
0241000008,"VALVULA FLOTADORA CON BOLLA P.V.C . DE 1 1/4""",material,Válvula Bronce Nacional,UND,139.40,139.40,139.40,PEN,,
0241000009,"VALVULA FLOTADORA CON BOLLA P.V.C . DE 1 1/2""",material,Válvula Bronce Nacional,UND,194.31,194.31,194.31,PEN,,
0241000010,"VALVULA FLOTADORA CON BOLLA P.V.C . DE 2""",material,Válvula Bronce Nacional,UND,239.81,239.81,239.81,PEN,,
0241000011,"VALVULA ESFERICA DE BRONCE DE 1/4""",material,Válvula Bronce Nacional,UND,21.44,21.44,21.44,PEN,,
0241000012,"VALVULA ESFERICA DE BRONCE DE 3/8""",material,Válvula Bronce Nacional,UND,21.44,21.44,21.44,PEN,,
0241000013,"VALVULA ESFERICA DE BRONCE DE 1/2""",material,Válvula Bronce Nacional,UND,28.85,28.85,28.85,PEN,,
0241000014,"VALVULA ESFERICA DE BRONCE DE 3/4""",material,Válvula Bronce Nacional,UND,41.48,41.48,41.48,PEN,,
0241000015,"VALVULA ESFERICA DE BRONCE DE 1 1/4""",material,Válvula Bronce Nacional,UND,92.18,92.18,92.18,PEN,,
0241000016,"VALVULA ESFERICA DE BRONCE DE 2 1/2""",material,Válvula Bronce Nacional,UND,510.52,510.52,510.52,PEN,,
0241000017,"VALVULA ESFERICA DE BRONCE DE 3""",material,Válvula Bronce Nacional,UND,731.07,731.07,731.07,PEN,,
0241000018,"VALVULA ESFERICA DE BRONCE DE 4""",material,Válvula Bronce Nacional,UND,1195.44,1195.44,1195.44,PEN,,
0241000019,"VALVULA COMPUERTA LIVIANA DE 3/8""",material,Válvula Bronce Nacional,UND,20.37,20.37,20.37,PEN,,
0241000020,"VALVULA COMPUERTA LIVIANA DE 1/2""",material,Válvula Bronce Nacional,UND,20.16,20.16,20.16,PEN,,
0241000021,"VALVULA COMPUERTA LIVIANA DE 3/4""",material,Válvula Bronce Nacional,UND,23.33,23.33,23.33,PEN,,
0241000022,"VALVULA COMPUERTA LIVIANA DE 1""",material,Válvula Bronce Nacional,UND,30.53,30.53,30.53,PEN,,
0241000023,"VALVULA COMPUERTA LIVIANA DE 1 1/4""",material,Válvula Bronce Nacional,UND,43.02,43.02,43.02,PEN,,
0241000024,"VALVULA COMPUERTA LIVIANA DE 1 1/2""",material,Válvula Bronce Nacional,UND,56.57,56.57,56.57,PEN,,
0241000025,"VALVULA COMPUERTA LIVIANA DE 2""",material,Válvula Bronce Nacional,UND,85.79,85.79,85.79,PEN,,
0241000026,"VALVULA COMPUERTA LIVIANA DE 2 1/2""",material,Válvula Bronce Nacional,UND,167.81,167.81,167.81,PEN,,
0241000027,"VALVULA COMPUERTA LIVIANA DE 3""",material,Válvula Bronce Nacional,UND,228.87,228.87,228.87,PEN,,
0241000028,"VALVULA COMPUERTA LIVIANA DE 4""",material,Válvula Bronce Nacional,UND,434.16,434.16,434.16,PEN,,
0241000029,"VALVULA COMPUERTA PESADA BCE. 250 LBS. 1/4""",material,Válvula Bronce Nacional,UND,21.82,21.82,21.82,PEN,,
0241000030,"VALVULA COMPUERTA PESADA BCE. 250 LBS. 3/8""",material,Válvula Bronce Nacional,UND,21.82,21.82,21.82,PEN,,
0241000031,"VALVULA COMPUERTA PESADA BCE. 250 LBS. 1/2""",material,Válvula Bronce Nacional,UND,22.99,22.99,22.99,PEN,,
0241000032,"VALVULA COMPUERTA PESADA BCE. 250 LBS. 3/4""",material,Válvula Bronce Nacional,UND,31.23,31.23,31.23,PEN,,
0241000033,"VALVULA COMPUERTA PESADA BCE. 250 LBS. 1""",material,Válvula Bronce Nacional,UND,39.83,39.83,39.83,PEN,,
0241000034,"VALVULA COMPUERTA PESADA BCE. 250 LBS. 1 1/4""",material,Válvula Bronce Nacional,UND,59.40,59.40,59.40,PEN,,
0241000035,"VALVULA COMPUERTA PESADA BCE. 250 LBS. 1 1/2""",material,Válvula Bronce Nacional,UND,76.60,76.60,76.60,PEN,,
0241000036,"VALVULA COMPUERTA PESADA BCE. 250 LBS. 2""",material,Válvula Bronce Nacional,UND,107.84,107.84,107.84,PEN,,
0241000037,"VALVULA COMPUERTA PESADA BCE. 250 LBS. 2 1/2""",material,Válvula Bronce Nacional,UND,192.80,192.80,192.80,PEN,,
0241000038,"VALVULA COMPUERTA PESADA BCE. 250 LBS. 3""",material,Válvula Bronce Nacional,UND,269.77,269.77,269.77,PEN,,
0241000039,"VALVULA COMPUERTA PESADA BCE. 250 LBS. 4""",material,Válvula Bronce Nacional,UND,497.32,497.32,497.32,PEN,,
0241000040,"VALVULA GLOBO BRONCE 250 LBS. 3/8""",material,Válvula Bronce Nacional,UND,40.36,40.36,40.36,PEN,,
0241000041,"VALVULA GLOBO BRONCE 250 LBS. 1/2""",material,Válvula Bronce Nacional,UND,37.71,37.71,37.71,PEN,,
0241000042,"VALVULA GLOBO BRONCE 250 LBS. 3/4""",material,Válvula Bronce Nacional,UND,49.73,49.73,49.73,PEN,,
0241000043,"VALVULA GLOBO BRONCE 250 LBS. 1""",material,Válvula Bronce Nacional,UND,75.18,75.18,75.18,PEN,,
0241000044,"VALVULA GLOBO BRONCE 250 LBS. 1 1/4""",material,Válvula Bronce Nacional,UND,99.82,99.82,99.82,PEN,,
0241000045,"VALVULA GLOBO BRONCE 250 LBS. 1 1/2""",material,Válvula Bronce Nacional,UND,132.82,132.82,132.82,PEN,,
0241000046,"VALVULA GLOBO BRONCE 250 LBS. 2""",material,Válvula Bronce Nacional,UND,205.53,205.53,205.53,PEN,,
0241000047,"VALVULA GLOBO BRONCE 250 LBS. 2 1/2""",material,Válvula Bronce Nacional,UND,451.02,451.02,451.02,PEN,,
0241000048,"VALVULA GLOBO BRONCE 250 LBS. 3""",material,Válvula Bronce Nacional,UND,597.73,597.73,597.73,PEN,,
0241000049,"VALVULA GLOBO BRONCE 250 LBS. 4""",material,Válvula Bronce Nacional,UND,1029.76,1029.76,1029.76,PEN,,
0241000050,"VALVULA CHECK HORIZONTAL 1/2""",material,Válvula Bronce Nacional,UND,26.91,26.91,26.91,PEN,,
0241000051,"VALVULA CHECK HORIZONTAL 3/4""",material,Válvula Bronce Nacional,UND,49.02,49.02,49.02,PEN,,
0241000052,"VALVULA CHECK HORIZONTAL 1""",material,Válvula Bronce Nacional,UND,55.56,55.56,55.56,PEN,,
0241000053,"VALVULA CHECK HORIZONTAL 1 1/4""",material,Válvula Bronce Nacional,UND,101.19,101.19,101.19,PEN,,
0241000054,"VALVULA CHECK HORIZONTAL 1 1/2""",material,Válvula Bronce Nacional,UND,119.85,119.85,119.85,PEN,,
0241000055,"VALVULA CHECK HORIZONTAL 2""",material,Válvula Bronce Nacional,UND,196.47,196.47,196.47,PEN,,
0241000056,"VALVULA CHECK HORIZONTAL 2 1/2""",material,Válvula Bronce Nacional,UND,319.61,319.61,319.61,PEN,,
0241000057,"VALVULA CHECK SWING DE BRONCE DE 1/2""",material,Válvula Bronce Nacional,UND,31.82,31.82,31.82,PEN,,
0241000058,"VALVULA CHECK SWING DE BRONCE DE 3/4""",material,Válvula Bronce Nacional,UND,41.95,41.95,41.95,PEN,,
0241000059,"VALVULA CHECK SWING DE BRONCE DE 1""",material,Válvula Bronce Nacional,UND,60.22,60.22,60.22,PEN,,
0241000060,"VALVULA CHECK SWING DE BRONCE DE 1 1/4""",material,Válvula Bronce Nacional,UND,88.86,88.86,88.86,PEN,,
0241000061,"VALVULA CHECK SWING DE BRONCE DE 1 1/2""",material,Válvula Bronce Nacional,UND,122.92,122.92,122.92,PEN,,
0241000062,"VALVULA CHECK SWING DE BRONCE DE 2""",material,Válvula Bronce Nacional,UND,156.63,156.63,156.63,PEN,,
0241000063,"VALVULA CHECK SWING DE BRONCE DE 2 1/2""",material,Válvula Bronce Nacional,UND,333.65,333.65,333.65,PEN,,
0241000064,"VALVULA CHECK SWING DE BRONCE DE 3""",material,Válvula Bronce Nacional,UND,373.47,373.47,373.47,PEN,,
0241000065,"VALVULA CHECK SWING DE BRONCE DE 4""",material,Válvula Bronce Nacional,UND,651.23,651.23,651.23,PEN,,
0241000066,"VALVULA CHECK CANASTILLA ROSCADA DE BRONCE DE 1/2""",material,Válvula Bronce Nacional,UND,37.95,37.95,37.95,PEN,,
0241000067,"VALVULA CHECK CANASTILLA ROSCADA DE BRONCE DE 3/4""",material,Válvula Bronce Nacional,UND,43.02,43.02,43.02,PEN,,
0241000068,"VALVULA CHECK CANASTILLA ROSCADA DE BRONCE DE 1""",material,Válvula Bronce Nacional,UND,47.74,47.74,47.74,PEN,,
0241000069,"VALVULA CHECK CANASTILLA ROSCADA DE BRONCE DE 1 1/4""",material,Válvula Bronce Nacional,UND,74.13,74.13,74.13,PEN,,
0241000070,"VALVULA CHECK CANASTILLA ROSCADA DE BRONCE DE 1 1/2""",material,Válvula Bronce Nacional,UND,90.51,90.51,90.51,PEN,,
0241000071,"VALVULA CHECK CANASTILLA ROSCADA DE BRONCE DE 2""",material,Válvula Bronce Nacional,UND,131.04,131.04,131.04,PEN,,
0241000072,"VALVULA CHECK CANASTILLA ROSCADA DE BRONCE DE 2 1/2""",material,Válvula Bronce Nacional,UND,223.67,223.67,223.67,PEN,,
0241000073,"VALVULA CHECK CANASTILLA ROSCADA DE BRONCE DE 3""",material,Válvula Bronce Nacional,UND,301.22,301.22,301.22,PEN,,
0241000074,"VALVULA CHECK CANASTILLA ROSCADA DE BRONCE DE 4""",material,Válvula Bronce Nacional,UND,545.64,545.64,545.64,PEN,,
0241000075,"VALVULA CHECK CANASTILLA ROSCADA DE BRONCE DE 1/2""",material,Válvula Bronce Nacional,UND,31.31,31.31,31.31,PEN,,
0241000076,"VALVULA CHECK CANASTILLA ROSCADA DE BRONCE DE 3/4""",material,Válvula Bronce Nacional,UND,32.19,32.19,32.19,PEN,,
0241000077,"VALVULA CHECK CANASTILLA ROSCADA DE BRONCE DE 1""",material,Válvula Bronce Nacional,UND,38.33,38.33,38.33,PEN,,
0241000078,"VALVULA CHECK CANASTILLA ROSCADA DE BRONCE DE 1 1/4""",material,Válvula Bronce Nacional,UND,58.02,58.02,58.02,PEN,,
0241000079,"VALVULA CHECK CANASTILLA ROSCADA DE BRONCE DE 2""",material,Válvula Bronce Nacional,UND,111.11,111.11,111.11,PEN,,
0241000080,"VALVULA CHECK CANASTILLA ROSCADA DE BRONCE DE 2 1/2""",material,Válvula Bronce Nacional,UND,202.49,202.49,202.49,PEN,,
0242000001,"CONCRETO PREMEZCLADO C/CEMENTO TIPO I F´c=50 Kg/cm2, SLUMP 4""",material,Concreto Premezclado,M3,267.54,267.54,267.54,PEN,,
0242000002,"CONCRETO PREMEZCLADO C/CEMENTO TIPO I F´c=80 Kg/cm2, SLUMP 4""",material,Concreto Premezclado,M3,272.89,272.89,272.89,PEN,,
0242000003,"CONCRETO PREMEZCLADO C/CEMENTO TIPO I F´c=100 Kg/cm2, SLUMP 4""",material,Concreto Premezclado,M3,282.25,282.25,282.25,PEN,,
0242000004,"CONCRETO PREMEZCLADO C/CEMENTO TIPO I F´c=140 Kg/cm2, SLUMP 4""",material,Concreto Premezclado,M3,288.94,288.94,288.94,PEN,,
0242000005,"CONCRETO PREMEZCLADO C/CEMENTO TIPO I F´c=175 Kg/cm2, SLUMP 4""",material,Concreto Premezclado,M3,306.33,306.33,306.33,PEN,,
0242000006,"CONCRETO PREMEZCLADO C/CEMENTO TIPO I F´c=210 Kg/cm2, SLUMP 4""",material,Concreto Premezclado,M3,313.02,313.02,313.02,PEN,,
0242000007,"CONCRETO PREMEZCLADO C/CEMENTO TIPO I F´c=245 Kg/cm2, SLUMP 4""",material,Concreto Premezclado,M3,327.73,327.73,327.73,PEN,,
0242000008,"CONCRETO PREMEZCLADO C/CEMENTO TIPO I F´c=280 Kg/cm2, SLUMP 4""",material,Concreto Premezclado,M3,342.45,342.45,342.45,PEN,,
0242000009,"CONCRETO PREMEZCLADO C/CEMENTO TIPO I F´c=315 Kg/cm2, SLUMP 4""",material,Concreto Premezclado,M3,363.85,363.85,363.85,PEN,,
0242000010,"CONCRETO PREMEZCLADO C/CEMENTO TIPO I F´c=350 Kg/cm2, SLUMP 4""",material,Concreto Premezclado,M3,385.25,385.25,385.25,PEN,,
0242000011,"CONCRETO PREMEZCLADO C/CEMENTO TIPO I F´c=420 Kg/cm2, SLUMP 4""",material,Concreto Premezclado,M3,420.03,420.03,420.03,PEN,,
0242000012,"CONCRETO PREMEZCLADO C/CEMENTO TVPO V F´c=50 Kg/cm2, SLUMP 4""",material,Concreto Premezclado,M3,282.25,282.25,282.25,PEN,,
0242000013,"CONCRETO PREMEZCLADO C/CEMENTO TVPO V F´c=80 Kg/cm2, SLUMP 4""",material,Concreto Premezclado,M3,287.60,287.60,287.60,PEN,,
0242000014,"CONCRETO PREMEZCLADO C/CEMENTO TVPO V F´c=100 Kg/cm2, SLUMP 4""",material,Concreto Premezclado,M3,299.64,299.64,299.64,PEN,,
0242000015,"CONCRETO PREMEZCLADO C/CEMENTO TVPO V F´c=140 Kg/cm2, SLUMP 4""",material,Concreto Premezclado,M3,307.67,307.67,307.67,PEN,,
0242000016,"CONCRETO PREMEZCLADO C/CEMENTO TVPO V F´c=175 Kg/cm2, SLUMP 4""",material,Concreto Premezclado,M3,329.07,329.07,329.07,PEN,,
0242000017,"CONCRETO PREMEZCLADO C/CEMENTO TVPO V F´c=210 Kg/cm2, SLUMP 4""",material,Concreto Premezclado,M3,337.10,337.10,337.10,PEN,,
0242000018,"CONCRETO PREMEZCLADO C/CEMENTO TVPO V F´c=245 Kg/cm2, SLUMP 4""",material,Concreto Premezclado,M3,354.49,354.49,354.49,PEN,,
0242000019,"CONCRETO PREMEZCLADO C/CEMENTO TVPO V F´c=280 Kg/cm2, SLUMP 4""",material,Concreto Premezclado,M3,371.88,371.88,371.88,PEN,,
0242000020,"CONCRETO PREMEZCLADO C/CEMENTO TVPO V F´c=315 Kg/cm2, SLUMP 4""",material,Concreto Premezclado,M3,397.29,397.29,397.29,PEN,,
0242000021,"CONCRETO PREMEZCLADO C/CEMENTO TVPO V F´c=350 Kg/cm2, SLUMP 4""",material,Concreto Premezclado,M3,421.37,421.37,421.37,PEN,,
0242000022,"CONCRETO PREMEZCLADO C/CEMENTO TVPO V F´c=420 Kg/cm2, SLUMP 8""",material,Concreto Premezclado,M3,458.83,458.83,458.83,PEN,,
0242000023,"CONCRETO PREMEZCLADO SLUMP 4"" - 6"", 140 A 210Kg/cm2",material,Concreto Premezclado,M3,5.35,5.35,5.35,PEN,,
0242000024,"CONCRETO PREMEZCLADO SLUMP 4"" - 6"", 245 A 280Kg/cm2",material,Concreto Premezclado,M3,6.69,6.69,6.69,PEN,,
0242000025,"CONCRETO PREMEZCLADO SLUMP 4"" - 6"", 350Kg/cm2",material,Concreto Premezclado,M3,8.03,8.03,8.03,PEN,,
0242000026,"CONCRETO PREMEZCLADO SLUMP 6"" - 8"", 140 A 210Kg/cm2",material,Concreto Premezclado,M3,13.38,13.38,13.38,PEN,,
0242000027,"CONCRETO PREMEZCLADO SLUMP 6"" - 8"", 245 A 280Kg/cm2",material,Concreto Premezclado,M3,16.05,16.05,16.05,PEN,,
0242000028,"CONCRETO PREMEZCLADO SLUMP 6"" - 8"", 350Kg/cm2",material,Concreto Premezclado,M3,18.73,18.73,18.73,PEN,,
0242000029,"CONCRETO PREMEZCLADO SLUMP > 8"", 140 A 210Kg/cm2",material,Concreto Premezclado,M3,16.05,16.05,16.05,PEN,,
0242000030,"CONCRETO PREMEZCLADO SLUMP > 8"", 245 A 280Kg/cm2",material,Concreto Premezclado,M3,17.39,17.39,17.39,PEN,,
0242000031,"CONCRETO PREMEZCLADO SLUMP > 8"", 350Kg/cm2",material,Concreto Premezclado,M3,21.40,21.40,21.40,PEN,,
0242000032,"SERVICIO DE BOMBA PLUMA, ALCANCE VERTICAL DE 60 A 250m, HORIZONTAL 130 A 600m",material,Concreto Premezclado,M3,45.16,45.16,45.16,PEN,,
0242000033,"SERVICIO DE BOMBA PLUMA, ALCANCE VERTICAL DE 80 A 160m, HORIZONTAL 450 A 650m",material,Concreto Premezclado,M3,48.32,48.32,48.32,PEN,,
0242000034,"SERVICIO DE BOMBA TK, ALCANCE VERTICAL DE 90 A 122m, HORIZONTAL 300 A 350m",material,Concreto Premezclado,M3,46.59,46.59,46.59,PEN,,
0143000001,CAPATAZ,labor,Mano de Obra,HH,32.96,32.96,32.96,PEN,,capataz
0143000002,OFICIAL,labor,Mano de Obra,HH,21.88,21.88,21.88,PEN,,oficial
0143000003,OPERARIO EQUIPO MEDIANO,labor,Mano de Obra,HH,28.76,28.76,28.76,PEN,,operario
0143000004,OPERARIO,labor,Mano de Obra,HH,27.81,27.81,27.81,PEN,,operario
0143000005,OPERARIO EQUIPO PESADO,labor,Mano de Obra,HH,29.01,29.01,29.01,PEN,,operario
0143000006,OPERARIO ELECTROMECÁNICO,labor,Mano de Obra,HH,29.60,29.60,29.60,PEN,,operario
0143000007,PEÓN,labor,Mano de Obra,HH,19.80,19.80,19.80,PEN,,peon
0143000008,OPERARIO SOLDADOR,labor,Mano de Obra,HH,29.96,29.96,29.96,PEN,,operario
0143000009,OPERARIO TOPÓGRAFO,labor,Mano de Obra,HH,28.99,28.99,28.99,PEN,,operario
0344000001,COMPRESORAS NEUMATICAS 76HP 125-175PCM,equipment,Equipos para Perforación,HM,95.28,95.28,95.28,PEN,,
0344000002,COMPRESORAS NEUMATICAS 87HP 250-330PCM,equipment,Equipos para Perforación,HM,113.62,113.62,113.62,PEN,,
0344000003,COMPRESORAS NEUMATICAS 93HP 335-375PCM,equipment,Equipos para Perforación,HM,151.76,151.76,151.76,PEN,,
0344000004,COMPRESORAS NEUMATICAS 150HP 380-590PCM,equipment,Equipos para Perforación,HM,214.28,214.28,214.28,PEN,,
0344000005,COMPRESORAS NEUMATICAS 196HP 600-690PCM,equipment,Equipos para Perforación,HM,239.92,239.92,239.92,PEN,,
0344000006,COMPRESORAS NEUMATICAS 240HP 700-800PCM,equipment,Equipos para Perforación,HM,287.46,287.46,287.46,PEN,,
0344000007,MARTILLOS NEUMATICOS 21-24KG,equipment,Equipos para Perforación,HM,5.35,5.35,5.35,PEN,,
0344000008,MARTILLOS NEUMATICOS 25-29KG,equipment,Equipos para Perforación,HM,6.31,6.31,6.31,PEN,,
0344000009,MOTOPERFORADORA 1400RPM 185CC,equipment,Equipos para Perforación,HM,13.64,13.64,13.64,PEN,,
0344000010,PERFORADORA SOBRE ORUGAS 660-690PCM,equipment,Equipos para Perforación,HM,105.77,105.77,105.77,PEN,,
0345000001,CARGADORES SOBRE ORUGA 110-135HP 2.0-2.25Yd3,equipment,Equipo para Movimiento de Tierra,HM,259.92,259.92,259.92,PEN,,
0345000002,CARGADORES SOBRE ORUGA 150-180HP 2.5-2.75Yd3,equipment,Equipo para Movimiento de Tierra,HM,320.28,320.28,320.28,PEN,,
0345000003,CARGADORES SOBRE ORUGA 190-225HP 3.2-3.75Yd3,equipment,Equipo para Movimiento de Tierra,HM,423.66,423.66,423.66,PEN,,
0345000004,CARGADORES SOBRE ORUGA 245HP 4.0-6.0Yd3,equipment,Equipo para Movimiento de Tierra,HM,502.49,502.49,502.49,PEN,,
0345000005,CARGADOR RETROEXCAVADOR 62HP 1.0Yd3,equipment,Equipo para Movimiento de Tierra,HM,161.64,161.64,161.64,PEN,,
0345000006,CARGADORES SOBRE LLANTAS 80-95HP 1.5-1.75Yd3,equipment,Equipo para Movimiento de Tierra,HM,184.02,184.02,184.02,PEN,,
0345000007,CARGADORES SOBRE LLANTAS 100-115HP 2.0-2.35Yd3,equipment,Equipo para Movimiento de Tierra,HM,205.33,205.33,205.33,PEN,,
0345000008,CARGADORES SOBRE LLANTAS 100-125HP 2.5Yd3,equipment,Equipo para Movimiento de Tierra,HM,208.59,208.59,208.59,PEN,,
0345000009,CARGADORES SOBRE LLANTAS 125-155HP 3Yd3,equipment,Equipo para Movimiento de Tierra,HM,243.36,243.36,243.36,PEN,,
0345000010,CARGADORES SOBRE LLANTAS 160-195HP 3.5Yd3,equipment,Equipo para Movimiento de Tierra,HM,283.32,283.32,283.32,PEN,,
0345000011,CARGADORES SOBRE LLANTAS 200-250HP 4.0 - 4.1Yd3,equipment,Equipo para Movimiento de Tierra,HM,322.67,322.67,322.67,PEN,,
0345000012,CARGADORES SOBRE LLANTAS 200-260HP 4.6Yd3,equipment,Equipo para Movimiento de Tierra,HM,370.97,370.97,370.97,PEN,,
0345000013,CARGADORES SOBRE LLANTAS 260-300HP 5.0-5.50Yd3,equipment,Equipo para Movimiento de Tierra,HM,462.21,462.21,462.21,PEN,,
0345000014,CARGADORES SOBRE LLANTAS 375HP 8Yd3,equipment,Equipo para Movimiento de Tierra,HM,568.28,568.28,568.28,PEN,,
0345000015,MOTOTRAILLAS AUTOCARGABLES 140-210HP 11.0Yd3,equipment,Equipo para Movimiento de Tierra,HM,365.61,365.61,365.61,PEN,,
0345000016,MOTOTRAILLAS AUTOCARGABLES 210-300HP 16.0Yd3,equipment,Equipo para Movimiento de Tierra,HM,448.72,448.72,448.72,PEN,,
0345000017,MOTOTRAILLAS AUTOCARGABLES 310-350HP 23Yd3,equipment,Equipo para Movimiento de Tierra,HM,484.45,484.45,484.45,PEN,,
0345000018,MOTOTRAILLAS CARGABLES 310-400HP 14-20Yd3,equipment,Equipo para Movimiento de Tierra,HM,522.79,522.79,522.79,PEN,,
0345000019,MOTOTRAILLAS CARGABLES 405-480HP 21-31Yd3,equipment,Equipo para Movimiento de Tierra,HM,637.42,637.42,637.42,PEN,,
0345000020,EXCAVADORA SOBRE LLANTAS 58HP 1Yd3,equipment,Equipo para Movimiento de Tierra,HM,168.29,168.29,168.29,PEN,,
0345000021,EXCAVADORA SOBRE ORUGAS 80-110HP 0.50-1.3Yd3,equipment,Equipo para Movimiento de Tierra,HM,210.60,210.60,210.60,PEN,,
0345000022,EXCAVADORA SOBRE ORUGAS 115-165HP 0.75-1.60Yd3,equipment,Equipo para Movimiento de Tierra,HM,302.19,302.19,302.19,PEN,,
0345000023,EXCAVADORA SOBRE ORUGAS 170-250HP 1.10-2.75Yd3,equipment,Equipo para Movimiento de Tierra,HM,420.32,420.32,420.32,PEN,,
0345000024,EXCAVADORA SOBRE ORUGAS 325HP 2.0-3.8Yd3,equipment,Equipo para Movimiento de Tierra,HM,584.03,584.03,584.03,PEN,,
0345000025,EXCAVADORA SOBRE ORUGAS 330HP 2.5Yd3,equipment,Equipo para Movimiento de Tierra,HM,594.56,594.56,594.56,PEN,,
0345000026,EXCAVADORA SOBRE ORUGAS 385HP 3.5Yd3,equipment,Equipo para Movimiento de Tierra,HM,655.80,655.80,655.80,PEN,,
0345000027,MINICARGADOR (bobcat) 70HP 0.5Yd3,equipment,Equipo para Movimiento de Tierra,HM,121.42,121.42,121.42,PEN,,
0345000028,TRACTORES SOBRE ORUGAS 60-70HP,equipment,Equipo para Movimiento de Tierra,HM,182.97,182.97,182.97,PEN,,
0345000029,TRACTORES SOBRE ORUGAS 75-100HP,equipment,Equipo para Movimiento de Tierra,HM,213.56,213.56,213.56,PEN,,
0345000030,TRACTORES SOBRE ORUGAS 105-135HP,equipment,Equipo para Movimiento de Tierra,HM,309.88,309.88,309.88,PEN,,
0345000031,TRACTORES SOBRE ORUGAS 140-160HP,equipment,Equipo para Movimiento de Tierra,HM,339.05,339.05,339.05,PEN,,
0345000032,TRACTORES SOBRE ORUGAS 190-240HP,equipment,Equipo para Movimiento de Tierra,HM,463.20,463.20,463.20,PEN,,
0345000033,TRACTORES SOBRE ORUGAS 270-295HP,equipment,Equipo para Movimiento de Tierra,HM,562.91,562.91,562.91,PEN,,
0345000034,TRACTORES SOBRE ORUGAS 310HP,equipment,Equipo para Movimiento de Tierra,HM,590.11,590.11,590.11,PEN,,
0345000035,TRACTORES SOBRE ORUGAS 335-410HP,equipment,Equipo para Movimiento de Tierra,HM,763.66,763.66,763.66,PEN,,
0345000036,TRACTORES SOBRE LLANTAS 200-250HP,equipment,Equipo para Movimiento de Tierra,HM,413.71,413.71,413.71,PEN,,
0345000037,TRACTORES SOBRE LLANTAS 300-350HP,equipment,Equipo para Movimiento de Tierra,HM,611.58,611.58,611.58,PEN,,
0345000038,TRACTORES SOBRE LLANTAS 400-500HP,equipment,Equipo para Movimiento de Tierra,HM,893.06,893.06,893.06,PEN,,
0346000001,VIBRADOR DE CONCRETO 4HP 1.25Plg.,equipment,Equipo de Compactación,HM,6.88,6.88,6.88,PEN,,
0346000002,VIBRADOR DE CONCRETO 4HP 1.50Plg.,equipment,Equipo de Compactación,HM,6.98,6.98,6.98,PEN,,
0346000003,VIBRADOR DE CONCRETO 4HP 2.40Plg.,equipment,Equipo de Compactación,HM,7.19,7.19,7.19,PEN,,
0346000004,COMPACTADOR VIB. TIPO PLANCHA 4HP,equipment,Equipo de Compactación,HM,38.01,38.01,38.01,PEN,,
0346000005,COMPACTADOR VIB. TIPO PLANCHA 5.8HP,equipment,Equipo de Compactación,HM,40.71,40.71,40.71,PEN,,
0346000006,COMPACTADOR VIB. TIPO PLANCHA 7HP,equipment,Equipo de Compactación,HM,44.03,44.03,44.03,PEN,,
0346000007,ROD. LISO VIBRAT. MANUAL 10.8HP 0.8 - 1.1Tn.,equipment,Equipo de Compactación,HM,49.47,49.47,49.47,PEN,,
0346000008,RODILLO VIB. LISO AUTOPROPULSADO 70-100HP 7-9Tn.,equipment,Equipo de Compactación,HM,136.72,136.72,136.72,PEN,,
0346000009,RODILLO VIB. LISO AUTOPROPULSADO 101-135HP 10-12Tn.,equipment,Equipo de Compactación,HM,211.60,211.60,211.60,PEN,,
0346000010,RODILLO VIB. LISO AUTOPROPULSADO 136-170HP 15-17Tn.,equipment,Equipo de Compactación,HM,263.22,263.22,263.22,PEN,,
0346000011,RODILLO VIB. LISO AUTOPROPULSADO 210HP 19-23Tn.,equipment,Equipo de Compactación,HM,298.25,298.25,298.25,PEN,,
0346000012,RODILLO VIB. LISO DE TIRO 50-80HP 4-5.5Tn.,equipment,Equipo de Compactación,HM,87.39,87.39,87.39,PEN,,
0346000013,RODILLO NEUMATICO AUTOPROPULSADO 60-80HP 3.0-5.0Tn.,equipment,Equipo de Compactación,HM,142.03,142.03,142.03,PEN,,
0346000014,RODILLO NEUMATICO AUTOPROPULSADO 81-100HP 5.5-20Tn.,equipment,Equipo de Compactación,HM,173.10,173.10,173.10,PEN,,
0346000015,RODILLO NEUMATICO AUTOPROPULSADO 127HP 8.24Tn.,equipment,Equipo de Compactación,HM,195.01,195.01,195.01,PEN,,
0346000016,RODILLO NEUMATICO AUTOPROPULSADO 135HP 9.00Tn.,equipment,Equipo de Compactación,HM,199.63,199.63,199.63,PEN,,
0346000017,RODILLO PATA DE CABRA VIB. AUTO 84HP 8.1Tn.,equipment,Equipo de Compactación,HM,113.72,113.72,113.72,PEN,,
0346000018,RODILLO PATA DE CABRA VIB. AUTO 100-135HP 11-13Tn.,equipment,Equipo de Compactación,HM,213.23,213.23,213.23,PEN,,
0346000019,RODILLO PATA DE CABRA VIB. AUTO 136-180HP 15-17Tn.,equipment,Equipo de Compactación,HM,277.75,277.75,277.75,PEN,,
0347000001,"CHANCADORA PRIMARIA 15x24"" M.E. 30 HP 46-70Tn/Hr.",equipment,Equipos Productores de Agregado,HM,86.23,86.23,86.23,PEN,,
0347000002,"CHANCADORA PRIMARIA 30x42""",equipment,Equipos Productores de Agregado,HM,252.86,252.86,252.86,PEN,,
0347000003,"CHANCADORA SECUNDARIA 24""S M.E. 30 HP 46-70Tn/Hr.",equipment,Equipos Productores de Agregado,HM,90.92,90.92,90.92,PEN,,
0347000004,"CHANCADORA SECUNDARIA 36""S M.E. 75 HP 46-70Tn/Hr.",equipment,Equipos Productores de Agregado,HM,101.45,101.45,101.45,PEN,,
0347000005,CHANCADORA SECUNDARIA C/CONO 4 1/4' M.E. 200 HP,equipment,Equipos Productores de Agregado,HM,132.91,132.91,132.91,PEN,,
0347000006,CHANCADORA CONICA + ZARANDA M.E. 200 HP,equipment,Equipos Productores de Agregado,HM,288.44,288.44,288.44,PEN,,
0347000007,"ZARANDA VIBRATORIA 4"" x 6"" x 14' M.E. 15 HP",equipment,Equipos Productores de Agregado,HM,61.86,61.86,61.86,PEN,,
0347000008,"FAJA TRANSPORTADORA 18"" x 40"" M.E.3 HP 150T/H",equipment,Equipos Productores de Agregado,HM,7.27,7.27,7.27,PEN,,
0347000009,"FAJA TRANSPORTADORA 18"" x 50"" M.E.3 HP 150T/H",equipment,Equipos Productores de Agregado,HM,7.27,7.27,7.27,PEN,,
0347000010,"FAJA TRANSPORTADORA 30"" x 40"" M.E.5 HP 550T/H",equipment,Equipos Productores de Agregado,HM,10.85,10.85,10.85,PEN,,
0347000011,"FAJA TRANSPORTADORA 30"" x 50"" M.E.5 HP 550T/H",equipment,Equipos Productores de Agregado,HM,10.85,10.85,10.85,PEN,,
0347000012,"FAJA TRANSPORTADORA 30"" x 60"" M.E.7.5 HP 800T/H",equipment,Equipos Productores de Agregado,HM,11.42,11.42,11.42,PEN,,
0348000001,DOSIFICADORA CONCRETO M.E. 40 HP 50M3/Hr.,equipment,Equipos para Obra de Concreto,HM,107.87,107.87,107.87,PEN,,
0348000002,DOSIFICADORA CONCRETO M.E. 45 HP 50-90M3/Hr.,equipment,Equipos para Obra de Concreto,HM,131.87,131.87,131.87,PEN,,
0348000003,DOSIFICADORA CONCRETO M.E. 60 HP 120M3/Hr.,equipment,Equipos para Obra de Concreto,HM,147.23,147.23,147.23,PEN,,
0348000004,MEZCL.CONCRETO TIPO TROMPO 8HP 9Pie 3,equipment,Equipos para Obra de Concreto,HM,4.31,4.31,4.31,PEN,,
0348000005,MEZCLADORA DE CONCRETO TIPO TAMBOR 18HP 11-13Pie 3,equipment,Equipos para Obra de Concreto,HM,11.98,11.98,11.98,PEN,,
0348000006,MEZCLADORA DE CONCRETO TIPO TAMBOR 20-35HP 16Pie 3,equipment,Equipos para Obra de Concreto,HM,8.41,8.41,8.41,PEN,,
0349000001,MOTONIVELADORA 125HP,equipment,Equipos para Refine y Afirmado,HM,222.00,222.00,222.00,PEN,,
0349000002,MOTONIVELADORA 130-135HP,equipment,Equipos para Refine y Afirmado,HM,245.87,245.87,245.87,PEN,,
0349000003,MOTONIVELADORA 145-150HP,equipment,Equipos para Refine y Afirmado,HM,284.00,284.00,284.00,PEN,,
0349000004,MOTONIVELADORA 180-200HP,equipment,Equipos para Refine y Afirmado,HM,304.87,304.87,304.87,PEN,,
0350000001,COCINA DE ASFALTO 320 Gln,equipment,Equipos para Pavimentación,HM,91.16,91.16,91.16,PEN,,
0350000002,BARREDORA MECANICA 7 Pulg. Lon,equipment,Equipos para Pavimentación,HM,71.02,71.02,71.02,PEN,,
0350000003,CALENTADOR DE ACEITE 48-S 468 Pie 3,equipment,Equipos para Pavimentación,HM,25.64,25.64,25.64,PEN,,
0350000004,SECADOR DE ARIDOS 30-64 Tn/Hr.,equipment,Equipos para Pavimentación,HM,36.27,36.27,36.27,PEN,,
0350000005,SECADOR DE ARIDOS 60-115 Tn/Hr.,equipment,Equipos para Pavimentación,HM,53.77,53.77,53.77,PEN,,
0350000006,PLANTA DE ASFALTO EN CALIENTE 150 Tn/Hr.,equipment,Equipos para Pavimentación,HM,368.29,368.29,368.29,PEN,,
0350000007,PLANTA DE ASFALTO EN CALIENTE (CIFALI) 90-120 Tn/Hr.,equipment,Equipos para Pavimentación,HM,623.57,623.57,623.57,PEN,,
0350000008,PAVIMENTADORA SOBRE ORUGAS 105HP 10 Pulg.,equipment,Equipos para Pavimentación,HM,210.25,210.25,210.25,PEN,,
0350000009,PAVIMENTADORA SOBRE ORUGAS 224HP 10 Pulg.,equipment,Equipos para Pavimentación,HM,398.40,398.40,398.40,PEN,,
0350000010,RECICLADORA EN FRIO 396HP 295 Kw,equipment,Equipos para Pavimentación,HM,875.68,875.68,875.68,PEN,,
0351000001,CAMIONETA 4X4 PICK-UP CABINA SIMPLE 148HP 3 Pasajeros,equipment,Vehículos,HM,144.82,144.82,144.82,PEN,,
0351000002,CAMIONETA 4X4 PICK-UP TURBO DOBLE CABINA 170HP 5 Pasajeros,equipment,Vehículos,HM,181.30,181.30,181.30,PEN,,
0351000003,CAMIONETA 4X2 PICK-UP CABINA SIMPLE 84HP 5 Pasajeros,equipment,Vehículos,HM,68.28,68.28,68.28,PEN,,
0351000004,CAMIONETA 4X2 PICK-UP DOBLE CABINA 84HP 5 Pasajeros,equipment,Vehículos,HM,101.41,101.41,101.41,PEN,,
0351000005,CAMIONETA STATION WAGON 4X2 84HP 5 Pasajeros,equipment,Vehículos,HM,104.36,104.36,104.36,PEN,,
0351000006,CAMION IMPRIMADOR 210HP 2000 gln,equipment,Vehículos,HM,214.30,214.30,214.30,PEN,,
0351000007,CAMION CISTERNA 4X2 (AGUA) 122HP 1500 gln,equipment,Vehículos,HM,167.61,167.61,167.61,PEN,,
0351000008,CAMION CISTERNA 4X2 (AGUA) 145-165HP 2000 gln,equipment,Vehículos,HM,199.71,199.71,199.71,PEN,,
0351000009,CAMION CISTERNA 4X2 (AGUA) 178-210HP 3000 gln,equipment,Vehículos,HM,235.60,235.60,235.60,PEN,,
0351000010,CAMION CISTERNA 4X2 (COMBUSTIBLE) 122HP 2000 gln,equipment,Vehículos,HM,189.51,189.51,189.51,PEN,,
0351000011,CAMION CISTERNA 4X2 (ASFALTO) 178-210HP 2000 gln,equipment,Vehículos,HM,235.56,235.56,235.56,PEN,,
0351000012,CAMION CONCRETERO 300HP 8 M3,equipment,Vehículos,HM,368.24,368.24,368.24,PEN,,
0351000013,CAMION CONCRETERO 330HP 10 M3,equipment,Vehículos,HM,386.06,386.06,386.06,PEN,,
0351000014,CAMION CONCRETERO 330HP 12 M3,equipment,Vehículos,HM,393.65,393.65,393.65,PEN,,
0351000015,CAMION CONCRETERO 4X2 122HP 8 Ton,equipment,Vehículos,HM,173.21,173.21,173.21,PEN,,
0351000016,CAMION CONCRETERO 4X2 178-210HP 12 Ton,equipment,Vehículos,HM,238.61,238.61,238.61,PEN,,
0351000017,CAMION CONCRETERO 6X4 300HP 19 Ton,equipment,Vehículos,HM,327.03,327.03,327.03,PEN,,
0351000018,CAMION CONCRETERO 6X4 330HP 35 Ton,equipment,Vehículos,HM,343.47,343.47,343.47,PEN,,
0351000019,CAMION CONCRETERO 6X4 330HP 40 Ton,equipment,Vehículos,HM,343.47,343.47,343.47,PEN,,
0351000020,CAMION DUMPER 6X4 145-240HP 12 m3,equipment,Vehículos,HM,351.02,351.02,351.02,PEN,,
0351000021,CAMION DUMPER 6X6 145-240HP 13 m3,equipment,Vehículos,HM,326.56,326.56,326.56,PEN,,
0351000022,CAMION IMPRIMADOR 6X2 178-210HP 2000 gln,equipment,Vehículos,HM,320.47,320.47,320.47,PEN,,
0351000023,CAMION PLATAFORMA 4X2 122HP 8 Tn.,equipment,Vehículos,HM,173.21,173.21,173.21,PEN,,
0351000024,CAMION PLATAFORMA 4X2 178-210HP 12 Tn.,equipment,Vehículos,HM,238.61,238.61,238.61,PEN,,
0351000025,CAMION PLATAFORMA 6X4 300HP 19 Tn.,equipment,Vehículos,HM,327.03,327.03,327.03,PEN,,
0351000026,SEMI-TRAYLER 6X4 330HP 35 Tn.,equipment,Vehículos,HM,343.47,343.47,343.47,PEN,,
0351000027,SEMI-TRAYLER 6X4 330HP 40 Tn.,equipment,Vehículos,HM,343.47,343.47,343.47,PEN,,
0351000028,CAMION VOLQUETE 4X2 120-140HP 4 M3,equipment,Vehículos,HM,254.36,254.36,254.36,PEN,,
0351000029,CAMION VOLQUETE 4X2 140-210HP 6 M3,equipment,Vehículos,HM,317.35,317.35,317.35,PEN,,
0351000030,CAMION VOLQUETE 4X2 210-280HP 8 M3,equipment,Vehículos,HM,291.35,291.35,291.35,PEN,,
0351000031,CAMION VOLQUETE 6X4 330HP 10 M3,equipment,Vehículos,HM,330.80,330.80,330.80,PEN,,
0351000032,CAMION VOLQUETE 6X4 330HP 12 M3,equipment,Vehículos,HM,339.48,339.48,339.48,PEN,,
0351000033,CAMION VOLQUETE 6X4 330HP 15 M3,equipment,Vehículos,HM,360.08,360.08,360.08,PEN,,
0352000001,GRUPO ELECTROGENO 89HP 50Kw,equipment,Equipo Diverso,HM,160.16,160.16,160.16,PEN,,
0352000002,GRUPO ELECTROGENO 116HP 75Kw,equipment,Equipo Diverso,HM,188.54,188.54,188.54,PEN,,
0352000003,GRUPO ELECTROGENO 140HP 90Kw,equipment,Equipo Diverso,HM,209.71,209.71,209.71,PEN,,
0352000004,GRUPO ELECTROGENO 230HP 150Kw,equipment,Equipo Diverso,HM,232.76,232.76,232.76,PEN,,
0352000005,GRUPO ELECTROGENO 380HP 250Kw,equipment,Equipo Diverso,HM,269.74,269.74,269.74,PEN,,
0352000006,GRUPO ELECTROGENO 480HP 300Kw,equipment,Equipo Diverso,HM,333.57,333.57,333.57,PEN,,
0352000007,MONTACARGAS 68HP 3tn.,equipment,Equipo Diverso,HM,101.73,101.73,101.73,PEN,,
0352000008,MONTACARGAS 80HP 5tn.,equipment,Equipo Diverso,HM,124.39,124.39,124.39,PEN,,
0352000009,MONTACARGAS 94HP 7.5tn.,equipment,Equipo Diverso,HM,149.00,149.00,149.00,PEN,,
0352000010,MOTOBOMBAS (Gasolina) 7-10HP 3-4Plg.,equipment,Equipo Diverso,HM,10.72,10.72,10.72,PEN,,
0352000011,MOTOBOMBAS (Petróleo) 12HP 4Plg.,equipment,Equipo Diverso,HM,29.35,29.35,29.35,PEN,,
0352000012,MOTOBOMBAS (Petróleo) 17HP 6Plg.,equipment,Equipo Diverso,HM,43.38,43.38,43.38,PEN,,
0352000013,MOTOBOMBAS (Petróleo) 34HP 8Plg.,equipment,Equipo Diverso,HM,86.36,86.36,86.36,PEN,,
0352000014,TRACTOR DE TIRO MF 290/4 80HP,equipment,Equipo Diverso,HM,109.43,109.43,109.43,PEN,,
0352000015,TRACTOR DE TIRO MF 296-B 115HP,equipment,Equipo Diverso,HM,136.66,136.66,136.66,PEN,,
0352000016,TRACTOR DE TIRO MF 2725/4 158HP,equipment,Equipo Diverso,HM,181.54,181.54,181.54,PEN,,
0352000017,AUTOHORMIGUERAS 2.5 FX 85HP 2.5 m3,equipment,Equipo Diverso,HM,143.26,143.26,143.26,PEN,,
0352000018,AUTOHORMIGUERAS 3.5 T4 85HP 3.5 m3,equipment,Equipo Diverso,HM,149.65,149.65,149.65,PEN,,
0352000019,AUTOHORMIGUERAS 3.5 TT 111HP 3.5 m3,equipment,Equipo Diverso,HM,176.08,176.08,176.08,PEN,,
0352000020,AUTOHORMIGUERAS 5.5 XL 150HP 5.5 m3,equipment,Equipo Diverso,HM,206.83,206.83,206.83,PEN,,
0352000021,TORRES DE ILUMINACION 4Kw,equipment,Equipo Diverso,HM,42.77,42.77,42.77,PEN,,
0352000022,TORRES DE ILUMINACION 5Kw,equipment,Equipo Diverso,HM,43.28,43.28,43.28,PEN,,
0352000023,TORRES DE ILUMINACION 6Kw,equipment,Equipo Diverso,HM,43.80,43.80,43.80,PEN,,
0352000024,TORRES DE ILUMINACION 8Kw,equipment,Equipo Diverso,HM,58.54,58.54,58.54,PEN,,
0353000001,SOLDADORA ELECTRICA 295A MONOFASICA6,equipment,Equipos y Herramientas Livianas,HM,9.88,9.88,9.88,PEN,,
0353000002,"EQUIPO OXICORTE, INC. ACC.(MANG., OXI, ETC)",equipment,Equipos y Herramientas Livianas,HM,10.45,10.45,10.45,PEN,,
0353000003,"TALADRO 1 7/8""",equipment,Equipos y Herramientas Livianas,HM,7.55,7.55,7.55,PEN,,
0353000004,"TARRAJA ELECTRICA 1 1/4""@ 4"" 0.5HP 220 Vol",equipment,Equipos y Herramientas Livianas,HM,10.68,10.68,10.68,PEN,,
0353000005,"TARRAJA MANUAL 1 1/2""@ 2 1/2"", INC. ACC.",equipment,Equipos y Herramientas Livianas,HM,4.53,4.53,4.53,PEN,,
0353000006,"DOBLADOR DE TUBOS, HASTA 12""",equipment,Equipos y Herramientas Livianas,HM,7.26,7.26,7.26,PEN,,
0353000007,"BOMBA DE PRESION MANUAL, INC. ACC. 330 PSI",equipment,Equipos y Herramientas Livianas,HM,2.45,2.45,2.45,PEN,,
0353000008,ESMERIL DE BANCO ELECTRICO,equipment,Equipos y Herramientas Livianas,HM,3.55,3.55,3.55,PEN,,
0354000001,GPS,equipment,Equipo de Precisión,HM,8.55,8.55,8.55,PEN,,
0354000002,TEODOLITO,equipment,Equipo de Precisión,HM,18.95,18.95,18.95,PEN,,
0354000003,ESTACION TOTAL LEICA TCA,equipment,Equipo de Precisión,HM,24.53,24.53,24.53,PEN,,
0354000004,NIVEL TOPOGRAFICO,equipment,Equipo de Precisión,HM,15.29,15.29,15.29,PEN,,
0354000005,MIRA TOPOGRAFICA,equipment,Equipo de Precisión,HM,3.72,3.72,3.72,PEN,,
0354000006,JALONES,equipment,Equipo de Precisión,HM,3.36,3.36,3.36,PEN,,
